video,clase_videos,etiqueta_videos,clase_clasificacion,clase_agrupada,classification_present,class_match,filename_class,filename_rule,filename_matches_df_videos
Fortnite 2026.08.06 - 17.51.47.62.Eliminación.DVR.mp4,Eliminacion,1,Eliminación,Eliminación,True,True,Eliminacion,eliminacion_o_variante,True
Fortnite 2025.11.09 - 17.12.38.74.Victoria.DVR.mp4,Victoria,2,,,False,False,Victoria,victoria_explicita,True
Fortnite 2025.12.11 - 21.10.08.08.Eliminación.DVR.mp4,Eliminacion,1,Eliminación,Eliminación,True,True,Eliminacion,eliminacion_o_variante,True
Fortnite 2025.12.11 - 21.10.17.09.Eliminación.DVR.mp4,Eliminacion,1,Eliminación,Eliminación,True,True,Eliminacion,eliminacion_o_variante,True
Fortnite 2025.12.11 - 21.17.03.10.Eliminación.DVR.mp4,Eliminacion,1,Eliminación,Eliminación,True,True,Eliminacion,eliminacion_o_variante,True
Fortnite 2025.12.11 - 21.23.44.11.Abajo.DVR.mp4,Eliminacion,1,Abajo,Eliminación,True,True,unknown,abajo_ambiguo,True
Fortnite 2025.12.11 - 21.23.52.12.Eliminación.DVR.mp4,Eliminacion,1,Eliminación,Eliminación,True,True,Eliminacion,eliminacion_o_variante,True
Fortnite 2025.12.11 - 21.24.16.13.Eliminación.DVR.mp4,Eliminacion,1,Eliminación,Eliminación,True,True,Eliminacion,eliminacion_o_variante,True
Fortnite 2025.12.11 - 21.25.03.14.Eliminación.DVR.mp4,Eliminacion,1,Eliminación,Eliminación,True,True,Eliminacion,eliminacion_o_variante,True
Fortnite 2025.12.11 - 21.25.08.15.Eliminación.DVR.mp4,Eliminacion,1,Eliminación,Eliminación,True,True,Eliminacion,eliminacion_o_variante,True
Fortnite 2025.12.11 - 21.26.17.16.Victoria.DVR.mp4,Victoria,2,,,False,False,Victoria,victoria_explicita,True
Fortnite 2025.12.20 - 18.56.36.02.Eliminación.DVR.mp4,Eliminacion,1,Eliminación,Eliminación,True,True,Eliminacion,eliminacion_o_variante,True
Fortnite 2025.12.20 - 18.59.26.03.Eliminación.DVR.mp4,Eliminacion,1,Eliminación,Eliminación,True,True,Eliminacion,eliminacion_o_variante,True
Fortnite 2025.12.20 - 18.59.45.04.Eliminación.DVR.mp4,Eliminacion,1,Eliminación,Eliminación,True,True,Eliminacion,eliminacion_o_variante,True
Fortnite 2025.12.20 - 19.04.10.05.Eliminación.DVR.mp4,Eliminacion,1,Eliminación,Eliminación,True,True,Eliminacion,eliminacion_o_variante,True
Fortnite 2025.12.20 - 19.05.37.06.Abajo.DVR.mp4,Eliminacion,1,Abajo,Eliminación,True,True,unknown,abajo_ambiguo,True
Fortnite 2025.12.20 - 19.05.44.07.Eliminación.DVR.mp4,Eliminacion,1,Eliminación,Eliminación,True,True,Eliminacion,eliminacion_o_variante,True
Fortnite 2025.12.20 - 19.06.17.08.Eliminación.DVR.mp4,Eliminacion,1,Eliminación,Eliminación,True,True,Eliminacion,eliminacion_o_variante,True
Fortnite 2025.12.20 - 19.16.15.09.Abajo.DVR.mp4,Eliminacion,1,Abajo,Eliminación,True,True,unknown,abajo_ambiguo,True
Fortnite 2025.12.20 - 19.16.22.10.Eliminación.DVR.mp4,Eliminacion,1,Eliminación,Eliminación,True,True,Eliminacion,eliminacion_o_variante,True
Fortnite 2025.12.20 - 19.16.56.11.Eliminación.DVR.mp4,Eliminacion,1,Eliminación,Eliminación,True,True,Eliminacion,eliminacion_o_variante,True
Fortnite 2025.12.20 - 19.22.24.13.Eliminación.DVR.mp4,Eliminacion,1,Eliminación,Eliminación,True,True,Eliminacion,eliminacion_o_variante,True
Fortnite 2025.12.20 - 19.22.29.14.Eliminación.DVR.mp4,Eliminacion,1,Eliminación,Eliminación,True,True,Eliminacion,eliminacion_o_variante,True
Fortnite 2025.12.20 - 19.22.54.15.Eliminación.DVR.mp4,Eliminacion,1,Eliminación,Eliminación,True,True,Eliminacion,eliminacion_o_variante,True
Fortnite 2025.12.20 - 19.26.06.16.Eliminación.DVR.mp4,Eliminacion,1,Eliminación,Eliminación,True,True,Eliminacion,eliminacion_o_variante,True
Fortnite 2025.12.20 - 19.38.48.17.Eliminación.DVR.mp4,Eliminacion,1,Eliminación,Eliminación,True,True,Eliminacion,eliminacion_o_variante,True
Fortnite 2025.12.20 - 19.39.45.18.Victoria.DVR.mp4,Victoria,2,,,False,False,Victoria,victoria_explicita,True
Fortnite 2025.12.21 - 09.26.45.02.Eliminación.DVR.mp4,Eliminacion,1,Eliminación,Eliminación,True,True,Eliminacion,eliminacion_o_variante,True
Fortnite 2025.12.21 - 09.28.11.03.Eliminación.DVR.mp4,Eliminacion,1,Eliminación,Eliminación,True,True,Eliminacion,eliminacion_o_variante,True
Fortnite 2025.12.21 - 09.40.31.04.Eliminación.DVR.mp4,Eliminacion,1,Eliminación,Eliminación,True,True,Eliminacion,eliminacion_o_variante,True
Fortnite 2025.12.21 - 09.42.29.05.Eliminación.DVR.mp4,Eliminacion,1,Eliminación,Eliminación,True,True,Eliminacion,eliminacion_o_variante,True
Fortnite 2025.12.21 - 17.23.11.10.Eliminación.DVR.mp4,Eliminacion,1,Eliminación,Eliminación,True,True,Eliminacion,eliminacion_o_variante,True
Fortnite 2025.12.21 - 17.23.33.11.Eliminación.DVR.mp4,Eliminacion,1,Eliminación,Eliminación,True,True,Eliminacion,eliminacion_o_variante,True
Fortnite 2025.12.21 - 17.23.43.12.Eliminación.DVR.mp4,Eliminacion,1,Eliminación,Eliminación,True,True,Eliminacion,eliminacion_o_variante,True
Fortnite 2025.12.21 - 17.25.37.13.Eliminación.DVR.mp4,Eliminacion,1,Eliminación,Eliminación,True,True,Eliminacion,eliminacion_o_variante,True
Fortnite 2025.12.21 - 17.26.16.14.Eliminación.DVR.mp4,Eliminacion,1,Eliminación,Eliminación,True,True,Eliminacion,eliminacion_o_variante,True
Fortnite 2025.12.21 - 17.26.34.15.Eliminación.DVR.mp4,Eliminacion,1,Eliminación,Eliminación,True,True,Eliminacion,eliminacion_o_variante,True
Fortnite 2025.12.21 - 17.27.11.16.Eliminación.DVR.mp4,Eliminacion,1,Eliminación,Eliminación,True,True,Eliminacion,eliminacion_o_variante,True
Fortnite 2025.12.21 - 17.27.29.17.Eliminación.DVR.mp4,Eliminacion,1,Eliminación,Eliminación,True,True,Eliminacion,eliminacion_o_variante,True
Fortnite 2025.12.21 - 17.30.51.18.Eliminación.DVR.mp4,Eliminacion,1,Eliminación,Eliminación,True,True,Eliminacion,eliminacion_o_variante,True
Fortnite 2025.12.21 - 17.31.27.19.Eliminación.DVR.mp4,Eliminacion,1,Eliminación,Eliminación,True,True,Eliminacion,eliminacion_o_variante,True
Fortnite 2025.12.21 - 17.31.51.20.Eliminación.DVR.mp4,Eliminacion,1,Eliminación,Eliminación,True,True,Eliminacion,eliminacion_o_variante,True
Fortnite 2025.12.21 - 17.32.55.21.Eliminación.DVR.mp4,Eliminacion,1,Eliminación,Eliminación,True,True,Eliminacion,eliminacion_o_variante,True
Fortnite 2025.12.21 - 17.33.23.22.Eliminación.DVR.mp4,Eliminacion,1,Eliminación,Eliminación,True,True,Eliminacion,eliminacion_o_variante,True
Fortnite 2025.12.21 - 17.34.21.23.Victoria.DVR.mp4,Victoria,2,,,False,False,Victoria,victoria_explicita,True
Fortnite 2025.12.23 - 16.36.53.02.Eliminación.DVR.mp4,Eliminacion,1,Eliminación,Eliminación,True,True,Eliminacion,eliminacion_o_variante,True
Fortnite 2025.12.23 - 16.37.17.03.Eliminación.DVR.mp4,Eliminacion,1,Eliminación,Eliminación,True,True,Eliminacion,eliminacion_o_variante,True
Fortnite 2025.12.23 - 16.38.16.04.Eliminación.DVR.mp4,Eliminacion,1,Eliminación,Eliminación,True,True,Eliminacion,eliminacion_o_variante,True
Fortnite 2025.12.23 - 16.39.43.05.Eliminación.DVR.mp4,Eliminacion,1,Eliminación,Eliminación,True,True,Eliminacion,eliminacion_o_variante,True
Fortnite 2025.12.23 - 16.39.51.06.Eliminación.DVR.mp4,Eliminacion,1,Eliminación,Eliminación,True,True,Eliminacion,eliminacion_o_variante,True
Fortnite 2025.12.23 - 16.40.02.07.Eliminación.DVR.mp4,Eliminacion,1,Eliminación,Eliminación,True,True,Eliminacion,eliminacion_o_variante,True
Fortnite 2025.12.23 - 16.40.39.08.Eliminación.DVR.mp4,Eliminacion,1,Eliminación,Eliminación,True,True,Eliminacion,eliminacion_o_variante,True
Fortnite 2025.12.23 - 16.40.47.09.Eliminación.DVR.mp4,Eliminacion,1,Eliminación,Eliminación,True,True,Eliminacion,eliminacion_o_variante,True
Fortnite 2025.12.23 - 16.41.32.10.Eliminación.DVR.mp4,Eliminacion,1,Eliminación,Eliminación,True,True,Eliminacion,eliminacion_o_variante,True
Fortnite 2025.12.23 - 16.42.00.11.Eliminación.DVR.mp4,Eliminacion,1,Eliminación,Eliminación,True,True,Eliminacion,eliminacion_o_variante,True
Fortnite 2025.12.23 - 16.42.06.12.Eliminación.DVR.mp4,Eliminacion,1,Eliminación,Eliminación,True,True,Eliminacion,eliminacion_o_variante,True
Fortnite 2025.12.23 - 16.42.16.13.Eliminación.DVR.mp4,Eliminacion,1,Eliminación,Eliminación,True,True,Eliminacion,eliminacion_o_variante,True
Fortnite 2025.12.23 - 16.43.23.14.Eliminación.DVR.mp4,Eliminacion,1,Eliminación,Eliminación,True,True,Eliminacion,eliminacion_o_variante,True
Fortnite 2025.12.23 - 16.45.19.15.Eliminación.DVR.mp4,Eliminacion,1,Eliminación,Eliminación,True,True,Eliminacion,eliminacion_o_variante,True
Fortnite 2025.12.23 - 16.48.06.16.Victoria.DVR.mp4,Victoria,2,,,False,False,Victoria,victoria_explicita,True
Fortnite 2025.12.28 - 14.11.19.38.Eliminación.DVR.mp4,Eliminacion,1,Eliminación,Eliminación,True,True,Eliminacion,eliminacion_o_variante,True
Fortnite 2025.12.28 - 14.13.30.39.Eliminación.DVR.mp4,Eliminacion,1,Eliminación,Eliminación,True,True,Eliminacion,eliminacion_o_variante,True
Fortnite 2025.12.28 - 14.13.40.40.Eliminación.DVR.mp4,Eliminacion,1,Eliminación,Eliminación,True,True,Eliminacion,eliminacion_o_variante,True
Fortnite 2025.12.28 - 14.13.52.41.Eliminación.DVR.mp4,Eliminacion,1,Eliminación,Eliminación,True,True,Eliminacion,eliminacion_o_variante,True
Fortnite 2025.12.28 - 14.14.20.42.Eliminación.DVR.mp4,Eliminacion,1,Eliminación,Eliminación,True,True,Eliminacion,eliminacion_o_variante,True
Fortnite 2025.12.28 - 14.15.26.43.Abajo.DVR.mp4,Eliminacion,1,Abajo,Eliminación,True,True,unknown,abajo_ambiguo,True
Fortnite 2025.12.28 - 14.15.33.44.Eliminación.DVR.mp4,Eliminacion,1,Eliminación,Eliminación,True,True,Eliminacion,eliminacion_o_variante,True
Fortnite 2025.12.28 - 14.16.29.45.Eliminación.DVR.mp4,Eliminacion,1,Eliminación,Eliminación,True,True,Eliminacion,eliminacion_o_variante,True
Fortnite 2025.12.28 - 14.20.07.46.Eliminación doble.DVR.mp4,Eliminacion,1,Eliminación doble,Eliminación,True,True,Eliminacion,eliminacion_o_variante,True
Fortnite 2025.12.28 - 14.20.18.47.Eliminación.DVR.mp4,Eliminacion,1,Eliminación,Eliminación,True,True,Eliminacion,eliminacion_o_variante,True
Fortnite 2025.12.28 - 14.22.10.48.Abajo.DVR.mp4,Eliminacion,1,Abajo,Eliminación,True,True,unknown,abajo_ambiguo,True
Fortnite 2025.12.28 - 14.22.46.49.Eliminación.DVR.mp4,Eliminacion,1,Eliminación,Eliminación,True,True,Eliminacion,eliminacion_o_variante,True
Fortnite 2025.12.28 - 14.24.10.50.Eliminación.DVR.mp4,Eliminacion,1,Eliminación,Eliminación,True,True,Eliminacion,eliminacion_o_variante,True
Fortnite 2025.12.28 - 14.24.25.51.Eliminación.DVR.mp4,Eliminacion,1,Eliminación,Eliminación,True,True,Eliminacion,eliminacion_o_variante,True
Fortnite 2025.12.28 - 14.24.46.52.Eliminado.DVR.mp4,Eliminado,0,Eliminado,Eliminado,True,True,Eliminado,eliminado_explicito,True
Fortnite 2026.01.11 - 18.35.49.22.Abajo.DVR.mp4,Eliminacion,1,Abajo,Eliminación,True,True,unknown,abajo_ambiguo,True
Fortnite 2026.01.11 - 18.36.02.23.Eliminación.DVR.mp4,Eliminacion,1,Eliminación,Eliminación,True,True,Eliminacion,eliminacion_o_variante,True
Fortnite 2026.01.11 - 18.36.55.24.Eliminación.DVR.mp4,Eliminacion,1,Eliminación,Eliminación,True,True,Eliminacion,eliminacion_o_variante,True
Fortnite 2026.01.11 - 18.38.34.25.Abajo.DVR.mp4,Eliminacion,1,Abajo,Eliminación,True,True,unknown,abajo_ambiguo,True
Fortnite 2026.01.11 - 18.38.45.26.Eliminación doble.DVR.mp4,Eliminacion,1,Eliminación doble,Eliminación,True,True,Eliminacion,eliminacion_o_variante,True
Fortnite 2026.01.11 - 18.39.12.27.Eliminación.DVR.mp4,Eliminacion,1,Eliminación,Eliminación,True,True,Eliminacion,eliminacion_o_variante,True
Fortnite 2026.01.11 - 18.40.19.28.Eliminación.DVR.mp4,Eliminacion,1,Eliminación,Eliminación,True,True,Eliminacion,eliminacion_o_variante,True
Fortnite 2026.01.11 - 18.42.47.29.Abajo.DVR.mp4,Eliminacion,1,Abajo,Eliminación,True,True,unknown,abajo_ambiguo,True
Fortnite 2026.01.11 - 18.42.56.30.Eliminación.DVR.mp4,Eliminacion,1,Eliminación,Eliminación,True,True,Eliminacion,eliminacion_o_variante,True
Fortnite 2026.01.11 - 18.43.05.31.Eliminación.DVR.mp4,Eliminacion,1,Eliminación,Eliminación,True,True,Eliminacion,eliminacion_o_variante,True
Fortnite 2026.01.11 - 18.45.43.32.Abajo.DVR.mp4,Eliminacion,1,Abajo,Eliminación,True,True,unknown,abajo_ambiguo,True
Fortnite 2026.01.11 - 18.45.50.33.Eliminación.DVR.mp4,Eliminacion,1,Eliminación,Eliminación,True,True,Eliminacion,eliminacion_o_variante,True
Fortnite 2026.01.11 - 18.46.19.34.Victoria.DVR.mp4,Victoria,2,,,False,False,Victoria,victoria_explicita,True
Fortnite 2026.03.07 - 19.23.56.03.Eliminación.DVR.mp4,Eliminacion,1,Eliminación,Eliminación,True,True,Eliminacion,eliminacion_o_variante,True
Fortnite 2026.03.07 - 19.25.08.04.Eliminación doble.DVR.mp4,Eliminacion,1,Eliminación doble,Eliminación,True,True,Eliminacion,eliminacion_o_variante,True
Fortnite 2026.03.07 - 19.25.24.05.Eliminación.DVR.mp4,Eliminacion,1,Eliminación,Eliminación,True,True,Eliminacion,eliminacion_o_variante,True
Fortnite 2026.03.07 - 19.25.41.06.Eliminación.DVR.mp4,Eliminacion,1,Eliminación,Eliminación,True,True,Eliminacion,eliminacion_o_variante,True
Fortnite 2026.03.07 - 19.25.59.07.Eliminación.DVR.mp4,Eliminacion,1,Eliminación,Eliminación,True,True,Eliminacion,eliminacion_o_variante,True
Fortnite 2026.03.07 - 19.26.08.08.Eliminación.DVR.mp4,Eliminacion,1,Eliminación,Eliminación,True,True,Eliminacion,eliminacion_o_variante,True
Fortnite 2026.03.07 - 19.27.21.09.Eliminación.DVR.mp4,Eliminacion,1,Eliminación,Eliminación,True,True,Eliminacion,eliminacion_o_variante,True
Fortnite 2026.03.07 - 19.27.30.10.Eliminación.DVR.mp4,Eliminacion,1,Eliminación,Eliminación,True,True,Eliminacion,eliminacion_o_variante,True
Fortnite 2026.03.07 - 19.27.36.11.Eliminación.DVR.mp4,Eliminacion,1,Eliminación,Eliminación,True,True,Eliminacion,eliminacion_o_variante,True
Fortnite 2026.03.07 - 19.28.01.12.Eliminación.DVR.mp4,Eliminacion,1,Eliminación,Eliminación,True,True,Eliminacion,eliminacion_o_variante,True
Fortnite 2026.03.07 - 19.28.20.13.Eliminación.DVR.mp4,Eliminacion,1,Eliminación,Eliminación,True,True,Eliminacion,eliminacion_o_variante,True
Fortnite 2026.03.07 - 19.29.03.14.Eliminación.DVR.mp4,Eliminacion,1,Eliminación,Eliminación,True,True,Eliminacion,eliminacion_o_variante,True
Fortnite 2026.03.07 - 19.29.29.15.Eliminación.DVR.mp4,Eliminacion,1,Eliminación,Eliminación,True,True,Eliminacion,eliminacion_o_variante,True
Fortnite 2026.03.07 - 19.32.18.16.Eliminación.DVR.mp4,Eliminacion,1,Eliminación,Eliminación,True,True,Eliminacion,eliminacion_o_variante,True
Fortnite 2026.03.07 - 19.34.16.17.Eliminación.DVR.mp4,Eliminacion,1,Eliminación,Eliminación,True,True,Eliminacion,eliminacion_o_variante,True
Fortnite 2026.03.19 - 20.46.11.04.Eliminación.DVR.mp4,Eliminacion,1,Eliminación,Eliminación,True,True,Eliminacion,eliminacion_o_variante,True
Fortnite 2026.03.19 - 20.47.48.05.Eliminación.DVR.mp4,Eliminacion,1,Eliminación,Eliminación,True,True,Eliminacion,eliminacion_o_variante,True
Fortnite 2026.03.19 - 20.48.58.06.Eliminación.DVR.mp4,Eliminacion,1,Eliminación,Eliminación,True,True,Eliminacion,eliminacion_o_variante,True
Fortnite 2026.03.19 - 20.49.07.07.Eliminación.DVR.mp4,Eliminacion,1,Eliminación,Eliminación,True,True,Eliminacion,eliminacion_o_variante,True
Fortnite 2026.03.19 - 20.49.37.08.Eliminación.DVR.mp4,Eliminacion,1,Eliminación,Eliminación,True,True,Eliminacion,eliminacion_o_variante,True
Fortnite 2026.03.19 - 20.51.13.09.Eliminación.DVR.mp4,Eliminacion,1,Eliminación,Eliminación,True,True,Eliminacion,eliminacion_o_variante,True
Fortnite 2026.03.19 - 20.54.18.10.Eliminación.DVR.mp4,Eliminacion,1,Eliminación,Eliminación,True,True,Eliminacion,eliminacion_o_variante,True
Fortnite 2026.03.19 - 20.54.51.11.Eliminación.DVR.mp4,Eliminacion,1,Eliminación,Eliminación,True,True,Eliminacion,eliminacion_o_variante,True
Fortnite 2026.03.19 - 20.56.00.12.Eliminación.DVR.mp4,Eliminacion,1,Eliminación,Eliminación,True,True,Eliminacion,eliminacion_o_variante,True
Fortnite 2026.03.19 - 20.56.44.13.Victoria.DVR.mp4,Victoria,2,,,False,False,Victoria,victoria_explicita,True
Fortnite 2026.03.20 - 17.36.37.02.Eliminación.DVR.mp4,Eliminacion,1,Eliminación,Eliminación,True,True,Eliminacion,eliminacion_o_variante,True
Fortnite 2026.03.20 - 17.37.51.03.Eliminación doble.DVR.mp4,Eliminacion,1,Eliminación doble,Eliminación,True,True,Eliminacion,eliminacion_o_variante,True
Fortnite 2026.03.20 - 17.38.30.04.Eliminación.DVR.mp4,Eliminacion,1,Eliminación,Eliminación,True,True,Eliminacion,eliminacion_o_variante,True
Fortnite 2026.03.20 - 17.39.10.05.Eliminación.DVR.mp4,Eliminacion,1,Eliminación,Eliminación,True,True,Eliminacion,eliminacion_o_variante,True
Fortnite 2026.03.20 - 17.39.30.06.Eliminación.DVR.mp4,Eliminacion,1,Eliminación,Eliminación,True,True,Eliminacion,eliminacion_o_variante,True
Fortnite 2026.03.20 - 17.39.39.07.Eliminación.DVR.mp4,Eliminacion,1,Eliminación,Eliminación,True,True,Eliminacion,eliminacion_o_variante,True
Fortnite 2026.03.20 - 17.39.51.08.Eliminación.DVR.mp4,Eliminacion,1,Eliminación,Eliminación,True,True,Eliminacion,eliminacion_o_variante,True
Fortnite 2026.03.20 - 17.40.12.09.Eliminación.DVR.mp4,Eliminacion,1,Eliminación,Eliminación,True,True,Eliminacion,eliminacion_o_variante,True
Fortnite 2026.03.20 - 17.41.18.10.Eliminación.DVR.mp4,Eliminacion,1,Eliminación,Eliminación,True,True,Eliminacion,eliminacion_o_variante,True
Fortnite 2026.03.20 - 17.42.36.11.Eliminación.DVR.mp4,Eliminacion,1,Eliminación,Eliminación,True,True,Eliminacion,eliminacion_o_variante,True
Fortnite 2026.03.20 - 17.45.00.12.Eliminación.DVR.mp4,Eliminacion,1,Eliminación,Eliminación,True,True,Eliminacion,eliminacion_o_variante,True
Fortnite 2026.03.20 - 17.45.43.13.Eliminación.DVR.mp4,Eliminacion,1,Eliminación,Eliminación,True,True,Eliminacion,eliminacion_o_variante,True
Fortnite 2026.03.20 - 17.45.49.14.Eliminado.DVR.mp4,Eliminado,0,Eliminado,Eliminado,True,True,Eliminado,eliminado_explicito,True
Fortnite 2026.03.20 - 17.47.49.15.Victoria.DVR.mp4,Victoria,2,,,False,False,Victoria,victoria_explicita,True
Fortnite 2026.03.21 - 19.02.14.02.Eliminación.DVR.mp4,Eliminacion,1,Eliminación,Eliminación,True,True,Eliminacion,eliminacion_o_variante,True
Fortnite 2026.03.21 - 19.02.21.03.Eliminación.DVR.mp4,Eliminacion,1,Eliminación,Eliminación,True,True,Eliminacion,eliminacion_o_variante,True
Fortnite 2026.03.21 - 19.02.27.04.Eliminación.DVR.mp4,Eliminacion,1,Eliminación,Eliminación,True,True,Eliminacion,eliminacion_o_variante,True
Fortnite 2026.03.21 - 19.04.13.05.Eliminación.DVR.mp4,Eliminacion,1,Eliminación,Eliminación,True,True,Eliminacion,eliminacion_o_variante,True
Fortnite 2026.03.21 - 19.05.23.06.Eliminación doble.DVR.mp4,Eliminacion,1,Eliminación doble,Eliminación,True,True,Eliminacion,eliminacion_o_variante,True
Fortnite 2026.03.21 - 19.06.05.07.Eliminación.DVR.mp4,Eliminacion,1,Eliminación,Eliminación,True,True,Eliminacion,eliminacion_o_variante,True
Fortnite 2026.03.21 - 19.06.19.08.Eliminación.DVR.mp4,Eliminacion,1,Eliminación,Eliminación,True,True,Eliminacion,eliminacion_o_variante,True
Fortnite 2026.03.21 - 19.06.30.09.Eliminación.DVR.mp4,Eliminacion,1,Eliminación,Eliminación,True,True,Eliminacion,eliminacion_o_variante,True
Fortnite 2026.03.21 - 19.07.40.10.Eliminación.DVR.mp4,Eliminacion,1,Eliminación,Eliminación,True,True,Eliminacion,eliminacion_o_variante,True
Fortnite 2026.03.21 - 19.08.30.11.Eliminación.DVR.mp4,Eliminacion,1,Eliminación,Eliminación,True,True,Eliminacion,eliminacion_o_variante,True
Fortnite 2026.03.21 - 19.10.13.12.Eliminación.DVR.mp4,Eliminacion,1,Eliminación,Eliminación,True,True,Eliminacion,eliminacion_o_variante,True
Fortnite 2026.03.21 - 19.11.02.13.Eliminación doble.DVR.mp4,Eliminacion,1,Eliminación doble,Eliminación,True,True,Eliminacion,eliminacion_o_variante,True
Fortnite 2026.03.21 - 19.11.14.14.Eliminación.DVR.mp4,Eliminacion,1,Eliminación,Eliminación,True,True,Eliminacion,eliminacion_o_variante,True
Fortnite 2026.03.21 - 19.12.47.15.Eliminación.DVR.mp4,Eliminacion,1,Eliminación,Eliminación,True,True,Eliminacion,eliminacion_o_variante,True
Fortnite 2026.03.21 - 19.13.01.16.Victoria.DVR.mp4,Victoria,2,,,False,False,Victoria,victoria_explicita,True
Fortnite 2026.04.30 - 18.48.03.02.Eliminación.DVR.mp4,Eliminacion,1,Eliminación,Eliminación,True,True,Eliminacion,eliminacion_o_variante,True
Fortnite 2026.04.30 - 18.48.13.03.Eliminación.DVR.mp4,Eliminacion,1,Eliminación,Eliminación,True,True,Eliminacion,eliminacion_o_variante,True
Fortnite 2026.04.30 - 18.48.25.04.Eliminación.DVR.mp4,Eliminacion,1,Eliminación,Eliminación,True,True,Eliminacion,eliminacion_o_variante,True
Fortnite 2026.04.30 - 18.50.32.05.Eliminación.DVR.mp4,Eliminacion,1,Eliminación,Eliminación,True,True,Eliminacion,eliminacion_o_variante,True
Fortnite 2026.04.30 - 18.52.22.06.Eliminación.DVR.mp4,Eliminacion,1,Eliminación,Eliminación,True,True,Eliminacion,eliminacion_o_variante,True
Fortnite 2026.04.30 - 18.52.45.07.Eliminación.DVR.mp4,Eliminacion,1,Eliminación,Eliminación,True,True,Eliminacion,eliminacion_o_variante,True
Fortnite 2026.04.30 - 18.55.38.08.Eliminación.DVR.mp4,Eliminacion,1,Eliminación,Eliminación,True,True,Eliminacion,eliminacion_o_variante,True
Fortnite 2026.04.30 - 18.58.09.09.Victoria.DVR.mp4,Victoria,2,,,False,False,Victoria,victoria_explicita,True
Fortnite 2026.05.23 - 22.52.44.02.Eliminación.DVR.mp4,Eliminacion,1,Eliminación,Eliminación,True,True,Eliminacion,eliminacion_o_variante,True
Fortnite 2026.05.23 - 22.53.09.03.Eliminación.DVR.mp4,Eliminacion,1,Eliminación,Eliminación,True,True,Eliminacion,eliminacion_o_variante,True
Fortnite 2026.05.23 - 22.53.15.04.Eliminación.DVR.mp4,Eliminacion,1,Eliminación,Eliminación,True,True,Eliminacion,eliminacion_o_variante,True
Fortnite 2026.05.23 - 22.58.03.05.Eliminación.DVR.mp4,Eliminacion,1,Eliminación,Eliminación,True,True,Eliminacion,eliminacion_o_variante,True
Fortnite 2026.05.23 - 22.58.24.06.Eliminación.DVR.mp4,Eliminacion,1,Eliminación,Eliminación,True,True,Eliminacion,eliminacion_o_variante,True
Fortnite 2026.05.23 - 22.58.58.07.Eliminación.DVR.mp4,Eliminacion,1,Eliminación,Eliminación,True,True,Eliminacion,eliminacion_o_variante,True
Fortnite 2026.05.23 - 23.00.10.08.Eliminación.DVR.mp4,Eliminacion,1,Eliminación,Eliminación,True,True,Eliminacion,eliminacion_o_variante,True
Fortnite 2026.05.23 - 23.09.29.09.Eliminación.DVR.mp4,Eliminacion,1,Eliminación,Eliminación,True,True,Eliminacion,eliminacion_o_variante,True
Fortnite 2026.05.23 - 23.09.54.10.Victoria.DVR.mp4,Victoria,2,,,False,False,Victoria,victoria_explicita,True
Fortnite 2026.05.25 - 17.05.15.13.Eliminación.DVR.mp4,Eliminacion,1,Eliminación,Eliminación,True,True,Eliminacion,eliminacion_o_variante,True
Fortnite 2026.05.25 - 17.07.22.14.Eliminación.DVR.mp4,Eliminacion,1,Eliminación,Eliminación,True,True,Eliminacion,eliminacion_o_variante,True
Fortnite 2026.05.25 - 17.09.48.15.Eliminación.DVR.mp4,Eliminacion,1,Eliminación,Eliminación,True,True,Eliminacion,eliminacion_o_variante,True
Fortnite 2026.05.25 - 17.10.47.16.Eliminación.DVR.mp4,Eliminacion,1,Eliminación,Eliminación,True,True,Eliminacion,eliminacion_o_variante,True
Fortnite 2026.05.25 - 17.11.21.17.Eliminación.DVR.mp4,Eliminacion,1,Eliminación,Eliminación,True,True,Eliminacion,eliminacion_o_variante,True
Fortnite 2026.05.25 - 17.12.15.18.Eliminación.DVR.mp4,Eliminacion,1,Eliminación,Eliminación,True,True,Eliminacion,eliminacion_o_variante,True
Fortnite 2026.05.25 - 17.23.56.19.Victoria.DVR.mp4,Victoria,2,,,False,False,Victoria,victoria_explicita,True
Fortnite 2026.07.12 - 17.21.42.02.Eliminación.DVR.mp4,Eliminacion,1,Eliminación,Eliminación,True,True,Eliminacion,eliminacion_o_variante,True
Fortnite 2026.07.12 - 17.22.02.03.Eliminado.DVR.mp4,Eliminado,0,Eliminado,Eliminado,True,True,Eliminado,eliminado_explicito,True
Fortnite 2026.07.12 - 17.27.49.05.Eliminación.DVR.mp4,Eliminacion,1,Eliminación,Eliminación,True,True,Eliminacion,eliminacion_o_variante,True
Fortnite 2026.07.12 - 17.29.04.06.Eliminación.DVR.mp4,Eliminacion,1,Eliminación,Eliminación,True,True,Eliminacion,eliminacion_o_variante,True
Fortnite 2026.07.12 - 17.29.39.07.Eliminación.DVR.mp4,Eliminacion,1,Eliminación,Eliminación,True,True,Eliminacion,eliminacion_o_variante,True
Fortnite 2026.07.12 - 17.34.25.08.Eliminación.DVR.mp4,Eliminacion,1,Eliminación,Eliminación,True,True,Eliminacion,eliminacion_o_variante,True
Fortnite 2026.07.12 - 17.41.22.09.Eliminado.DVR.mp4,Eliminado,0,Eliminado,Eliminado,True,True,Eliminado,eliminado_explicito,True
Fortnite 2026.07.12 - 17.46.23.11.Eliminación.DVR.mp4,Eliminacion,1,Eliminación,Eliminación,True,True,Eliminacion,eliminacion_o_variante,True
Fortnite 2026.07.12 - 17.46.51.12.Eliminación.DVR.mp4,Eliminacion,1,Eliminación,Eliminación,True,True,Eliminacion,eliminacion_o_variante,True
Fortnite 2026.07.12 - 17.48.39.13.Eliminación.DVR.mp4,Eliminacion,1,Eliminación,Eliminación,True,True,Eliminacion,eliminacion_o_variante,True
Fortnite 2026.07.12 - 17.52.42.14.Eliminación.DVR.mp4,Eliminacion,1,Eliminación,Eliminación,True,True,Eliminacion,eliminacion_o_variante,True
Fortnite 2026.07.12 - 17.53.52.15.Eliminación.DVR.mp4,Eliminacion,1,Eliminación,Eliminación,True,True,Eliminacion,eliminacion_o_variante,True
Fortnite 2026.07.12 - 17.54.22.16.Eliminación.DVR.mp4,Eliminacion,1,Eliminación,Eliminación,True,True,Eliminacion,eliminacion_o_variante,True
Fortnite 2026.07.12 - 17.58.20.17.Eliminado.DVR.mp4,Eliminado,0,Eliminado,Eliminado,True,True,Eliminado,eliminado_explicito,True
Fortnite 2026.07.15 - 19.00.04.02.Eliminación.DVR.mp4,Eliminacion,1,Eliminación,Eliminación,True,True,Eliminacion,eliminacion_o_variante,True
Fortnite 2026.07.15 - 19.00.20.03.Eliminación.DVR.mp4,Eliminacion,1,Eliminación,Eliminación,True,True,Eliminacion,eliminacion_o_variante,True
Fortnite 2026.07.15 - 19.06.17.04.Eliminación.DVR.mp4,Eliminacion,1,Eliminación,Eliminación,True,True,Eliminacion,eliminacion_o_variante,True
Fortnite 2026.07.15 - 19.15.51.05.Eliminado.DVR.mp4,Eliminado,0,Eliminado,Eliminado,True,True,Eliminado,eliminado_explicito,True
Fortnite 2026.07.15 - 19.20.05.07.Eliminación.DVR.mp4,Eliminacion,1,Eliminación,Eliminación,True,True,Eliminacion,eliminacion_o_variante,True
Fortnite 2026.07.15 - 19.21.20.08.Eliminación.DVR.mp4,Eliminacion,1,Eliminación,Eliminación,True,True,Eliminacion,eliminacion_o_variante,True
Fortnite 2026.07.15 - 19.23.39.09.Eliminación.DVR.mp4,Eliminacion,1,Eliminación,Eliminación,True,True,Eliminacion,eliminacion_o_variante,True
Fortnite 2026.07.15 - 19.25.18.10.Eliminación.DVR.mp4,Eliminacion,1,Eliminación,Eliminación,True,True,Eliminacion,eliminacion_o_variante,True
Fortnite 2026.07.15 - 19.28.21.11.Eliminación.DVR.mp4,Eliminacion,1,Eliminación,Eliminación,True,True,Eliminacion,eliminacion_o_variante,True
Fortnite 2026.07.15 - 19.30.24.12.Eliminación.DVR.mp4,Eliminacion,1,Eliminación,Eliminación,True,True,Eliminacion,eliminacion_o_variante,True
Fortnite 2026.07.15 - 19.36.12.13.Eliminación.DVR.mp4,Eliminacion,1,Eliminación,Eliminación,True,True,Eliminacion,eliminacion_o_variante,True
Fortnite 2026.07.15 - 19.36.58.14.Eliminación.DVR.mp4,Eliminacion,1,Eliminación,Eliminación,True,True,Eliminacion,eliminacion_o_variante,True
Fortnite 2026.07.15 - 19.44.18.16.Eliminación doble.DVR.mp4,Eliminacion,1,Eliminación doble,Eliminación,True,True,Eliminacion,eliminacion_o_variante,True
Fortnite 2026.07.15 - 19.47.53.17.Eliminación.DVR.mp4,Eliminacion,1,Eliminación,Eliminación,True,True,Eliminacion,eliminacion_o_variante,True
Fortnite 2026.07.15 - 19.48.11.18.Eliminación.DVR.mp4,Eliminacion,1,Eliminación,Eliminación,True,True,Eliminacion,eliminacion_o_variante,True
Fortnite 2026.07.15 - 19.50.16.19.Eliminación doble.DVR.mp4,Eliminacion,1,Eliminación doble,Eliminación,True,True,Eliminacion,eliminacion_o_variante,True
Fortnite 2026.07.15 - 19.52.49.20.Eliminado.DVR.mp4,Eliminado,0,Eliminado,Eliminado,True,True,Eliminado,eliminado_explicito,True
Fortnite 2026.07.15 - 19.55.58.22.Eliminación doble.DVR.mp4,Eliminacion,1,Eliminación doble,Eliminación,True,True,Eliminacion,eliminacion_o_variante,True
Fortnite 2026.07.15 - 19.56.14.23.Eliminación triple.DVR.mp4,Eliminacion,1,Eliminación triple,Eliminación,True,True,Eliminacion,eliminacion_o_variante,True
Fortnite 2026.07.15 - 20.01.21.24.Abajo.DVR.mp4,Eliminacion,1,Abajo,Eliminación,True,True,unknown,abajo_ambiguo,True
Fortnite 2026.07.15 - 20.01.31.25.Eliminación.DVR.mp4,Eliminacion,1,Eliminación,Eliminación,True,True,Eliminacion,eliminacion_o_variante,True
Fortnite 2026.07.15 - 20.02.58.26.Eliminación.DVR.mp4,Eliminacion,1,Eliminación,Eliminación,True,True,Eliminacion,eliminacion_o_variante,True
Fortnite 2026.07.19 - 14.56.24.02.Eliminación.DVR.mp4,Eliminacion,1,Eliminación,Eliminación,True,True,Eliminacion,eliminacion_o_variante,True
Fortnite 2026.07.19 - 14.57.30.03.Eliminación doble.DVR.mp4,Eliminacion,1,Eliminación doble,Eliminación,True,True,Eliminacion,eliminacion_o_variante,True
Fortnite 2026.07.19 - 14.57.56.04.Eliminación doble.DVR.mp4,Eliminacion,1,Eliminación doble,Eliminación,True,True,Eliminacion,eliminacion_o_variante,True
Fortnite 2026.07.19 - 15.09.49.05.Eliminado.DVR.mp4,Eliminado,0,Eliminado,Eliminado,True,True,Eliminado,eliminado_explicito,True
Fortnite 2026.07.19 - 16.29.51.08.Eliminación.DVR.mp4,Eliminacion,1,Eliminación,Eliminación,True,True,Eliminacion,eliminacion_o_variante,True
Fortnite 2026.07.19 - 16.32.56.09.Eliminado.DVR.mp4,Eliminado,0,Eliminado,Eliminado,True,True,Eliminado,eliminado_explicito,True
Fortnite 2026.07.19 - 16.36.04.11.Abajo.DVR.mp4,Eliminacion,1,Abajo,Eliminación,True,True,unknown,abajo_ambiguo,True
Fortnite 2026.07.19 - 16.36.11.12.Eliminación.DVR.mp4,Eliminacion,1,Eliminación,Eliminación,True,True,Eliminacion,eliminacion_o_variante,True
Fortnite 2026.07.19 - 16.36.26.13.Eliminado.DVR.mp4,Eliminado,0,Eliminado,Eliminado,True,True,Eliminado,eliminado_explicito,True
Fortnite 2026.07.19 - 16.38.34.15.Abajo.DVR.mp4,Eliminacion,1,Abajo,Eliminación,True,True,unknown,abajo_ambiguo,True
Fortnite 2026.07.19 - 16.38.41.16.Eliminación.DVR.mp4,Eliminacion,1,Eliminación,Eliminación,True,True,Eliminacion,eliminacion_o_variante,True
Fortnite 2026.07.19 - 16.39.12.17.Abajo.DVR.mp4,Eliminacion,1,Abajo,Eliminación,True,True,unknown,abajo_ambiguo,True
Fortnite 2026.07.19 - 16.39.21.18.Eliminación.DVR.mp4,Eliminacion,1,Eliminación,Eliminación,True,True,Eliminacion,eliminacion_o_variante,True
Fortnite 2026.07.19 - 16.42.45.19.Abajo.DVR.mp4,Eliminacion,1,Abajo,Eliminación,True,True,unknown,abajo_ambiguo,True
Fortnite 2026.07.19 - 16.42.56.20.Eliminación doble.DVR.mp4,Eliminacion,1,Eliminación doble,Eliminación,True,True,Eliminacion,eliminacion_o_variante,True
Fortnite 2026.07.19 - 16.45.28.21.Abajo.DVR.mp4,Eliminacion,1,Abajo,Eliminación,True,True,unknown,abajo_ambiguo,True
Fortnite 2026.07.19 - 16.45.41.22.Eliminación doble.DVR.mp4,Eliminacion,1,Eliminación doble,Eliminación,True,True,Eliminacion,eliminacion_o_variante,True
Fortnite 2026.07.19 - 16.46.56.23.Abajo.DVR.mp4,Eliminacion,1,Abajo,Eliminación,True,True,unknown,abajo_ambiguo,True
Fortnite 2026.07.19 - 16.47.03.24.Eliminación.DVR.mp4,Eliminacion,1,Eliminación,Eliminación,True,True,Eliminacion,eliminacion_o_variante,True
Fortnite 2026.07.19 - 16.51.03.25.Eliminación.DVR.mp4,Eliminacion,1,Eliminación,Eliminación,True,True,Eliminacion,eliminacion_o_variante,True
Fortnite 2026.07.19 - 16.54.51.26.Eliminado.DVR.mp4,Eliminado,0,Eliminado,Eliminado,True,True,Eliminado,eliminado_explicito,True
Fortnite 2026.07.19 - 19.11.55.02.Eliminación.DVR.mp4,Eliminacion,1,Eliminación,Eliminación,True,True,Eliminacion,eliminacion_o_variante,True
Fortnite 2026.07.19 - 19.12.18.03.Eliminado.DVR.mp4,Eliminado,0,Eliminado,Eliminado,True,True,Eliminado,eliminado_explicito,True
Fortnite 2026.07.19 - 19.15.22.05.Eliminado.DVR.mp4,Eliminado,0,Eliminado,Eliminado,True,True,Eliminado,eliminado_explicito,True
Fortnite 2026.07.19 - 19.18.13.07.Eliminación.DVR.mp4,Eliminacion,1,Eliminación,Eliminación,True,True,Eliminacion,eliminacion_o_variante,True
Fortnite 2026.07.19 - 19.18.29.08.Abajo.DVR.mp4,Eliminacion,1,Abajo,Eliminación,True,True,unknown,abajo_ambiguo,True
Fortnite 2026.07.19 - 19.18.35.09.Eliminación.DVR.mp4,Eliminacion,1,Eliminación,Eliminación,True,True,Eliminacion,eliminacion_o_variante,True
Fortnite 2026.07.19 - 19.24.09.10.Abajo.DVR.mp4,Eliminacion,1,Abajo,Eliminación,True,True,unknown,abajo_ambiguo,True
Fortnite 2026.07.19 - 19.24.15.11.Eliminación.DVR.mp4,Eliminacion,1,Eliminación,Eliminación,True,True,Eliminacion,eliminacion_o_variante,True
Fortnite 2026.07.19 - 19.26.31.12.Eliminado.DVR.mp4,Eliminado,0,Eliminado,Eliminado,True,True,Eliminado,eliminado_explicito,True
Fortnite 2026.07.19 - 19.31.01.14.Abajo.DVR.mp4,Eliminacion,1,Abajo,Eliminación,True,True,unknown,abajo_ambiguo,True
Fortnite 2026.07.19 - 19.31.06.15.Eliminación.DVR.mp4,Eliminacion,1,Eliminación,Eliminación,True,True,Eliminacion,eliminacion_o_variante,True
Fortnite 2026.07.19 - 19.34.57.16.Abajo.DVR.mp4,Eliminacion,1,Abajo,Eliminación,True,True,unknown,abajo_ambiguo,True
Fortnite 2026.07.19 - 19.35.09.17.Eliminación doble.DVR.mp4,Eliminacion,1,Eliminación doble,Eliminación,True,True,Eliminacion,eliminacion_o_variante,True
Fortnite 2026.07.19 - 19.36.04.18.Eliminación.DVR.mp4,Eliminacion,1,Eliminación,Eliminación,True,True,Eliminacion,eliminacion_o_variante,True
Fortnite 2026.07.19 - 19.36.28.19.Eliminación.DVR.mp4,Eliminacion,1,Eliminación,Eliminación,True,True,Eliminacion,eliminacion_o_variante,True
Fortnite 2026.07.19 - 19.37.03.20.Abajo.DVR.mp4,Eliminacion,1,Abajo,Eliminación,True,True,unknown,abajo_ambiguo,True
Fortnite 2026.07.19 - 19.37.09.21.Eliminación.DVR.mp4,Eliminacion,1,Eliminación,Eliminación,True,True,Eliminacion,eliminacion_o_variante,True
Fortnite 2026.07.19 - 19.37.55.22.Abajo.DVR.mp4,Eliminacion,1,Abajo,Eliminación,True,True,unknown,abajo_ambiguo,True
Fortnite 2026.07.19 - 19.37.56.23.Eliminado.DVR.mp4,Eliminado,0,Eliminado,Eliminado,True,True,Eliminado,eliminado_explicito,True
Fortnite 2026.07.19 - 19.40.50.25.Eliminación.DVR.mp4,Eliminacion,1,Eliminación,Eliminación,True,True,Eliminacion,eliminacion_o_variante,True
Fortnite 2026.07.19 - 19.41.26.26.Eliminación.DVR.mp4,Eliminacion,1,Eliminación,Eliminación,True,True,Eliminacion,eliminacion_o_variante,True
Fortnite 2026.07.19 - 19.44.10.27.Eliminación.DVR.mp4,Eliminacion,1,Eliminación,Eliminación,True,True,Eliminacion,eliminacion_o_variante,True
Fortnite 2026.07.19 - 19.56.39.28.Eliminado.DVR.mp4,Eliminado,0,Eliminado,Eliminado,True,True,Eliminado,eliminado_explicito,True
Fortnite 2026.07.22 - 19.16.27.02.Eliminación.DVR.mp4,Eliminacion,1,Eliminación,Eliminación,True,True,Eliminacion,eliminacion_o_variante,True
Fortnite 2026.07.22 - 19.17.03.03.Eliminación.DVR.mp4,Eliminacion,1,Eliminación,Eliminación,True,True,Eliminacion,eliminacion_o_variante,True
Fortnite 2026.07.22 - 19.18.22.04.Eliminación.DVR.mp4,Eliminacion,1,Eliminación,Eliminación,True,True,Eliminacion,eliminacion_o_variante,True
Fortnite 2026.07.22 - 19.19.08.05.Eliminación.DVR.mp4,Eliminacion,1,Eliminación,Eliminación,True,True,Eliminacion,eliminacion_o_variante,True
Fortnite 2026.07.22 - 19.20.27.06.Eliminación.DVR.mp4,Eliminacion,1,Eliminación,Eliminación,True,True,Eliminacion,eliminacion_o_variante,True
Fortnite 2026.07.22 - 19.30.40.07.Eliminación.DVR.mp4,Eliminacion,1,Eliminación,Eliminación,True,True,Eliminacion,eliminacion_o_variante,True
Fortnite 2026.07.22 - 19.34.50.09.Eliminación doble.DVR.mp4,Eliminacion,1,Eliminación doble,Eliminación,True,True,Eliminacion,eliminacion_o_variante,True
Fortnite 2026.07.22 - 19.40.04.10.Eliminación doble.DVR.mp4,Eliminacion,1,Eliminación doble,Eliminación,True,True,Eliminacion,eliminacion_o_variante,True
Fortnite 2026.07.22 - 19.41.20.11.Eliminación.DVR.mp4,Eliminacion,1,Eliminación,Eliminación,True,True,Eliminacion,eliminacion_o_variante,True
Fortnite 2026.07.22 - 19.41.40.12.Eliminación.DVR.mp4,Eliminacion,1,Eliminación,Eliminación,True,True,Eliminacion,eliminacion_o_variante,True
Fortnite 2026.07.22 - 19.42.17.13.Eliminación.DVR.mp4,Eliminacion,1,Eliminación,Eliminación,True,True,Eliminacion,eliminacion_o_variante,True
Fortnite 2026.07.22 - 19.44.26.14.Eliminación.DVR.mp4,Eliminacion,1,Eliminación,Eliminación,True,True,Eliminacion,eliminacion_o_variante,True
Fortnite 2026.07.22 - 19.44.38.15.Eliminación.DVR.mp4,Eliminacion,1,Eliminación,Eliminación,True,True,Eliminacion,eliminacion_o_variante,True
Fortnite 2026.07.22 - 19.45.33.16.Eliminación.DVR.mp4,Eliminacion,1,Eliminación,Eliminación,True,True,Eliminacion,eliminacion_o_variante,True
Fortnite 2026.07.22 - 19.46.12.17.Abajo.DVR.mp4,Eliminacion,1,Abajo,Eliminación,True,True,unknown,abajo_ambiguo,True
Fortnite 2026.07.22 - 19.46.18.18.Eliminación.DVR.mp4,Eliminacion,1,Eliminación,Eliminación,True,True,Eliminacion,eliminacion_o_variante,True
Fortnite 2026.07.22 - 19.47.34.19.Victoria.DVR.mp4,Victoria,2,,,False,False,Victoria,victoria_explicita,True
Fortnite 2026.07.26 - 18.14.49.02.Eliminación.DVR.mp4,Eliminacion,1,Eliminación,Eliminación,True,True,Eliminacion,eliminacion_o_variante,True
Fortnite 2026.07.26 - 18.16.37.03.Eliminación doble.DVR.mp4,Eliminacion,1,Eliminación doble,Eliminación,True,True,Eliminacion,eliminacion_o_variante,True
Fortnite 2026.07.26 - 18.17.23.04.Eliminación.DVR.mp4,Eliminacion,1,Eliminación,Eliminación,True,True,Eliminacion,eliminacion_o_variante,True
Fortnite 2026.07.26 - 18.19.33.05.Eliminación.DVR.mp4,Eliminacion,1,Eliminación,Eliminación,True,True,Eliminacion,eliminacion_o_variante,True
Fortnite 2026.07.26 - 18.23.52.06.Eliminación.DVR.mp4,Eliminacion,1,Eliminación,Eliminación,True,True,Eliminacion,eliminacion_o_variante,True
Fortnite 2026.07.26 - 18.25.08.07.Eliminación.DVR.mp4,Eliminacion,1,Eliminación,Eliminación,True,True,Eliminacion,eliminacion_o_variante,True
Fortnite 2026.07.26 - 18.28.16.08.Eliminación.DVR.mp4,Eliminacion,1,Eliminación,Eliminación,True,True,Eliminacion,eliminacion_o_variante,True
Fortnite 2026.07.26 - 18.31.05.09.Eliminación.DVR.mp4,Eliminacion,1,Eliminación,Eliminación,True,True,Eliminacion,eliminacion_o_variante,True
Fortnite 2026.07.26 - 18.33.20.10.Victoria.DVR.mp4,Victoria,2,,,False,False,Victoria,victoria_explicita,True
Fortnite 2026.08.02 - 17.22.34.02.Eliminación.DVR.mp4,Eliminacion,1,Eliminación,Eliminación,True,True,Eliminacion,eliminacion_o_variante,True
Fortnite 2026.08.02 - 17.26.37.03.Eliminación.DVR.mp4,Eliminacion,1,Eliminación,Eliminación,True,True,Eliminacion,eliminacion_o_variante,True
Fortnite 2026.08.02 - 17.27.01.04.Eliminado.DVR.mp4,Eliminado,0,Eliminado,Eliminado,True,True,Eliminado,eliminado_explicito,True
Fortnite 2026.08.02 - 17.29.52.06.Eliminación.DVR.mp4,Eliminacion,1,Eliminación,Eliminación,True,True,Eliminacion,eliminacion_o_variante,True
Fortnite 2026.08.02 - 17.31.12.07.Eliminación doble.DVR.mp4,Eliminacion,1,Eliminación doble,Eliminación,True,True,Eliminacion,eliminacion_o_variante,True
Fortnite 2026.08.02 - 17.32.21.08.Eliminación.DVR.mp4,Eliminacion,1,Eliminación,Eliminación,True,True,Eliminacion,eliminacion_o_variante,True
Fortnite 2026.08.02 - 17.38.00.09.Eliminación.DVR.mp4,Eliminacion,1,Eliminación,Eliminación,True,True,Eliminacion,eliminacion_o_variante,True
Fortnite 2026.08.02 - 17.38.19.10.Eliminado.DVR.mp4,Eliminado,0,Eliminado,Eliminado,True,True,Eliminado,eliminado_explicito,True
Fortnite 2026.08.02 - 17.46.28.12.Eliminación.DVR.mp4,Eliminacion,1,Eliminación,Eliminación,True,True,Eliminacion,eliminacion_o_variante,True
Fortnite 2026.08.02 - 17.47.16.13.Eliminación.DVR.mp4,Eliminacion,1,Eliminación,Eliminación,True,True,Eliminacion,eliminacion_o_variante,True
Fortnite 2026.08.02 - 17.49.05.14.Eliminación.DVR.mp4,Eliminacion,1,Eliminación,Eliminación,True,True,Eliminacion,eliminacion_o_variante,True
Fortnite 2026.08.02 - 17.50.28.15.Eliminación.DVR.mp4,Eliminacion,1,Eliminación,Eliminación,True,True,Eliminacion,eliminacion_o_variante,True
Fortnite 2026.08.02 - 17.50.50.16.Eliminado.DVR.mp4,Eliminado,0,Eliminado,Eliminado,True,True,Eliminado,eliminado_explicito,True
Fortnite 2026.08.02 - 18.01.36.18.Eliminado.DVR.mp4,Eliminado,0,Eliminado,Eliminado,True,True,Eliminado,eliminado_explicito,True
Fortnite 2026.08.02 - 18.04.31.20.Eliminación.DVR.mp4,Eliminacion,1,Eliminación,Eliminación,True,True,Eliminacion,eliminacion_o_variante,True
Fortnite 2026.08.02 - 18.06.41.21.Eliminación.DVR.mp4,Eliminacion,1,Eliminación,Eliminación,True,True,Eliminacion,eliminacion_o_variante,True
Fortnite 2026.08.02 - 18.07.59.22.Eliminación.DVR.mp4,Eliminacion,1,Eliminación,Eliminación,True,True,Eliminacion,eliminacion_o_variante,True
Fortnite 2026.08.02 - 18.08.51.23.Eliminación.DVR.mp4,Eliminacion,1,Eliminación,Eliminación,True,True,Eliminacion,eliminacion_o_variante,True
Fortnite 2026.08.02 - 18.09.08.24.Eliminado.DVR.mp4,Eliminado,0,Eliminado,Eliminado,True,True,Eliminado,eliminado_explicito,True
Fortnite 2026.08.06 - 16.32.34.02.Eliminación.DVR.mp4,Eliminacion,1,Eliminación,Eliminación,True,True,Eliminacion,eliminacion_o_variante,True
Fortnite 2026.08.06 - 16.33.07.03.Eliminación.DVR.mp4,Eliminacion,1,Eliminación,Eliminación,True,True,Eliminacion,eliminacion_o_variante,True
Fortnite 2026.08.06 - 16.34.22.04.Eliminación.DVR.mp4,Eliminacion,1,Eliminación,Eliminación,True,True,Eliminacion,eliminacion_o_variante,True
Fortnite 2026.08.06 - 16.36.15.05.Eliminación doble.DVR.mp4,Eliminacion,1,Eliminación doble,Eliminación,True,True,Eliminacion,eliminacion_o_variante,True
Fortnite 2026.08.06 - 16.37.39.06.Eliminación.DVR.mp4,Eliminacion,1,Eliminación,Eliminación,True,True,Eliminacion,eliminacion_o_variante,True
Fortnite 2026.08.06 - 16.38.07.07.Eliminado.DVR.mp4,Eliminado,0,Eliminado,Eliminado,True,True,Eliminado,eliminado_explicito,True
Fortnite 2026.08.06 - 16.42.22.09.Eliminación.DVR.mp4,Eliminacion,1,Eliminación,Eliminación,True,True,Eliminacion,eliminacion_o_variante,True
Fortnite 2026.08.06 - 16.42.34.10.Eliminación.DVR.mp4,Eliminacion,1,Eliminación,Eliminación,True,True,Eliminacion,eliminacion_o_variante,True
Fortnite 2026.08.06 - 16.44.19.11.Eliminación.DVR.mp4,Eliminacion,1,Eliminación,Eliminación,True,True,Eliminacion,eliminacion_o_variante,True
Fortnite 2026.08.06 - 16.44.27.12.Eliminación.DVR.mp4,Eliminacion,1,Eliminación,Eliminación,True,True,Eliminacion,eliminacion_o_variante,True
Fortnite 2026.08.06 - 16.45.50.13.Eliminado.DVR.mp4,Eliminado,0,Eliminado,Eliminado,True,True,Eliminado,eliminado_explicito,True
Fortnite 2026.08.06 - 16.49.27.15.Eliminación.DVR.mp4,Eliminacion,1,Eliminación,Eliminación,True,True,Eliminacion,eliminacion_o_variante,True
Fortnite 2026.08.06 - 16.50.10.16.Eliminación.DVR.mp4,Eliminacion,1,Eliminación,Eliminación,True,True,Eliminacion,eliminacion_o_variante,True
Fortnite 2026.08.06 - 16.55.04.17.Eliminación doble.DVR.mp4,Eliminacion,1,Eliminación doble,Eliminación,True,True,Eliminacion,eliminacion_o_variante,True
Fortnite 2026.08.06 - 16.55.51.18.Eliminación.DVR.mp4,Eliminacion,1,Eliminación,Eliminación,True,True,Eliminacion,eliminacion_o_variante,True
Fortnite 2026.08.06 - 16.56.25.19.Eliminación.DVR.mp4,Eliminacion,1,Eliminación,Eliminación,True,True,Eliminacion,eliminacion_o_variante,True
Fortnite 2026.08.06 - 16.57.08.20.Eliminación.DVR.mp4,Eliminacion,1,Eliminación,Eliminación,True,True,Eliminacion,eliminacion_o_variante,True
Fortnite 2026.08.06 - 16.58.09.21.Eliminación.DVR.mp4,Eliminacion,1,Eliminación,Eliminación,True,True,Eliminacion,eliminacion_o_variante,True
Fortnite 2026.08.06 - 17.00.15.22.Eliminación.DVR.mp4,Eliminacion,1,Eliminación,Eliminación,True,True,Eliminacion,eliminacion_o_variante,True
Fortnite 2026.08.06 - 17.00.57.23.Abajo.DVR.mp4,Eliminacion,1,Abajo,Eliminación,True,True,unknown,abajo_ambiguo,True
Fortnite 2026.08.06 - 17.01.04.24.Eliminación.DVR.mp4,Eliminacion,1,Eliminación,Eliminación,True,True,Eliminacion,eliminacion_o_variante,True
Fortnite 2026.08.06 - 17.02.34.25.Eliminado.DVR.mp4,Eliminado,0,Eliminado,Eliminado,True,True,Eliminado,eliminado_explicito,True
Fortnite 2026.08.06 - 17.07.53.27.Eliminación.DVR.mp4,Eliminacion,1,Eliminación,Eliminación,True,True,Eliminacion,eliminacion_o_variante,True
Fortnite 2026.08.06 - 17.09.17.28.Eliminación.DVR.mp4,Eliminacion,1,Eliminación,Eliminación,True,True,Eliminacion,eliminacion_o_variante,True
Fortnite 2026.08.06 - 17.10.00.29.Eliminación.DVR.mp4,Eliminacion,1,Eliminación,Eliminación,True,True,Eliminacion,eliminacion_o_variante,True
Fortnite 2026.08.06 - 17.11.11.30.Eliminación doble.DVR.mp4,Eliminacion,1,Eliminación doble,Eliminación,True,True,Eliminacion,eliminacion_o_variante,True
Fortnite 2026.08.06 - 17.12.38.31.Eliminación.DVR.mp4,Eliminacion,1,Eliminación,Eliminación,True,True,Eliminacion,eliminacion_o_variante,True
Fortnite 2026.08.06 - 17.14.48.32.Eliminado.DVR.mp4,Eliminado,0,Eliminado,Eliminado,True,True,Eliminado,eliminado_explicito,True
Fortnite 2026.08.06 - 17.18.48.34.Eliminación.DVR.mp4,Eliminacion,1,Eliminación,Eliminación,True,True,Eliminacion,eliminacion_o_variante,True
Fortnite 2026.08.06 - 17.18.58.35.Eliminado.DVR.mp4,Eliminado,0,Eliminado,Eliminado,True,True,Eliminado,eliminado_explicito,True
Fortnite 2026.08.06 - 17.23.35.37.Eliminación.DVR.mp4,Eliminacion,1,Eliminación,Eliminación,True,True,Eliminacion,eliminacion_o_variante,True
Fortnite 2026.08.06 - 17.23.52.38.Eliminación.DVR.mp4,Eliminacion,1,Eliminación,Eliminación,True,True,Eliminacion,eliminacion_o_variante,True
Fortnite 2026.08.06 - 17.24.58.39.Eliminación.DVR.mp4,Eliminacion,1,Eliminación,Eliminación,True,True,Eliminacion,eliminacion_o_variante,True
Fortnite 2026.08.06 - 17.26.05.40.Eliminación doble.DVR.mp4,Eliminacion,1,Eliminación doble,Eliminación,True,True,Eliminacion,eliminacion_o_variante,True
Fortnite 2026.08.06 - 17.26.18.41.Eliminación.DVR.mp4,Eliminacion,1,Eliminación,Eliminación,True,True,Eliminacion,eliminacion_o_variante,True
Fortnite 2026.08.06 - 17.27.15.42.Eliminado.DVR.mp4,Eliminado,0,Eliminado,Eliminado,True,True,Eliminado,eliminado_explicito,True
Fortnite 2026.08.06 - 17.30.30.44.Eliminación.DVR.mp4,Eliminacion,1,Eliminación,Eliminación,True,True,Eliminacion,eliminacion_o_variante,True
Fortnite 2026.08.06 - 17.32.16.45.Eliminación.DVR.mp4,Eliminacion,1,Eliminación,Eliminación,True,True,Eliminacion,eliminacion_o_variante,True
Fortnite 2026.08.06 - 17.32.24.46.Eliminación.DVR.mp4,Eliminacion,1,Eliminación,Eliminación,True,True,Eliminacion,eliminacion_o_variante,True
Fortnite 2026.08.06 - 17.32.35.47.Eliminado.DVR.mp4,Eliminado,0,Eliminado,Eliminado,True,True,Eliminado,eliminado_explicito,True
Fortnite 2026.08.06 - 17.35.22.49.Eliminado.DVR.mp4,Eliminado,0,Eliminado,Eliminado,True,True,Eliminado,eliminado_explicito,True
Fortnite 2026.08.06 - 17.39.11.51.Eliminación.DVR.mp4,Eliminacion,1,Eliminación,Eliminación,True,True,Eliminacion,eliminacion_o_variante,True
Fortnite 2026.08.06 - 17.39.24.52.Eliminado.DVR.mp4,Eliminado,0,Eliminado,Eliminado,True,True,Eliminado,eliminado_explicito,True
Fortnite 2026.08.06 - 17.43.17.54.Eliminación.DVR.mp4,Eliminacion,1,Eliminación,Eliminación,True,True,Eliminacion,eliminacion_o_variante,True
Fortnite 2026.08.06 - 17.43.38.55.Eliminación.DVR.mp4,Eliminacion,1,Eliminación,Eliminación,True,True,Eliminacion,eliminacion_o_variante,True
Fortnite 2026.08.06 - 17.44.54.56.Eliminación.DVR.mp4,Eliminacion,1,Eliminación,Eliminación,True,True,Eliminacion,eliminacion_o_variante,True
Fortnite 2026.08.06 - 17.46.20.57.Eliminado.DVR.mp4,Eliminado,0,Eliminado,Eliminado,True,True,Eliminado,eliminado_explicito,True
Fortnite 2026.08.06 - 17.49.07.59.Eliminación.DVR.mp4,Eliminacion,1,Eliminación,Eliminación,True,True,Eliminacion,eliminacion_o_variante,True
Fortnite 2026.08.06 - 17.49.13.60.Eliminación.DVR.mp4,Eliminacion,1,Eliminación,Eliminación,True,True,Eliminacion,eliminacion_o_variante,True
Fortnite 2026.08.06 - 17.50.18.61.Eliminación.DVR.mp4,Eliminacion,1,Eliminación,Eliminación,True,True,Eliminacion,eliminacion_o_variante,True
Fortnite 2026.08.06 - 17.51.57.63.Eliminación.DVR.mp4,Eliminacion,1,Eliminación,Eliminación,True,True,Eliminacion,eliminacion_o_variante,True
Fortnite 2026.08.06 - 17.54.59.64.Eliminación doble.DVR.mp4,Eliminacion,1,Eliminación doble,Eliminación,True,True,Eliminacion,eliminacion_o_variante,True
Fortnite 2026.08.06 - 17.55.49.65.Eliminación.DVR.mp4,Eliminacion,1,Eliminación,Eliminación,True,True,Eliminacion,eliminacion_o_variante,True
Fortnite 2026.08.06 - 17.56.12.66.Eliminado.DVR.mp4,Eliminado,0,Eliminado,Eliminado,True,True,Eliminado,eliminado_explicito,True
Fortnite 2026.08.06 - 18.00.20.68.Eliminación.DVR.mp4,Eliminacion,1,Eliminación,Eliminación,True,True,Eliminacion,eliminacion_o_variante,True
Fortnite 2026.08.06 - 18.00.45.69.Eliminación.DVR.mp4,Eliminacion,1,Eliminación,Eliminación,True,True,Eliminacion,eliminacion_o_variante,True
Fortnite 2026.08.06 - 18.01.26.70.Eliminación.DVR.mp4,Eliminacion,1,Eliminación,Eliminación,True,True,Eliminacion,eliminacion_o_variante,True
Fortnite 2026.08.06 - 18.02.32.71.Eliminación.DVR.mp4,Eliminacion,1,Eliminación,Eliminación,True,True,Eliminacion,eliminacion_o_variante,True
Fortnite 2026.08.06 - 18.02.51.72.Eliminación.DVR.mp4,Eliminacion,1,Eliminación,Eliminación,True,True,Eliminacion,eliminacion_o_variante,True
Fortnite 2026.08.06 - 18.03.55.73.Eliminación.DVR.mp4,Eliminacion,1,Eliminación,Eliminación,True,True,Eliminacion,eliminacion_o_variante,True
Fortnite 2026.08.06 - 18.05.46.74.Eliminación.DVR.mp4,Eliminacion,1,Eliminación,Eliminación,True,True,Eliminacion,eliminacion_o_variante,True
Fortnite 2026.08.06 - 18.05.53.75.Eliminación.DVR.mp4,Eliminacion,1,Eliminación,Eliminación,True,True,Eliminacion,eliminacion_o_variante,True
Fortnite 2026.08.06 - 18.07.42.76.Eliminado.DVR.mp4,Eliminado,0,Eliminado,Eliminado,True,True,Eliminado,eliminado_explicito,True
Fortnite 2026.08.06 - 18.11.36.78.Eliminación doble.DVR.mp4,Eliminacion,1,Eliminación doble,Eliminación,True,True,Eliminacion,eliminacion_o_variante,True
Fortnite 2026.08.06 - 18.12.48.79.Eliminado.DVR.mp4,Eliminado,0,Eliminado,Eliminado,True,True,Eliminado,eliminado_explicito,True
Fortnite 2026.08.07 - 20.11.55.02.Eliminación.DVR.mp4,Eliminacion,1,Eliminación,Eliminación,True,True,Eliminacion,eliminacion_o_variante,True
Fortnite 2026.08.07 - 20.13.02.03.Eliminación.DVR.mp4,Eliminacion,1,Eliminación,Eliminación,True,True,Eliminacion,eliminacion_o_variante,True
Fortnite 2026.08.07 - 20.13.22.04.Eliminación triple.DVR.mp4,Eliminacion,1,Eliminación triple,Eliminación,True,True,Eliminacion,eliminacion_o_variante,True
Fortnite 2026.08.07 - 20.13.29.05.Eliminación.DVR.mp4,Eliminacion,1,Eliminación,Eliminación,True,True,Eliminacion,eliminacion_o_variante,True
Fortnite 2026.08.07 - 20.14.48.06.Eliminación.DVR.mp4,Eliminacion,1,Eliminación,Eliminación,True,True,Eliminacion,eliminacion_o_variante,True
Fortnite 2026.08.07 - 20.18.38.07.Eliminación.DVR.mp4,Eliminacion,1,Eliminación,Eliminación,True,True,Eliminacion,eliminacion_o_variante,True
Fortnite 2026.08.07 - 20.19.10.08.Eliminación.DVR.mp4,Eliminacion,1,Eliminación,Eliminación,True,True,Eliminacion,eliminacion_o_variante,True
Fortnite 2026.08.07 - 20.19.54.09.Eliminación.DVR.mp4,Eliminacion,1,Eliminación,Eliminación,True,True,Eliminacion,eliminacion_o_variante,True
Fortnite 2026.08.07 - 20.20.48.10.Eliminación.DVR.mp4,Eliminacion,1,Eliminación,Eliminación,True,True,Eliminacion,eliminacion_o_variante,True
Fortnite 2026.08.07 - 20.21.21.11.Eliminado.DVR.mp4,Eliminado,0,Eliminado,Eliminado,True,True,Eliminado,eliminado_explicito,True
Fortnite 2026.08.07 - 20.24.37.13.Eliminación.DVR.mp4,Eliminacion,1,Eliminación,Eliminación,True,True,Eliminacion,eliminacion_o_variante,True
Fortnite 2026.08.07 - 20.26.03.14.Eliminación doble.DVR.mp4,Eliminacion,1,Eliminación doble,Eliminación,True,True,Eliminacion,eliminacion_o_variante,True
Fortnite 2026.08.07 - 20.27.55.15.Eliminación.DVR.mp4,Eliminacion,1,Eliminación,Eliminación,True,True,Eliminacion,eliminacion_o_variante,True
Fortnite 2026.08.07 - 20.28.36.16.Eliminación.DVR.mp4,Eliminacion,1,Eliminación,Eliminación,True,True,Eliminacion,eliminacion_o_variante,True
Fortnite 2026.08.07 - 20.32.09.17.Eliminación.DVR.mp4,Eliminacion,1,Eliminación,Eliminación,True,True,Eliminacion,eliminacion_o_variante,True
Fortnite 2026.08.07 - 20.32.27.18.Eliminación.DVR.mp4,Eliminacion,1,Eliminación,Eliminación,True,True,Eliminacion,eliminacion_o_variante,True
Fortnite 2026.08.07 - 20.35.16.19.Eliminación.DVR.mp4,Eliminacion,1,Eliminación,Eliminación,True,True,Eliminacion,eliminacion_o_variante,True
Fortnite 2026.08.07 - 20.35.51.20.Eliminación.DVR.mp4,Eliminacion,1,Eliminación,Eliminación,True,True,Eliminacion,eliminacion_o_variante,True
Fortnite 2026.08.07 - 20.36.56.21.Eliminación.DVR.mp4,Eliminacion,1,Eliminación,Eliminación,True,True,Eliminacion,eliminacion_o_variante,True
Fortnite 2026.08.07 - 20.38.38.22.Eliminación.DVR.mp4,Eliminacion,1,Eliminación,Eliminación,True,True,Eliminacion,eliminacion_o_variante,True
Fortnite 2026.08.07 - 20.42.55.23.Eliminado.DVR.mp4,Eliminado,0,Eliminado,Eliminado,True,True,Eliminado,eliminado_explicito,True
Fortnite 2026.08.07 - 20.47.24.25.Eliminación.DVR.mp4,Eliminacion,1,Eliminación,Eliminación,True,True,Eliminacion,eliminacion_o_variante,True
Fortnite 2026.08.07 - 20.51.43.26.Eliminación.DVR.mp4,Eliminacion,1,Eliminación,Eliminación,True,True,Eliminacion,eliminacion_o_variante,True
Fortnite 2026.08.07 - 20.54.01.27.Eliminación doble.DVR.mp4,Eliminacion,1,Eliminación doble,Eliminación,True,True,Eliminacion,eliminacion_o_variante,True
Fortnite 2026.08.07 - 20.54.59.28.Eliminación.DVR.mp4,Eliminacion,1,Eliminación,Eliminación,True,True,Eliminacion,eliminacion_o_variante,True
Fortnite 2026.08.07 - 21.00.41.30.Eliminación.DVR.mp4,Eliminacion,1,Eliminación,Eliminación,True,True,Eliminacion,eliminacion_o_variante,True
Fortnite 2026.08.07 - 21.01.02.31.Eliminación.DVR.mp4,Eliminacion,1,Eliminación,Eliminación,True,True,Eliminacion,eliminacion_o_variante,True
Fortnite 2026.08.07 - 21.01.39.32.Eliminación.DVR.mp4,Eliminacion,1,Eliminación,Eliminación,True,True,Eliminacion,eliminacion_o_variante,True
Fortnite 2026.08.07 - 21.06.47.33.Eliminación.DVR.mp4,Eliminacion,1,Eliminación,Eliminación,True,True,Eliminacion,eliminacion_o_variante,True
Fortnite 2026.08.07 - 21.12.16.34.Eliminado.DVR.mp4,Eliminado,0,Eliminado,Eliminado,True,True,Eliminado,eliminado_explicito,True
Fortnite 2026.08.07 - 21.18.35.36.Eliminado.DVR.mp4,Eliminado,0,Eliminado,Eliminado,True,True,Eliminado,eliminado_explicito,True
Fortnite 2026.08.07 - 21.22.41.38.Eliminado.DVR.mp4,Eliminado,0,Eliminado,Eliminado,True,True,Eliminado,eliminado_explicito,True
Fortnite 2026.08.07 - 21.25.59.40.Eliminación doble.DVR.mp4,Eliminacion,1,Eliminación doble,Eliminación,True,True,Eliminacion,eliminacion_o_variante,True
Fortnite 2026.08.07 - 21.26.39.41.Eliminación doble.DVR.mp4,Eliminacion,1,Eliminación doble,Eliminación,True,True,Eliminacion,eliminacion_o_variante,True
Fortnite 2026.08.07 - 21.26.48.42.Eliminación triple.DVR.mp4,Eliminacion,1,Eliminación triple,Eliminación,True,True,Eliminacion,eliminacion_o_variante,True
Fortnite 2026.08.07 - 21.27.00.43.Eliminación.DVR.mp4,Eliminacion,1,Eliminación,Eliminación,True,True,Eliminacion,eliminacion_o_variante,True
Fortnite 2026.08.07 - 21.31.39.44.Eliminación.DVR.mp4,Eliminacion,1,Eliminación,Eliminación,True,True,Eliminacion,eliminacion_o_variante,True
Fortnite 2026.08.07 - 21.31.58.45.Eliminado.DVR.mp4,Eliminado,0,Eliminado,Eliminado,True,True,Eliminado,eliminado_explicito,True
Fortnite 2026.08.07 - 21.35.01.47.Eliminación.DVR.mp4,Eliminacion,1,Eliminación,Eliminación,True,True,Eliminacion,eliminacion_o_variante,True
Fortnite 2026.08.07 - 21.35.21.48.Eliminado.DVR.mp4,Eliminado,0,Eliminado,Eliminado,True,True,Eliminado,eliminado_explicito,True
Fortnite 2026.08.08 - 20.38.27.02.Abajo.DVR.mp4,Eliminacion,1,Abajo,Eliminación,True,True,unknown,abajo_ambiguo,True
Fortnite 2026.08.08 - 20.38.33.03.Eliminación.DVR.mp4,Eliminacion,1,Eliminación,Eliminación,True,True,Eliminacion,eliminacion_o_variante,True
Fortnite 2026.08.08 - 20.38.49.04.Eliminación múltiple.DVR.mp4,Eliminacion,1,Eliminación múltiple,Eliminación,True,True,Eliminacion,eliminacion_o_variante,True
Fortnite 2026.08.08 - 20.42.13.06.Abajo.DVR.mp4,Eliminacion,1,Abajo,Eliminación,True,True,unknown,abajo_ambiguo,True
Fortnite 2026.08.08 - 20.42.19.07.Eliminación.DVR.mp4,Eliminacion,1,Eliminación,Eliminación,True,True,Eliminacion,eliminacion_o_variante,True
Fortnite 2026.08.08 - 20.42.57.08.Eliminación.DVR.mp4,Eliminacion,1,Eliminación,Eliminación,True,True,Eliminacion,eliminacion_o_variante,True
Fortnite 2026.08.08 - 20.46.01.09.Eliminación.DVR.mp4,Eliminacion,1,Eliminación,Eliminación,True,True,Eliminacion,eliminacion_o_variante,True
Fortnite 2026.08.08 - 20.46.03.10.Eliminado.DVR.mp4,Eliminado,0,Eliminado,Eliminado,True,True,Eliminado,eliminado_explicito,True
Fortnite 2026.08.08 - 20.49.22.12.Eliminado.DVR.mp4,Eliminado,0,Eliminado,Eliminado,True,True,Eliminado,eliminado_explicito,True
Fortnite 2026.08.08 - 20.54.27.14.Eliminación.DVR.mp4,Eliminacion,1,Eliminación,Eliminación,True,True,Eliminacion,eliminacion_o_variante,True
Fortnite 2026.08.08 - 20.58.32.15.Eliminación múltiple.DVR.mp4,Eliminacion,1,Eliminación múltiple,Eliminación,True,True,Eliminacion,eliminacion_o_variante,True
Fortnite 2026.08.08 - 20.59.33.16.Eliminación.DVR.mp4,Eliminacion,1,Eliminación,Eliminación,True,True,Eliminacion,eliminacion_o_variante,True
Fortnite 2026.08.08 - 21.02.37.17.Eliminación.DVR.mp4,Eliminacion,1,Eliminación,Eliminación,True,True,Eliminacion,eliminacion_o_variante,True
Fortnite 2026.08.08 - 21.04.59.18.Eliminación.DVR.mp4,Eliminacion,1,Eliminación,Eliminación,True,True,Eliminacion,eliminacion_o_variante,True
Fortnite 2026.08.08 - 21.07.30.19.Eliminación.DVR.mp4,Eliminacion,1,Eliminación,Eliminación,True,True,Eliminacion,eliminacion_o_variante,True
Fortnite 2026.08.08 - 21.08.57.20.Eliminación.DVR.mp4,Eliminacion,1,Eliminación,Eliminación,True,True,Eliminacion,eliminacion_o_variante,True
Fortnite 2026.08.08 - 21.09.18.21.Eliminado.DVR.mp4,Eliminado,0,Eliminado,Eliminado,True,True,Eliminado,eliminado_explicito,True
Fortnite 2026.08.08 - 21.19.04.23.Eliminación.DVR.mp4,Eliminacion,1,Eliminación,Eliminación,True,True,Eliminacion,eliminacion_o_variante,True
Fortnite 2026.08.08 - 21.19.20.24.Eliminación.DVR.mp4,Eliminacion,1,Eliminación,Eliminación,True,True,Eliminacion,eliminacion_o_variante,True
Fortnite 2026.08.08 - 21.22.31.26.Eliminación doble.DVR.mp4,Eliminacion,1,Eliminación doble,Eliminación,True,True,Eliminacion,eliminacion_o_variante,True
Fortnite 2026.08.08 - 21.23.57.27.Eliminación.DVR.mp4,Eliminacion,1,Eliminación,Eliminación,True,True,Eliminacion,eliminacion_o_variante,True
Fortnite 2026.08.08 - 21.24.21.28.Eliminación doble.DVR.mp4,Eliminacion,1,Eliminación doble,Eliminación,True,True,Eliminacion,eliminacion_o_variante,True
Fortnite 2026.08.08 - 21.28.30.29.Eliminación.DVR.mp4,Eliminacion,1,Eliminación,Eliminación,True,True,Eliminacion,eliminacion_o_variante,True
Fortnite 2026.08.08 - 21.29.17.30.Eliminación.DVR.mp4,Eliminacion,1,Eliminación,Eliminación,True,True,Eliminacion,eliminacion_o_variante,True
Fortnite 2026.08.08 - 21.30.31.31.Eliminación.DVR.mp4,Eliminacion,1,Eliminación,Eliminación,True,True,Eliminacion,eliminacion_o_variante,True
Fortnite 2026.08.08 - 21.33.28.32.Eliminación.DVR.mp4,Eliminacion,1,Eliminación,Eliminación,True,True,Eliminacion,eliminacion_o_variante,True
Fortnite 2026.08.08 - 21.37.54.33.Eliminación.DVR.mp4,Eliminacion,1,Eliminación,Eliminación,True,True,Eliminacion,eliminacion_o_variante,True
Fortnite 2026.08.08 - 21.39.43.34.Eliminado.DVR.mp4,Eliminado,0,Eliminado,Eliminado,True,True,Eliminado,eliminado_explicito,True
Fortnite 2026.08.08 - 21.53.14.36.Eliminado.DVR.mp4,Eliminado,0,Eliminado,Eliminado,True,True,Eliminado,eliminado_explicito,True
Fortnite 2026.08.14 - 20.53.21.02.Eliminado.DVR.mp4,Eliminado,0,Eliminado,Eliminado,True,True,Eliminado,eliminado_explicito,True
Fortnite 2026.08.14 - 20.55.06.03.Eliminación.DVR.mp4,Eliminacion,1,Eliminación,Eliminación,True,True,Eliminacion,eliminacion_o_variante,True
Fortnite 2026.08.14 - 20.55.35.04.Eliminación.DVR.mp4,Eliminacion,1,Eliminación,Eliminación,True,True,Eliminacion,eliminacion_o_variante,True
Fortnite 2026.08.14 - 20.55.58.05.Eliminación.DVR.mp4,Eliminacion,1,Eliminación,Eliminación,True,True,Eliminacion,eliminacion_o_variante,True
Fortnite 2026.08.14 - 20.56.19.06.Eliminación.DVR.mp4,Eliminacion,1,Eliminación,Eliminación,True,True,Eliminacion,eliminacion_o_variante,True
Fortnite 2026.08.14 - 20.56.26.07.Eliminación.DVR.mp4,Eliminacion,1,Eliminación,Eliminación,True,True,Eliminacion,eliminacion_o_variante,True
Fortnite 2026.08.14 - 20.56.41.08.Eliminación.DVR.mp4,Eliminacion,1,Eliminación,Eliminación,True,True,Eliminacion,eliminacion_o_variante,True
Fortnite 2026.08.14 - 20.57.32.09.Eliminación.DVR.mp4,Eliminacion,1,Eliminación,Eliminación,True,True,Eliminacion,eliminacion_o_variante,True
Fortnite 2026.08.14 - 20.57.51.10.Eliminación.DVR.mp4,Eliminacion,1,Eliminación,Eliminación,True,True,Eliminacion,eliminacion_o_variante,True
Fortnite 2026.08.14 - 20.59.16.11.Eliminación.DVR.mp4,Eliminacion,1,Eliminación,Eliminación,True,True,Eliminacion,eliminacion_o_variante,True
Fortnite 2026.08.14 - 20.59.38.12.Eliminación.DVR.mp4,Eliminacion,1,Eliminación,Eliminación,True,True,Eliminacion,eliminacion_o_variante,True
Fortnite 2026.08.14 - 21.00.15.13.Eliminación.DVR.mp4,Eliminacion,1,Eliminación,Eliminación,True,True,Eliminacion,eliminacion_o_variante,True
Fortnite 2026.08.14 - 21.00.51.14.Eliminación.DVR.mp4,Eliminacion,1,Eliminación,Eliminación,True,True,Eliminacion,eliminacion_o_variante,True
Fortnite 2026.08.14 - 21.01.09.15.Eliminación.DVR.mp4,Eliminacion,1,Eliminación,Eliminación,True,True,Eliminacion,eliminacion_o_variante,True
Fortnite 2026.08.14 - 21.03.12.16.Eliminación.DVR.mp4,Eliminacion,1,Eliminación,Eliminación,True,True,Eliminacion,eliminacion_o_variante,True
Fortnite 2026.08.14 - 21.04.06.17.Eliminación.DVR.mp4,Eliminacion,1,Eliminación,Eliminación,True,True,Eliminacion,eliminacion_o_variante,True
Fortnite 2026.08.14 - 21.05.09.18.Eliminación.DVR.mp4,Eliminacion,1,Eliminación,Eliminación,True,True,Eliminacion,eliminacion_o_variante,True
Fortnite 2026.08.14 - 21.07.32.19.Eliminación.DVR.mp4,Eliminacion,1,Eliminación,Eliminación,True,True,Eliminacion,eliminacion_o_variante,True
Fortnite 2026.08.14 - 21.12.27.21.Eliminación.DVR.mp4,Eliminacion,1,Eliminación,Eliminación,True,True,Eliminacion,eliminacion_o_variante,True
Fortnite 2026.08.14 - 21.12.33.22.Eliminado.DVR.mp4,Eliminado,0,Eliminado,Eliminado,True,True,Eliminado,eliminado_explicito,True
Fortnite 2026.08.14 - 21.15.31.23.Eliminación.DVR.mp4,Eliminacion,1,Eliminación,Eliminación,True,True,Eliminacion,eliminacion_o_variante,True
Fortnite 2026.08.14 - 21.16.40.24.Eliminación.DVR.mp4,Eliminacion,1,Eliminación,Eliminación,True,True,Eliminacion,eliminacion_o_variante,True
Fortnite 2026.08.14 - 21.17.55.25.Eliminado.DVR.mp4,Eliminado,0,Eliminado,Eliminado,True,True,Eliminado,eliminado_explicito,True
Fortnite 2026.08.14 - 21.19.56.26.Eliminación.DVR.mp4,Eliminacion,1,Eliminación,Eliminación,True,True,Eliminacion,eliminacion_o_variante,True
Fortnite 2026.08.14 - 21.20.55.27.Eliminado.DVR.mp4,Eliminado,0,Eliminado,Eliminado,True,True,Eliminado,eliminado_explicito,True
Fortnite 2026.08.14 - 21.21.25.28.Eliminado.DVR.mp4,Eliminado,0,Eliminado,Eliminado,True,True,Eliminado,eliminado_explicito,True
Fortnite 2026.08.14 - 21.25.23.30.Eliminado.DVR.mp4,Eliminado,0,Eliminado,Eliminado,True,True,Eliminado,eliminado_explicito,True
Fortnite 2026.08.14 - 21.27.30.31.Eliminación.DVR.mp4,Eliminacion,1,Eliminación,Eliminación,True,True,Eliminacion,eliminacion_o_variante,True
Fortnite 2026.08.14 - 21.28.21.32.Eliminación.DVR.mp4,Eliminacion,1,Eliminación,Eliminación,True,True,Eliminacion,eliminacion_o_variante,True
Fortnite 2026.08.14 - 21.33.05.33.Eliminación.DVR.mp4,Eliminacion,1,Eliminación,Eliminación,True,True,Eliminacion,eliminacion_o_variante,True
Fortnite 2026.08.14 - 21.35.00.34.Eliminado.DVR.mp4,Eliminado,0,Eliminado,Eliminado,True,True,Eliminado,eliminado_explicito,True
Fortnite 2026.08.14 - 21.35.24.35.Eliminado.DVR.mp4,Eliminado,0,Eliminado,Eliminado,True,True,Eliminado,eliminado_explicito,True
Fortnite 2026.08.14 - 21.36.27.36.Eliminación.DVR.mp4,Eliminacion,1,Eliminación,Eliminación,True,True,Eliminacion,eliminacion_o_variante,True
Fortnite 2026.08.14 - 21.36.37.37.Eliminado.DVR.mp4,Eliminado,0,Eliminado,Eliminado,True,True,Eliminado,eliminado_explicito,True
Fortnite 2026.08.14 - 21.39.43.39.Eliminación.DVR.mp4,Eliminacion,1,Eliminación,Eliminación,True,True,Eliminacion,eliminacion_o_variante,True
Fortnite 2026.08.14 - 21.40.51.40.Eliminación.DVR.mp4,Eliminacion,1,Eliminación,Eliminación,True,True,Eliminacion,eliminacion_o_variante,True
Fortnite 2026.08.14 - 21.41.58.41.Eliminado.DVR.mp4,Eliminado,0,Eliminado,Eliminado,True,True,Eliminado,eliminado_explicito,True
Fortnite 2026.08.14 - 21.45.55.42.Eliminado.DVR.mp4,Eliminado,0,Eliminado,Eliminado,True,True,Eliminado,eliminado_explicito,True
Fortnite 2026.08.14 - 21.46.31.43.Eliminado.DVR.mp4,Eliminado,0,Eliminado,Eliminado,True,True,Eliminado,eliminado_explicito,True
Fortnite 2026.08.14 - 21.49.12.45.Eliminado.DVR.mp4,Eliminado,0,Eliminado,Eliminado,True,True,Eliminado,eliminado_explicito,True
Fortnite 2026.08.14 - 21.50.15.46.Eliminación.DVR.mp4,Eliminacion,1,Eliminación,Eliminación,True,True,Eliminacion,eliminacion_o_variante,True
Fortnite 2026.08.14 - 21.51.04.47.Eliminación doble.DVR.mp4,Eliminacion,1,Eliminación doble,Eliminación,True,True,Eliminacion,eliminacion_o_variante,True
Fortnite 2026.08.14 - 21.51.11.48.Eliminación.DVR.mp4,Eliminacion,1,Eliminación,Eliminación,True,True,Eliminacion,eliminacion_o_variante,True
Fortnite 2026.08.14 - 21.52.14.49.Eliminación.DVR.mp4,Eliminacion,1,Eliminación,Eliminación,True,True,Eliminacion,eliminacion_o_variante,True
Fortnite 2026.08.14 - 21.52.21.50.Eliminación.DVR.mp4,Eliminacion,1,Eliminación,Eliminación,True,True,Eliminacion,eliminacion_o_variante,True
Fortnite 2026.08.14 - 21.52.49.51.Eliminación.DVR.mp4,Eliminacion,1,Eliminación,Eliminación,True,True,Eliminacion,eliminacion_o_variante,True
Fortnite 2026.08.14 - 21.54.05.52.Eliminación.DVR.mp4,Eliminacion,1,Eliminación,Eliminación,True,True,Eliminacion,eliminacion_o_variante,True
Fortnite 2026.08.14 - 21.55.12.53.Eliminación.DVR.mp4,Eliminacion,1,Eliminación,Eliminación,True,True,Eliminacion,eliminacion_o_variante,True
Fortnite 2026.08.14 - 21.57.01.54.Eliminado.DVR.mp4,Eliminado,0,Eliminado,Eliminado,True,True,Eliminado,eliminado_explicito,True
Fortnite 2026.08.14 - 21.58.05.55.Eliminación.DVR.mp4,Eliminacion,1,Eliminación,Eliminación,True,True,Eliminacion,eliminacion_o_variante,True
Fortnite 2026.08.14 - 22.01.41.56.Eliminación.DVR.mp4,Eliminacion,1,Eliminación,Eliminación,True,True,Eliminacion,eliminacion_o_variante,True
Fortnite 2026.08.14 - 22.03.14.57.Eliminado.DVR.mp4,Eliminado,0,Eliminado,Eliminado,True,True,Eliminado,eliminado_explicito,True
Fortnite 2026.08.14 - 22.05.45.59.Eliminado.DVR.mp4,Eliminado,0,Eliminado,Eliminado,True,True,Eliminado,eliminado_explicito,True
Fortnite 2026.08.14 - 22.07.01.60.Eliminado.DVR.mp4,Eliminado,0,Eliminado,Eliminado,True,True,Eliminado,eliminado_explicito,True
Fortnite 2026.08.14 - 22.11.13.61.Eliminación.DVR.mp4,Eliminacion,1,Eliminación,Eliminación,True,True,Eliminacion,eliminacion_o_variante,True
Fortnite 2026.08.14 - 22.11.39.62.Eliminación.DVR.mp4,Eliminacion,1,Eliminación,Eliminación,True,True,Eliminacion,eliminacion_o_variante,True
Fortnite 2026.08.14 - 22.12.12.63.Eliminado.DVR.mp4,Eliminado,0,Eliminado,Eliminado,True,True,Eliminado,eliminado_explicito,True
Fortnite 2026.08.14 - 22.15.57.64.Eliminación.DVR.mp4,Eliminacion,1,Eliminación,Eliminación,True,True,Eliminacion,eliminacion_o_variante,True
Fortnite 2026.08.14 - 22.16.16.65.Eliminación.DVR.mp4,Eliminacion,1,Eliminación,Eliminación,True,True,Eliminacion,eliminacion_o_variante,True
Fortnite 2026.08.14 - 22.16.52.66.Eliminación.DVR.mp4,Eliminacion,1,Eliminación,Eliminación,True,True,Eliminacion,eliminacion_o_variante,True
Fortnite 2026.08.14 - 22.17.16.67.Eliminado.DVR.mp4,Eliminado,0,Eliminado,Eliminado,True,True,Eliminado,eliminado_explicito,True
Fortnite 2026.08.14 - 22.20.07.68.Eliminado.DVR.mp4,Eliminado,0,Eliminado,Eliminado,True,True,Eliminado,eliminado_explicito,True
Fortnite 2026.08.15 - 20.03.44.02.Eliminación.DVR.mp4,Eliminacion,1,Eliminación,Eliminación,True,True,Eliminacion,eliminacion_o_variante,True
Fortnite 2026.08.15 - 20.06.15.03.Eliminación.DVR.mp4,Eliminacion,1,Eliminación,Eliminación,True,True,Eliminacion,eliminacion_o_variante,True
Fortnite 2026.08.15 - 20.06.48.04.Eliminación.DVR.mp4,Eliminacion,1,Eliminación,Eliminación,True,True,Eliminacion,eliminacion_o_variante,True
Fortnite 2026.08.15 - 20.07.07.05.Eliminación.DVR.mp4,Eliminacion,1,Eliminación,Eliminación,True,True,Eliminacion,eliminacion_o_variante,True
Fortnite 2026.08.15 - 20.07.23.06.Eliminación doble.DVR.mp4,Eliminacion,1,Eliminación doble,Eliminación,True,True,Eliminacion,eliminacion_o_variante,True
Fortnite 2026.08.15 - 20.07.52.07.Eliminación.DVR.mp4,Eliminacion,1,Eliminación,Eliminación,True,True,Eliminacion,eliminacion_o_variante,True
Fortnite 2026.08.15 - 20.08.02.08.Eliminación.DVR.mp4,Eliminacion,1,Eliminación,Eliminación,True,True,Eliminacion,eliminacion_o_variante,True
Fortnite 2026.08.15 - 20.08.44.09.Eliminación.DVR.mp4,Eliminacion,1,Eliminación,Eliminación,True,True,Eliminacion,eliminacion_o_variante,True
Fortnite 2026.08.15 - 20.11.00.10.Eliminación.DVR.mp4,Eliminacion,1,Eliminación,Eliminación,True,True,Eliminacion,eliminacion_o_variante,True
Fortnite 2026.08.15 - 20.16.03.11.Eliminación.DVR.mp4,Eliminacion,1,Eliminación,Eliminación,True,True,Eliminacion,eliminacion_o_variante,True
Fortnite 2026.08.15 - 20.16.09.12.Eliminado.DVR.mp4,Eliminado,0,Eliminado,Eliminado,True,True,Eliminado,eliminado_explicito,True
Fortnite 2026.08.15 - 20.19.54.14.Eliminación.DVR.mp4,Eliminacion,1,Eliminación,Eliminación,True,True,Eliminacion,eliminacion_o_variante,True
Fortnite 2026.08.15 - 20.21.24.15.Eliminación.DVR.mp4,Eliminacion,1,Eliminación,Eliminación,True,True,Eliminacion,eliminacion_o_variante,True
Fortnite 2026.08.15 - 20.21.33.16.Eliminación.DVR.mp4,Eliminacion,1,Eliminación,Eliminación,True,True,Eliminacion,eliminacion_o_variante,True
Fortnite 2026.08.15 - 20.22.03.17.Eliminación.DVR.mp4,Eliminacion,1,Eliminación,Eliminación,True,True,Eliminacion,eliminacion_o_variante,True
Fortnite 2026.08.15 - 20.23.15.18.Eliminación.DVR.mp4,Eliminacion,1,Eliminación,Eliminación,True,True,Eliminacion,eliminacion_o_variante,True
Fortnite 2026.08.15 - 20.23.50.19.Eliminación doble.DVR.mp4,Eliminacion,1,Eliminación doble,Eliminación,True,True,Eliminacion,eliminacion_o_variante,True
Fortnite 2026.08.15 - 20.24.43.20.Eliminación.DVR.mp4,Eliminacion,1,Eliminación,Eliminación,True,True,Eliminacion,eliminacion_o_variante,True
Fortnite 2026.08.15 - 20.25.38.21.Eliminación.DVR.mp4,Eliminacion,1,Eliminación,Eliminación,True,True,Eliminacion,eliminacion_o_variante,True
Fortnite 2026.08.15 - 20.27.42.22.Eliminación.DVR.mp4,Eliminacion,1,Eliminación,Eliminación,True,True,Eliminacion,eliminacion_o_variante,True
Fortnite 2026.08.15 - 20.29.23.23.Eliminación.DVR.mp4,Eliminacion,1,Eliminación,Eliminación,True,True,Eliminacion,eliminacion_o_variante,True
Fortnite 2026.08.15 - 20.29.48.24.Eliminado.DVR.mp4,Eliminado,0,Eliminado,Eliminado,True,True,Eliminado,eliminado_explicito,True
Fortnite 2026.08.15 - 20.30.27.25.Eliminado.DVR.mp4,Eliminado,0,Eliminado,Eliminado,True,True,Eliminado,eliminado_explicito,True
Fortnite 2026.08.15 - 20.33.23.26.Eliminado.DVR.mp4,Eliminado,0,Eliminado,Eliminado,True,True,Eliminado,eliminado_explicito,True
Fortnite 2026.08.15 - 20.38.47.28.Eliminación.DVR.mp4,Eliminacion,1,Eliminación,Eliminación,True,True,Eliminacion,eliminacion_o_variante,True
Fortnite 2026.08.15 - 20.38.58.29.Eliminación.DVR.mp4,Eliminacion,1,Eliminación,Eliminación,True,True,Eliminacion,eliminacion_o_variante,True
Fortnite 2026.08.15 - 20.39.15.30.Eliminado.DVR.mp4,Eliminado,0,Eliminado,Eliminado,True,True,Eliminado,eliminado_explicito,True
Fortnite 2026.08.15 - 20.43.04.31.Eliminación.DVR.mp4,Eliminacion,1,Eliminación,Eliminación,True,True,Eliminacion,eliminacion_o_variante,True
Fortnite 2026.08.15 - 20.44.57.32.Eliminado.DVR.mp4,Eliminado,0,Eliminado,Eliminado,True,True,Eliminado,eliminado_explicito,True
Fortnite 2026.08.15 - 20.48.21.33.Eliminado.DVR.mp4,Eliminado,0,Eliminado,Eliminado,True,True,Eliminado,eliminado_explicito,True
Fortnite 2026.08.15 - 20.50.06.34.Eliminado.DVR.mp4,Eliminado,0,Eliminado,Eliminado,True,True,Eliminado,eliminado_explicito,True
Fortnite 2026.09.05 - 18.32.05.02.Eliminación.DVR.mp4,Eliminacion,1,Eliminación,Eliminación,True,True,Eliminacion,eliminacion_o_variante,True
Fortnite 2026.09.05 - 18.34.16.03.Eliminación.DVR.mp4,Eliminacion,1,Eliminación,Eliminación,True,True,Eliminacion,eliminacion_o_variante,True
Fortnite 2026.09.05 - 18.34.39.04.Eliminación doble.DVR.mp4,Eliminacion,1,Eliminación doble,Eliminación,True,True,Eliminacion,eliminacion_o_variante,True
Fortnite 2026.09.05 - 18.36.41.05.Eliminación.DVR.mp4,Eliminacion,1,Eliminación,Eliminación,True,True,Eliminacion,eliminacion_o_variante,True
Fortnite 2026.09.05 - 18.36.53.06.Eliminación.DVR.mp4,Eliminacion,1,Eliminación,Eliminación,True,True,Eliminacion,eliminacion_o_variante,True
Fortnite 2026.09.05 - 18.43.44.07.Eliminación.DVR.mp4,Eliminacion,1,Eliminación,Eliminación,True,True,Eliminacion,eliminacion_o_variante,True
Fortnite 2026.09.05 - 18.44.05.08.Eliminación.DVR.mp4,Eliminacion,1,Eliminación,Eliminación,True,True,Eliminacion,eliminacion_o_variante,True
Fortnite 2026.09.05 - 18.44.18.09.Eliminación.DVR.mp4,Eliminacion,1,Eliminación,Eliminación,True,True,Eliminacion,eliminacion_o_variante,True
Fortnite 2026.09.05 - 18.45.33.10.Victoria.DVR.mp4,Victoria,2,,,False,False,Victoria,victoria_explicita,True
Fortnite 2026.09.05 - 18.48.30.12.Eliminación.DVR.mp4,Eliminacion,1,Eliminación,Eliminación,True,True,Eliminacion,eliminacion_o_variante,True
Fortnite 2026.09.05 - 18.49.17.13.Eliminación.DVR.mp4,Eliminacion,1,Eliminación,Eliminación,True,True,Eliminacion,eliminacion_o_variante,True
Fortnite 2026.09.05 - 18.49.40.14.Eliminación.DVR.mp4,Eliminacion,1,Eliminación,Eliminación,True,True,Eliminacion,eliminacion_o_variante,True
Fortnite 2026.09.05 - 18.50.00.15.Eliminación.DVR.mp4,Eliminacion,1,Eliminación,Eliminación,True,True,Eliminacion,eliminacion_o_variante,True
Fortnite 2026.09.05 - 18.50.34.16.Eliminación.DVR.mp4,Eliminacion,1,Eliminación,Eliminación,True,True,Eliminacion,eliminacion_o_variante,True
Fortnite 2026.09.05 - 18.51.03.17.Eliminación.DVR.mp4,Eliminacion,1,Eliminación,Eliminación,True,True,Eliminacion,eliminacion_o_variante,True
Fortnite 2026.09.05 - 18.51.09.18.Eliminación.DVR.mp4,Eliminacion,1,Eliminación,Eliminación,True,True,Eliminacion,eliminacion_o_variante,True
Fortnite 2026.09.05 - 18.51.50.19.Eliminación.DVR.mp4,Eliminacion,1,Eliminación,Eliminación,True,True,Eliminacion,eliminacion_o_variante,True
Fortnite 2026.09.05 - 18.52.17.20.Eliminación doble.DVR.mp4,Eliminacion,1,Eliminación doble,Eliminación,True,True,Eliminacion,eliminacion_o_variante,True
Fortnite 2026.09.05 - 18.54.08.21.Eliminación.DVR.mp4,Eliminacion,1,Eliminación,Eliminación,True,True,Eliminacion,eliminacion_o_variante,True
Fortnite 2026.09.05 - 18.55.28.22.Eliminación.DVR.mp4,Eliminacion,1,Eliminación,Eliminación,True,True,Eliminacion,eliminacion_o_variante,True
Fortnite 2026.09.05 - 18.57.16.23.Eliminación.DVR.mp4,Eliminacion,1,Eliminación,Eliminación,True,True,Eliminacion,eliminacion_o_variante,True
Fortnite 2026.09.05 - 18.57.59.24.Eliminación.DVR.mp4,Eliminacion,1,Eliminación,Eliminación,True,True,Eliminacion,eliminacion_o_variante,True
Fortnite 2026.09.05 - 18.58.12.25.Eliminación.DVR.mp4,Eliminacion,1,Eliminación,Eliminación,True,True,Eliminacion,eliminacion_o_variante,True
Fortnite 2026.09.05 - 19.02.12.26.Victoria.DVR.mp4,Victoria,2,,,False,False,Victoria,victoria_explicita,True
Fortnite 2026.09.05 - 19.07.59.28.Eliminación.DVR.mp4,Eliminacion,1,Eliminación,Eliminación,True,True,Eliminacion,eliminacion_o_variante,True
Fortnite 2026.09.05 - 19.10.44.29.Eliminación.DVR.mp4,Eliminacion,1,Eliminación,Eliminación,True,True,Eliminacion,eliminacion_o_variante,True
Fortnite 2026.09.05 - 19.20.10.30.Eliminación.DVR.mp4,Eliminacion,1,Eliminación,Eliminación,True,True,Eliminacion,eliminacion_o_variante,True
Fortnite 2026.09.05 - 19.20.16.31.Victoria.DVR.mp4,Victoria,2,,,False,False,Victoria,victoria_explicita,True
Fortnite 2026.09.05 - 19.25.51.33.Eliminación.DVR.mp4,Eliminacion,1,Eliminación,Eliminación,True,True,Eliminacion,eliminacion_o_variante,True
Fortnite 2026.09.05 - 19.26.59.34.Eliminación.DVR.mp4,Eliminacion,1,Eliminación,Eliminación,True,True,Eliminacion,eliminacion_o_variante,True
Fortnite 2026.09.05 - 19.38.23.35.Eliminado.DVR.mp4,Eliminado,0,Eliminado,Eliminado,True,True,Eliminado,eliminado_explicito,True
Fortnite 2026.09.05 - 19.43.19.37.Eliminación.DVR.mp4,Eliminacion,1,Eliminación,Eliminación,True,True,Eliminacion,eliminacion_o_variante,True
Fortnite 2026.09.05 - 19.43.25.38.Eliminación.DVR.mp4,Eliminacion,1,Eliminación,Eliminación,True,True,Eliminacion,eliminacion_o_variante,True
Fortnite 2026.09.05 - 19.43.53.39.Eliminación.DVR.mp4,Eliminacion,1,Eliminación,Eliminación,True,True,Eliminacion,eliminacion_o_variante,True
Fortnite 2026.09.05 - 19.44.15.40.Eliminado.DVR.mp4,Eliminado,0,Eliminado,Eliminado,True,True,Eliminado,eliminado_explicito,True
Fortnite 2026.09.05 - 19.45.18.41.Eliminación.DVR.mp4,Eliminacion,1,Eliminación,Eliminación,True,True,Eliminacion,eliminacion_o_variante,True
Fortnite 2026.09.05 - 19.45.25.42.Eliminación.DVR.mp4,Eliminacion,1,Eliminación,Eliminación,True,True,Eliminacion,eliminacion_o_variante,True
Fortnite 2026.09.05 - 19.46.07.43.Eliminación.DVR.mp4,Eliminacion,1,Eliminación,Eliminación,True,True,Eliminacion,eliminacion_o_variante,True
Fortnite 2026.09.05 - 19.46.15.44.Eliminación.DVR.mp4,Eliminacion,1,Eliminación,Eliminación,True,True,Eliminacion,eliminacion_o_variante,True
Fortnite 2026.09.05 - 19.48.58.45.Eliminación.DVR.mp4,Eliminacion,1,Eliminación,Eliminación,True,True,Eliminacion,eliminacion_o_variante,True
Fortnite 2026.09.05 - 19.49.21.46.Eliminación.DVR.mp4,Eliminacion,1,Eliminación,Eliminación,True,True,Eliminacion,eliminacion_o_variante,True
Fortnite 2026.09.05 - 19.50.31.47.Eliminación.DVR.mp4,Eliminacion,1,Eliminación,Eliminación,True,True,Eliminacion,eliminacion_o_variante,True
Fortnite 2026.09.05 - 19.55.30.48.Victoria.DVR.mp4,Victoria,2,,,False,False,Victoria,victoria_explicita,True
Fortnite 2026.09.05 - 20.16.06.50.Eliminado.DVR.mp4,Eliminado,0,Eliminado,Eliminado,True,True,Eliminado,eliminado_explicito,True
Fortnite 2026.09.05 - 20.16.46.51.Eliminado.DVR.mp4,Eliminado,0,Eliminado,Eliminado,True,True,Eliminado,eliminado_explicito,True
Fortnite 2026.09.05 - 20.19.21.52.Eliminación.DVR.mp4,Eliminacion,1,Eliminación,Eliminación,True,True,Eliminacion,eliminacion_o_variante,True
Fortnite 2026.09.05 - 20.19.37.53.Eliminación.DVR.mp4,Eliminacion,1,Eliminación,Eliminación,True,True,Eliminacion,eliminacion_o_variante,True
Fortnite 2026.09.05 - 20.19.59.54.Eliminación.DVR.mp4,Eliminacion,1,Eliminación,Eliminación,True,True,Eliminacion,eliminacion_o_variante,True
Fortnite 2026.09.05 - 20.20.49.55.Eliminación.DVR.mp4,Eliminacion,1,Eliminación,Eliminación,True,True,Eliminacion,eliminacion_o_variante,True
Fortnite 2026.09.05 - 20.24.17.56.Eliminado.DVR.mp4,Eliminado,0,Eliminado,Eliminado,True,True,Eliminado,eliminado_explicito,True
Fortnite 2026.09.05 - 20.24.51.57.Eliminación.DVR.mp4,Eliminacion,1,Eliminación,Eliminación,True,True,Eliminacion,eliminacion_o_variante,True
Fortnite 2026.09.05 - 20.28.39.58.Eliminado.DVR.mp4,Eliminado,0,Eliminado,Eliminado,True,True,Eliminado,eliminado_explicito,True
Fortnite 2026.09.05 - 20.33.20.60.Eliminación.DVR.mp4,Eliminacion,1,Eliminación,Eliminación,True,True,Eliminacion,eliminacion_o_variante,True
Fortnite 2026.09.05 - 20.34.17.61.Eliminación.DVR.mp4,Eliminacion,1,Eliminación,Eliminación,True,True,Eliminacion,eliminacion_o_variante,True
Fortnite 2026.09.05 - 20.36.55.62.Eliminación.DVR.mp4,Eliminacion,1,Eliminación,Eliminación,True,True,Eliminacion,eliminacion_o_variante,True
Fortnite 2026.09.05 - 20.38.18.63.Eliminación.DVR.mp4,Eliminacion,1,Eliminación,Eliminación,True,True,Eliminacion,eliminacion_o_variante,True
Fortnite 2026.09.05 - 20.40.37.64.Eliminación.DVR.mp4,Eliminacion,1,Eliminación,Eliminación,True,True,Eliminacion,eliminacion_o_variante,True
Fortnite 2026.09.05 - 20.42.28.65.Eliminación.DVR.mp4,Eliminacion,1,Eliminación,Eliminación,True,True,Eliminacion,eliminacion_o_variante,True
Fortnite 2026.09.05 - 20.43.24.66.Eliminación.DVR.mp4,Eliminacion,1,Eliminación,Eliminación,True,True,Eliminacion,eliminacion_o_variante,True
Fortnite 2026.09.05 - 20.48.16.67.Eliminación.DVR.mp4,Eliminacion,1,Eliminación,Eliminación,True,True,Eliminacion,eliminacion_o_variante,True
Fortnite 2026.09.05 - 20.48.42.68.Eliminado.DVR.mp4,Eliminado,0,Eliminado,Eliminado,True,True,Eliminado,eliminado_explicito,True
Fortnite 2026.09.08 - 19.28.35.02.Eliminación.DVR.mp4,Eliminacion,1,Eliminación,Eliminación,True,True,Eliminacion,eliminacion_o_variante,True
Fortnite 2026.09.08 - 19.31.54.03.Eliminación.DVR.mp4,Eliminacion,1,Eliminación,Eliminación,True,True,Eliminacion,eliminacion_o_variante,True
Fortnite 2026.09.08 - 19.35.06.04.Eliminación.DVR.mp4,Eliminacion,1,Eliminación,Eliminación,True,True,Eliminacion,eliminacion_o_variante,True
Fortnite 2026.09.08 - 19.38.00.05.Eliminado.DVR.mp4,Eliminado,0,Eliminado,Eliminado,True,True,Eliminado,eliminado_explicito,True
Fortnite 2026.09.08 - 19.41.21.07.Eliminación.DVR.mp4,Eliminacion,1,Eliminación,Eliminación,True,True,Eliminacion,eliminacion_o_variante,True
Fortnite 2026.09.08 - 19.42.20.08.Eliminación.DVR.mp4,Eliminacion,1,Eliminación,Eliminación,True,True,Eliminacion,eliminacion_o_variante,True
Fortnite 2026.09.08 - 19.42.52.09.Eliminación.DVR.mp4,Eliminacion,1,Eliminación,Eliminación,True,True,Eliminacion,eliminacion_o_variante,True
Fortnite 2026.09.08 - 19.43.54.10.Eliminación.DVR.mp4,Eliminacion,1,Eliminación,Eliminación,True,True,Eliminacion,eliminacion_o_variante,True
Fortnite 2026.09.08 - 19.44.28.11.Eliminación.DVR.mp4,Eliminacion,1,Eliminación,Eliminación,True,True,Eliminacion,eliminacion_o_variante,True
Fortnite 2026.09.08 - 19.45.08.12.Eliminación.DVR.mp4,Eliminacion,1,Eliminación,Eliminación,True,True,Eliminacion,eliminacion_o_variante,True
Fortnite 2026.09.08 - 19.45.19.13.Eliminación.DVR.mp4,Eliminacion,1,Eliminación,Eliminación,True,True,Eliminacion,eliminacion_o_variante,True
Fortnite 2026.09.08 - 19.46.11.14.Eliminación.DVR.mp4,Eliminacion,1,Eliminación,Eliminación,True,True,Eliminacion,eliminacion_o_variante,True
Fortnite 2026.09.08 - 19.48.03.15.Eliminación.DVR.mp4,Eliminacion,1,Eliminación,Eliminación,True,True,Eliminacion,eliminacion_o_variante,True
Fortnite 2026.09.08 - 19.48.27.16.Eliminación.DVR.mp4,Eliminacion,1,Eliminación,Eliminación,True,True,Eliminacion,eliminacion_o_variante,True
Fortnite 2026.09.08 - 19.48.53.17.Eliminación.DVR.mp4,Eliminacion,1,Eliminación,Eliminación,True,True,Eliminacion,eliminacion_o_variante,True
Fortnite 2026.09.08 - 19.53.55.18.Eliminación.DVR.mp4,Eliminacion,1,Eliminación,Eliminación,True,True,Eliminacion,eliminacion_o_variante,True
Fortnite 2026.09.08 - 19.55.03.19.Eliminación.DVR.mp4,Eliminacion,1,Eliminación,Eliminación,True,True,Eliminacion,eliminacion_o_variante,True
Fortnite 2026.09.08 - 19.55.16.20.Victoria.DVR.mp4,Victoria,2,,,False,False,Victoria,victoria_explicita,True
Fortnite 2026.09.11 - 20.31.05.02.Eliminado.DVR.mp4,Eliminado,0,Eliminado,Eliminado,True,True,Eliminado,eliminado_explicito,True
Fortnite 2026.09.11 - 20.32.42.03.Eliminación.DVR.mp4,Eliminacion,1,Eliminación,Eliminación,True,True,Eliminacion,eliminacion_o_variante,True
Fortnite 2026.09.11 - 20.33.17.04.Eliminación.DVR.mp4,Eliminacion,1,Eliminación,Eliminación,True,True,Eliminacion,eliminacion_o_variante,True
Fortnite 2026.09.11 - 20.33.27.05.Eliminación.DVR.mp4,Eliminacion,1,Eliminación,Eliminación,True,True,Eliminacion,eliminacion_o_variante,True
Fortnite 2026.09.11 - 20.33.43.06.Eliminación.DVR.mp4,Eliminacion,1,Eliminación,Eliminación,True,True,Eliminacion,eliminacion_o_variante,True
Fortnite 2026.09.11 - 20.34.12.07.Eliminación.DVR.mp4,Eliminacion,1,Eliminación,Eliminación,True,True,Eliminacion,eliminacion_o_variante,True
Fortnite 2026.09.11 - 20.35.31.08.Eliminación.DVR.mp4,Eliminacion,1,Eliminación,Eliminación,True,True,Eliminacion,eliminacion_o_variante,True
Fortnite 2026.09.11 - 20.35.41.09.Eliminado.DVR.mp4,Eliminado,0,Eliminado,Eliminado,True,True,Eliminado,eliminado_explicito,True
Fortnite 2026.09.11 - 20.36.14.10.Eliminación.DVR.mp4,Eliminacion,1,Eliminación,Eliminación,True,True,Eliminacion,eliminacion_o_variante,True
Fortnite 2026.09.11 - 20.36.47.11.Eliminación.DVR.mp4,Eliminacion,1,Eliminación,Eliminación,True,True,Eliminacion,eliminacion_o_variante,True
Fortnite 2026.09.11 - 20.38.33.12.Eliminación.DVR.mp4,Eliminacion,1,Eliminación,Eliminación,True,True,Eliminacion,eliminacion_o_variante,True
Fortnite 2026.09.11 - 20.39.11.13.Eliminación.DVR.mp4,Eliminacion,1,Eliminación,Eliminación,True,True,Eliminacion,eliminacion_o_variante,True
Fortnite 2026.09.11 - 20.43.53.14.Eliminado.DVR.mp4,Eliminado,0,Eliminado,Eliminado,True,True,Eliminado,eliminado_explicito,True
Fortnite 2026.09.11 - 20.49.53.16.Eliminación.DVR.mp4,Eliminacion,1,Eliminación,Eliminación,True,True,Eliminacion,eliminacion_o_variante,True
Fortnite 2026.09.11 - 20.50.21.17.Eliminación.DVR.mp4,Eliminacion,1,Eliminación,Eliminación,True,True,Eliminacion,eliminacion_o_variante,True
Fortnite 2026.09.11 - 20.53.00.18.Eliminación.DVR.mp4,Eliminacion,1,Eliminación,Eliminación,True,True,Eliminacion,eliminacion_o_variante,True
Fortnite 2026.09.11 - 20.54.27.19.Eliminación.DVR.mp4,Eliminacion,1,Eliminación,Eliminación,True,True,Eliminacion,eliminacion_o_variante,True
Fortnite 2026.09.11 - 20.54.41.20.Eliminación.DVR.mp4,Eliminacion,1,Eliminación,Eliminación,True,True,Eliminacion,eliminacion_o_variante,True
Fortnite 2026.09.11 - 20.56.26.21.Eliminado.DVR.mp4,Eliminado,0,Eliminado,Eliminado,True,True,Eliminado,eliminado_explicito,True
Fortnite 2026.09.11 - 20.56.53.22.Eliminado.DVR.mp4,Eliminado,0,Eliminado,Eliminado,True,True,Eliminado,eliminado_explicito,True
Fortnite 2026.09.11 - 20.58.25.23.Eliminación.DVR.mp4,Eliminacion,1,Eliminación,Eliminación,True,True,Eliminacion,eliminacion_o_variante,True
Fortnite 2026.09.11 - 21.00.01.24.Eliminación.DVR.mp4,Eliminacion,1,Eliminación,Eliminación,True,True,Eliminacion,eliminacion_o_variante,True
Fortnite 2026.09.11 - 21.00.08.25.Eliminado.DVR.mp4,Eliminado,0,Eliminado,Eliminado,True,True,Eliminado,eliminado_explicito,True
Fortnite 2026.09.11 - 21.04.08.27.Eliminado.DVR.mp4,Eliminado,0,Eliminado,Eliminado,True,True,Eliminado,eliminado_explicito,True
Fortnite 2026.09.11 - 21.05.44.28.Eliminación.DVR.mp4,Eliminacion,1,Eliminación,Eliminación,True,True,Eliminacion,eliminacion_o_variante,True
Fortnite 2026.09.11 - 21.06.00.29.Eliminado.DVR.mp4,Eliminado,0,Eliminado,Eliminado,True,True,Eliminado,eliminado_explicito,True
Fortnite 2026.09.11 - 21.07.30.30.Eliminación.DVR.mp4,Eliminacion,1,Eliminación,Eliminación,True,True,Eliminacion,eliminacion_o_variante,True
Fortnite 2026.09.11 - 21.09.09.31.Eliminación.DVR.mp4,Eliminacion,1,Eliminación,Eliminación,True,True,Eliminacion,eliminacion_o_variante,True
Fortnite 2026.09.11 - 21.15.33.32.Eliminación.DVR.mp4,Eliminacion,1,Eliminación,Eliminación,True,True,Eliminacion,eliminacion_o_variante,True
Fortnite 2026.09.11 - 21.15.49.33.Eliminado.DVR.mp4,Eliminado,0,Eliminado,Eliminado,True,True,Eliminado,eliminado_explicito,True
Fortnite 2026.09.11 - 21.18.05.34.Eliminación.DVR.mp4,Eliminacion,1,Eliminación,Eliminación,True,True,Eliminacion,eliminacion_o_variante,True
Fortnite 2026.09.11 - 21.18.12.35.Eliminado.DVR.mp4,Eliminado,0,Eliminado,Eliminado,True,True,Eliminado,eliminado_explicito,True
Fortnite 2026.09.11 - 21.23.14.37.Eliminación.DVR.mp4,Eliminacion,1,Eliminación,Eliminación,True,True,Eliminacion,eliminacion_o_variante,True
Fortnite 2026.09.11 - 21.23.47.38.Eliminación.DVR.mp4,Eliminacion,1,Eliminación,Eliminación,True,True,Eliminacion,eliminacion_o_variante,True
Fortnite 2026.09.11 - 21.25.04.39.Eliminado.DVR.mp4,Eliminado,0,Eliminado,Eliminado,True,True,Eliminado,eliminado_explicito,True
Fortnite 2026.09.11 - 21.26.02.40.Eliminación doble.DVR.mp4,Eliminacion,1,Eliminación doble,Eliminación,True,True,Eliminacion,eliminacion_o_variante,True
Fortnite 2026.09.11 - 21.27.11.41.Eliminación.DVR.mp4,Eliminacion,1,Eliminación,Eliminación,True,True,Eliminacion,eliminacion_o_variante,True
Fortnite 2026.09.11 - 21.33.08.42.Victoria.DVR.mp4,Victoria,2,,,False,False,Victoria,victoria_explicita,True
Fortnite 2026.09.12 - 19.53.40.02.Eliminación.DVR.mp4,Eliminacion,1,Eliminación,Eliminación,True,True,Eliminacion,eliminacion_o_variante,True
Fortnite 2026.09.12 - 19.54.07.03.Eliminación.DVR.mp4,Eliminacion,1,Eliminación,Eliminación,True,True,Eliminacion,eliminacion_o_variante,True
Fortnite 2026.09.12 - 19.54.20.04.Eliminación.DVR.mp4,Eliminacion,1,Eliminación,Eliminación,True,True,Eliminacion,eliminacion_o_variante,True
Fortnite 2026.09.12 - 19.54.40.05.Eliminación doble.DVR.mp4,Eliminacion,1,Eliminación doble,Eliminación,True,True,Eliminacion,eliminacion_o_variante,True
Fortnite 2026.09.12 - 19.54.52.06.Eliminación.DVR.mp4,Eliminacion,1,Eliminación,Eliminación,True,True,Eliminacion,eliminacion_o_variante,True
Fortnite 2026.09.12 - 19.55.24.07.Eliminación.DVR.mp4,Eliminacion,1,Eliminación,Eliminación,True,True,Eliminacion,eliminacion_o_variante,True
Fortnite 2026.09.12 - 19.55.45.08.Eliminación doble.DVR.mp4,Eliminacion,1,Eliminación doble,Eliminación,True,True,Eliminacion,eliminacion_o_variante,True
Fortnite 2026.09.12 - 19.56.26.09.Eliminación.DVR.mp4,Eliminacion,1,Eliminación,Eliminación,True,True,Eliminacion,eliminacion_o_variante,True
Fortnite 2026.09.12 - 19.56.50.10.Eliminación.DVR.mp4,Eliminacion,1,Eliminación,Eliminación,True,True,Eliminacion,eliminacion_o_variante,True
Fortnite 2026.09.12 - 19.58.27.11.Eliminación.DVR.mp4,Eliminacion,1,Eliminación,Eliminación,True,True,Eliminacion,eliminacion_o_variante,True
Fortnite 2026.09.12 - 19.58.56.12.Eliminación.DVR.mp4,Eliminacion,1,Eliminación,Eliminación,True,True,Eliminacion,eliminacion_o_variante,True
Fortnite 2026.09.12 - 19.59.48.13.Eliminación.DVR.mp4,Eliminacion,1,Eliminación,Eliminación,True,True,Eliminacion,eliminacion_o_variante,True
Fortnite 2026.09.12 - 20.02.16.14.Eliminación.DVR.mp4,Eliminacion,1,Eliminación,Eliminación,True,True,Eliminacion,eliminacion_o_variante,True
Fortnite 2026.09.12 - 20.03.18.15.Eliminación.DVR.mp4,Eliminacion,1,Eliminación,Eliminación,True,True,Eliminacion,eliminacion_o_variante,True
Fortnite 2026.09.12 - 20.04.48.16.Eliminación.DVR.mp4,Eliminacion,1,Eliminación,Eliminación,True,True,Eliminacion,eliminacion_o_variante,True
Fortnite 2026.09.12 - 20.04.51.17.Victoria.DVR.mp4,Victoria,2,,,False,False,Victoria,victoria_explicita,True
Fortnite 2026.09.12 - 20.11.41.19.Eliminación.DVR.mp4,Eliminacion,1,Eliminación,Eliminación,True,True,Eliminacion,eliminacion_o_variante,True
Fortnite 2026.09.12 - 20.11.48.20.Eliminación.DVR.mp4,Eliminacion,1,Eliminación,Eliminación,True,True,Eliminacion,eliminacion_o_variante,True
Fortnite 2026.09.12 - 20.12.03.21.Eliminación.DVR.mp4,Eliminacion,1,Eliminación,Eliminación,True,True,Eliminacion,eliminacion_o_variante,True
Fortnite 2026.09.12 - 20.12.35.22.Eliminación.DVR.mp4,Eliminacion,1,Eliminación,Eliminación,True,True,Eliminacion,eliminacion_o_variante,True
Fortnite 2026.09.12 - 20.13.14.23.Eliminación.DVR.mp4,Eliminacion,1,Eliminación,Eliminación,True,True,Eliminacion,eliminacion_o_variante,True
Fortnite 2026.09.12 - 20.13.26.24.Eliminación doble.DVR.mp4,Eliminacion,1,Eliminación doble,Eliminación,True,True,Eliminacion,eliminacion_o_variante,True
Fortnite 2026.09.12 - 20.13.37.25.Eliminación.DVR.mp4,Eliminacion,1,Eliminación,Eliminación,True,True,Eliminacion,eliminacion_o_variante,True
Fortnite 2026.09.12 - 20.14.16.26.Eliminación doble.DVR.mp4,Eliminacion,1,Eliminación doble,Eliminación,True,True,Eliminacion,eliminacion_o_variante,True
Fortnite 2026.09.12 - 20.16.04.27.Eliminación.DVR.mp4,Eliminacion,1,Eliminación,Eliminación,True,True,Eliminacion,eliminacion_o_variante,True
Fortnite 2026.09.12 - 20.16.31.28.Eliminación.DVR.mp4,Eliminacion,1,Eliminación,Eliminación,True,True,Eliminacion,eliminacion_o_variante,True
Fortnite 2026.09.12 - 20.20.35.29.Eliminación.DVR.mp4,Eliminacion,1,Eliminación,Eliminación,True,True,Eliminacion,eliminacion_o_variante,True
Fortnite 2026.09.12 - 20.23.23.30.Eliminación.DVR.mp4,Eliminacion,1,Eliminación,Eliminación,True,True,Eliminacion,eliminacion_o_variante,True
Fortnite 2026.09.15 - 10.26.47.02.Eliminación.DVR.mp4,Eliminacion,1,Eliminación,Eliminación,True,True,Eliminacion,eliminacion_o_variante,True
Fortnite 2026.09.15 - 10.26.52.03.Eliminado.DVR.mp4,Eliminado,0,Eliminado,Eliminado,True,True,Eliminado,eliminado_explicito,True
Fortnite 2026.09.15 - 10.29.02.04.Eliminación.DVR.mp4,Eliminacion,1,Eliminación,Eliminación,True,True,Eliminacion,eliminacion_o_variante,True
Fortnite 2026.09.15 - 10.29.46.05.Eliminación.DVR.mp4,Eliminacion,1,Eliminación,Eliminación,True,True,Eliminacion,eliminacion_o_variante,True
Fortnite 2026.09.15 - 10.30.13.06.Eliminación.DVR.mp4,Eliminacion,1,Eliminación,Eliminación,True,True,Eliminacion,eliminacion_o_variante,True
Fortnite 2026.09.15 - 10.31.24.07.Eliminación.DVR.mp4,Eliminacion,1,Eliminación,Eliminación,True,True,Eliminacion,eliminacion_o_variante,True
Fortnite 2026.09.15 - 10.31.31.08.Eliminación.DVR.mp4,Eliminacion,1,Eliminación,Eliminación,True,True,Eliminacion,eliminacion_o_variante,True
Fortnite 2026.09.15 - 10.32.08.09.Eliminación.DVR.mp4,Eliminacion,1,Eliminación,Eliminación,True,True,Eliminacion,eliminacion_o_variante,True
Fortnite 2026.09.15 - 10.33.24.10.Eliminación.DVR.mp4,Eliminacion,1,Eliminación,Eliminación,True,True,Eliminacion,eliminacion_o_variante,True
Fortnite 2026.09.15 - 10.33.29.11.Eliminación.DVR.mp4,Eliminacion,1,Eliminación,Eliminación,True,True,Eliminacion,eliminacion_o_variante,True
Fortnite 2026.09.15 - 10.34.46.12.Eliminación.DVR.mp4,Eliminacion,1,Eliminación,Eliminación,True,True,Eliminacion,eliminacion_o_variante,True
Fortnite 2026.09.15 - 10.35.30.13.Eliminación.DVR.mp4,Eliminacion,1,Eliminación,Eliminación,True,True,Eliminacion,eliminacion_o_variante,True
Fortnite 2026.09.15 - 10.36.21.14.Eliminación.DVR.mp4,Eliminacion,1,Eliminación,Eliminación,True,True,Eliminacion,eliminacion_o_variante,True
Fortnite 2026.09.15 - 10.40.33.15.Eliminado.DVR.mp4,Eliminado,0,Eliminado,Eliminado,True,True,Eliminado,eliminado_explicito,True
Fortnite 2026.09.15 - 10.44.26.17.Eliminación.DVR.mp4,Eliminacion,1,Eliminación,Eliminación,True,True,Eliminacion,eliminacion_o_variante,True
Fortnite 2026.09.15 - 10.45.11.18.Eliminación.DVR.mp4,Eliminacion,1,Eliminación,Eliminación,True,True,Eliminacion,eliminacion_o_variante,True
Fortnite 2026.09.15 - 10.46.48.19.Eliminación doble.DVR.mp4,Eliminacion,1,Eliminación doble,Eliminación,True,True,Eliminacion,eliminacion_o_variante,True
Fortnite 2026.09.15 - 10.46.55.20.Eliminación.DVR.mp4,Eliminacion,1,Eliminación,Eliminación,True,True,Eliminacion,eliminacion_o_variante,True
Fortnite 2026.09.15 - 10.48.50.21.Eliminación.DVR.mp4,Eliminacion,1,Eliminación,Eliminación,True,True,Eliminacion,eliminacion_o_variante,True
Fortnite 2026.09.15 - 10.50.03.22.Eliminación.DVR.mp4,Eliminacion,1,Eliminación,Eliminación,True,True,Eliminacion,eliminacion_o_variante,True
Fortnite 2026.09.15 - 10.50.13.23.Eliminación.DVR.mp4,Eliminacion,1,Eliminación,Eliminación,True,True,Eliminacion,eliminacion_o_variante,True
Fortnite 2026.09.15 - 10.51.06.24.Eliminación.DVR.mp4,Eliminacion,1,Eliminación,Eliminación,True,True,Eliminacion,eliminacion_o_variante,True
Fortnite 2026.09.15 - 10.51.28.25.Eliminación.DVR.mp4,Eliminacion,1,Eliminación,Eliminación,True,True,Eliminacion,eliminacion_o_variante,True
Fortnite 2026.09.15 - 10.52.01.26.Eliminación.DVR.mp4,Eliminacion,1,Eliminación,Eliminación,True,True,Eliminacion,eliminacion_o_variante,True
Fortnite 2026.09.15 - 10.52.10.27.Eliminado.DVR.mp4,Eliminado,0,Eliminado,Eliminado,True,True,Eliminado,eliminado_explicito,True
Fortnite 2026.09.15 - 10.54.17.28.Eliminación.DVR.mp4,Eliminacion,1,Eliminación,Eliminación,True,True,Eliminacion,eliminacion_o_variante,True
Fortnite 2026.09.15 - 10.56.21.29.Eliminado.DVR.mp4,Eliminado,0,Eliminado,Eliminado,True,True,Eliminado,eliminado_explicito,True
Fortnite 2026.09.15 - 11.01.55.31.Eliminación.DVR.mp4,Eliminacion,1,Eliminación,Eliminación,True,True,Eliminacion,eliminacion_o_variante,True
Fortnite 2026.09.15 - 11.02.04.32.Eliminación.DVR.mp4,Eliminacion,1,Eliminación,Eliminación,True,True,Eliminacion,eliminacion_o_variante,True
Fortnite 2026.09.15 - 11.02.14.33.Eliminado.DVR.mp4,Eliminado,0,Eliminado,Eliminado,True,True,Eliminado,eliminado_explicito,True
Fortnite 2026.09.15 - 11.02.53.34.Eliminación.DVR.mp4,Eliminacion,1,Eliminación,Eliminación,True,True,Eliminacion,eliminacion_o_variante,True
Fortnite 2026.09.15 - 11.02.58.35.Eliminación.DVR.mp4,Eliminacion,1,Eliminación,Eliminación,True,True,Eliminacion,eliminacion_o_variante,True
Fortnite 2026.09.15 - 11.03.58.36.Eliminación.DVR.mp4,Eliminacion,1,Eliminación,Eliminación,True,True,Eliminacion,eliminacion_o_variante,True
Fortnite 2026.09.15 - 11.04.10.37.Eliminación.DVR.mp4,Eliminacion,1,Eliminación,Eliminación,True,True,Eliminacion,eliminacion_o_variante,True
Fortnite 2026.09.15 - 11.04.24.38.Eliminado.DVR.mp4,Eliminado,0,Eliminado,Eliminado,True,True,Eliminado,eliminado_explicito,True
Fortnite 2026.09.15 - 11.04.50.39.Eliminación.DVR.mp4,Eliminacion,1,Eliminación,Eliminación,True,True,Eliminacion,eliminacion_o_variante,True
Fortnite 2026.09.15 - 11.04.56.40.Eliminación.DVR.mp4,Eliminacion,1,Eliminación,Eliminación,True,True,Eliminacion,eliminacion_o_variante,True
Fortnite 2026.09.15 - 11.06.41.41.Eliminación.DVR.mp4,Eliminacion,1,Eliminación,Eliminación,True,True,Eliminacion,eliminacion_o_variante,True
Fortnite 2026.09.15 - 11.09.31.42.Eliminación.DVR.mp4,Eliminacion,1,Eliminación,Eliminación,True,True,Eliminacion,eliminacion_o_variante,True
Fortnite 2026.09.15 - 11.10.44.43.Eliminación.DVR.mp4,Eliminacion,1,Eliminación,Eliminación,True,True,Eliminacion,eliminacion_o_variante,True
Fortnite 2026.09.15 - 11.13.26.44.Eliminado.DVR.mp4,Eliminado,0,Eliminado,Eliminado,True,True,Eliminado,eliminado_explicito,True
Fortnite 2026.09.15 - 12.51.45.03.Eliminación.DVR.mp4,Eliminacion,1,Eliminación,Eliminación,True,True,Eliminacion,eliminacion_o_variante,True
Fortnite 2026.09.15 - 12.52.07.04.Eliminación.DVR.mp4,Eliminacion,1,Eliminación,Eliminación,True,True,Eliminacion,eliminacion_o_variante,True
Fortnite 2026.09.15 - 12.52.13.05.Eliminación.DVR.mp4,Eliminacion,1,Eliminación,Eliminación,True,True,Eliminacion,eliminacion_o_variante,True
Fortnite 2026.09.15 - 12.52.24.06.Eliminación.DVR.mp4,Eliminacion,1,Eliminación,Eliminación,True,True,Eliminacion,eliminacion_o_variante,True
Fortnite 2026.09.15 - 12.53.29.07.Eliminación.DVR.mp4,Eliminacion,1,Eliminación,Eliminación,True,True,Eliminacion,eliminacion_o_variante,True
Fortnite 2026.09.15 - 12.54.31.08.Eliminación.DVR.mp4,Eliminacion,1,Eliminación,Eliminación,True,True,Eliminacion,eliminacion_o_variante,True
Fortnite 2026.09.15 - 12.55.07.09.Eliminación.DVR.mp4,Eliminacion,1,Eliminación,Eliminación,True,True,Eliminacion,eliminacion_o_variante,True
Fortnite 2026.09.15 - 12.56.08.10.Eliminado.DVR.mp4,Eliminado,0,Eliminado,Eliminado,True,True,Eliminado,eliminado_explicito,True
Fortnite 2026.09.15 - 12.57.44.11.Eliminación.DVR.mp4,Eliminacion,1,Eliminación,Eliminación,True,True,Eliminacion,eliminacion_o_variante,True
Fortnite 2026.09.15 - 13.02.43.12.Eliminado.DVR.mp4,Eliminado,0,Eliminado,Eliminado,True,True,Eliminado,eliminado_explicito,True
Fortnite 2026.09.15 - 13.05.45.14.Eliminación.DVR.mp4,Eliminacion,1,Eliminación,Eliminación,True,True,Eliminacion,eliminacion_o_variante,True
Fortnite 2026.09.15 - 13.07.36.15.Eliminación doble.DVR.mp4,Eliminacion,1,Eliminación doble,Eliminación,True,True,Eliminacion,eliminacion_o_variante,True
Fortnite 2026.09.15 - 13.07.47.16.Eliminación.DVR.mp4,Eliminacion,1,Eliminación,Eliminación,True,True,Eliminacion,eliminacion_o_variante,True
Fortnite 2026.09.15 - 13.08.19.17.Eliminación.DVR.mp4,Eliminacion,1,Eliminación,Eliminación,True,True,Eliminacion,eliminacion_o_variante,True
Fortnite 2026.09.15 - 13.10.19.18.Eliminación.DVR.mp4,Eliminacion,1,Eliminación,Eliminación,True,True,Eliminacion,eliminacion_o_variante,True
Fortnite 2026.09.15 - 13.10.47.19.Eliminación.DVR.mp4,Eliminacion,1,Eliminación,Eliminación,True,True,Eliminacion,eliminacion_o_variante,True
Fortnite 2026.09.15 - 13.10.49.20.Eliminado.DVR.mp4,Eliminado,0,Eliminado,Eliminado,True,True,Eliminado,eliminado_explicito,True
Fortnite 2026.09.15 - 13.13.50.21.Eliminado.DVR.mp4,Eliminado,0,Eliminado,Eliminado,True,True,Eliminado,eliminado_explicito,True
Fortnite 2026.09.15 - 13.14.11.22.Eliminado.DVR.mp4,Eliminado,0,Eliminado,Eliminado,True,True,Eliminado,eliminado_explicito,True
Fortnite 2026.09.15 - 13.21.32.24.Eliminación.DVR.mp4,Eliminacion,1,Eliminación,Eliminación,True,True,Eliminacion,eliminacion_o_variante,True
Fortnite 2026.09.15 - 13.22.02.25.Eliminación.DVR.mp4,Eliminacion,1,Eliminación,Eliminación,True,True,Eliminacion,eliminacion_o_variante,True
Fortnite 2026.09.15 - 13.22.13.26.Eliminación.DVR.mp4,Eliminacion,1,Eliminación,Eliminación,True,True,Eliminacion,eliminacion_o_variante,True
Fortnite 2026.09.15 - 13.22.34.27.Eliminación doble.DVR.mp4,Eliminacion,1,Eliminación doble,Eliminación,True,True,Eliminacion,eliminacion_o_variante,True
Fortnite 2026.09.15 - 13.23.40.28.Eliminación.DVR.mp4,Eliminacion,1,Eliminación,Eliminación,True,True,Eliminacion,eliminacion_o_variante,True
Fortnite 2026.09.15 - 13.24.34.29.Eliminación.DVR.mp4,Eliminacion,1,Eliminación,Eliminación,True,True,Eliminacion,eliminacion_o_variante,True
Fortnite 2026.09.15 - 13.25.02.30.Eliminación.DVR.mp4,Eliminacion,1,Eliminación,Eliminación,True,True,Eliminacion,eliminacion_o_variante,True
Fortnite 2026.09.15 - 13.27.04.31.Eliminación.DVR.mp4,Eliminacion,1,Eliminación,Eliminación,True,True,Eliminacion,eliminacion_o_variante,True
Fortnite 2026.09.15 - 13.27.16.32.Eliminación.DVR.mp4,Eliminacion,1,Eliminación,Eliminación,True,True,Eliminacion,eliminacion_o_variante,True
Fortnite 2026.09.15 - 13.29.11.33.Eliminado.DVR.mp4,Eliminado,0,Eliminado,Eliminado,True,True,Eliminado,eliminado_explicito,True
Fortnite 2026.09.15 - 13.29.55.34.Eliminación.DVR.mp4,Eliminacion,1,Eliminación,Eliminación,True,True,Eliminacion,eliminacion_o_variante,True
Fortnite 2026.09.15 - 13.31.50.35.Eliminado.DVR.mp4,Eliminado,0,Eliminado,Eliminado,True,True,Eliminado,eliminado_explicito,True
Fortnite 2026.09.15 - 13.37.39.37.Eliminado.DVR.mp4,Eliminado,0,Eliminado,Eliminado,True,True,Eliminado,eliminado_explicito,True
Fortnite 2026.09.15 - 13.39.34.38.Eliminado.DVR.mp4,Eliminado,0,Eliminado,Eliminado,True,True,Eliminado,eliminado_explicito,True
Fortnite 2026.09.15 - 13.40.01.39.Eliminado.DVR.mp4,Eliminado,0,Eliminado,Eliminado,True,True,Eliminado,eliminado_explicito,True
Fortnite 2026.09.15 - 21.37.04.12.Eliminado.DVR.mp4,Eliminado,0,Eliminado,Eliminado,True,True,Eliminado,eliminado_explicito,True
Fortnite 2026.09.15 - 21.37.43.13.Eliminado.DVR.mp4,Eliminado,0,Eliminado,Eliminado,True,True,Eliminado,eliminado_explicito,True
Fortnite 2026.09.15 - 21.44.33.14.Eliminación.DVR.mp4,Eliminacion,1,Eliminación,Eliminación,True,True,Eliminacion,eliminacion_o_variante,True
Fortnite 2026.09.15 - 21.47.26.15.Eliminado.DVR.mp4,Eliminado,0,Eliminado,Eliminado,True,True,Eliminado,eliminado_explicito,True
Fortnite 2026.09.15 - 21.50.51.17.Eliminación.DVR.mp4,Eliminacion,1,Eliminación,Eliminación,True,True,Eliminacion,eliminacion_o_variante,True
Fortnite 2026.09.15 - 21.51.08.18.Eliminación.DVR.mp4,Eliminacion,1,Eliminación,Eliminación,True,True,Eliminacion,eliminacion_o_variante,True
Fortnite 2026.09.15 - 21.52.39.19.Eliminación.DVR.mp4,Eliminacion,1,Eliminación,Eliminación,True,True,Eliminacion,eliminacion_o_variante,True
Fortnite 2026.09.15 - 21.53.32.20.Eliminación.DVR.mp4,Eliminacion,1,Eliminación,Eliminación,True,True,Eliminacion,eliminacion_o_variante,True
Fortnite 2026.09.15 - 21.55.18.21.Eliminación.DVR.mp4,Eliminacion,1,Eliminación,Eliminación,True,True,Eliminacion,eliminacion_o_variante,True
Fortnite 2026.09.15 - 21.56.51.22.Eliminación.DVR.mp4,Eliminacion,1,Eliminación,Eliminación,True,True,Eliminacion,eliminacion_o_variante,True
Fortnite 2026.09.15 - 21.58.00.23.Eliminación.DVR.mp4,Eliminacion,1,Eliminación,Eliminación,True,True,Eliminacion,eliminacion_o_variante,True
Fortnite 2026.09.15 - 21.59.31.24.Eliminación.DVR.mp4,Eliminacion,1,Eliminación,Eliminación,True,True,Eliminacion,eliminacion_o_variante,True
Fortnite 2026.09.15 - 22.00.39.25.Eliminado.DVR.mp4,Eliminado,0,Eliminado,Eliminado,True,True,Eliminado,eliminado_explicito,True
