id_video,video,ruta_video,clase,etiqueta,group_id,ambiguous_abajo,supervised_eligible,exclusion_reason,split
1,Fortnite 2026.08.06 - 17.51.47.62.Eliminación.DVR.mp4,F:\Cursos\Ciencia de Datos\Modulo 5\CODIGOS\Proyecto Fotnite\VIDEOS\ORIGINAL\Fortnite 2026.08.06 - 17.51.47.62.Eliminación.DVR.mp4,Eliminacion,1,1,False,True,,train
2,Fortnite 2025.11.09 - 17.12.38.74.Victoria.DVR.mp4,F:\Cursos\Ciencia de Datos\Modulo 5\CODIGOS\Proyecto Fotnite\VIDEOS\ORIGINAL\Fortnite 2025.11.09 - 17.12.38.74.Victoria.DVR.mp4,Victoria,2,2,False,True,,train
3,Fortnite 2025.12.11 - 21.10.08.08.Eliminación.DVR.mp4,F:\Cursos\Ciencia de Datos\Modulo 5\CODIGOS\Proyecto Fotnite\VIDEOS\ORIGINAL\Fortnite 2025.12.11 - 21.10.08.08.Eliminación.DVR.mp4,Eliminacion,1,3,False,True,,test
4,Fortnite 2025.12.11 - 21.10.17.09.Eliminación.DVR.mp4,F:\Cursos\Ciencia de Datos\Modulo 5\CODIGOS\Proyecto Fotnite\VIDEOS\ORIGINAL\Fortnite 2025.12.11 - 21.10.17.09.Eliminación.DVR.mp4,Eliminacion,1,4,False,True,,train
5,Fortnite 2025.12.11 - 21.17.03.10.Eliminación.DVR.mp4,F:\Cursos\Ciencia de Datos\Modulo 5\CODIGOS\Proyecto Fotnite\VIDEOS\ORIGINAL\Fortnite 2025.12.11 - 21.17.03.10.Eliminación.DVR.mp4,Eliminacion,1,5,False,True,,train
6,Fortnite 2025.12.11 - 21.23.44.11.Abajo.DVR.mp4,F:\Cursos\Ciencia de Datos\Modulo 5\CODIGOS\Proyecto Fotnite\VIDEOS\ORIGINAL\Fortnite 2025.12.11 - 21.23.44.11.Abajo.DVR.mp4,Eliminacion,1,6,True,False,abajo_ambiguo_o_duplicado_con_abajo,excluded_ambiguous
7,Fortnite 2025.12.11 - 21.23.52.12.Eliminación.DVR.mp4,F:\Cursos\Ciencia de Datos\Modulo 5\CODIGOS\Proyecto Fotnite\VIDEOS\ORIGINAL\Fortnite 2025.12.11 - 21.23.52.12.Eliminación.DVR.mp4,Eliminacion,1,7,False,True,,test
8,Fortnite 2025.12.11 - 21.24.16.13.Eliminación.DVR.mp4,F:\Cursos\Ciencia de Datos\Modulo 5\CODIGOS\Proyecto Fotnite\VIDEOS\ORIGINAL\Fortnite 2025.12.11 - 21.24.16.13.Eliminación.DVR.mp4,Eliminacion,1,8,False,True,,train
9,Fortnite 2025.12.11 - 21.25.03.14.Eliminación.DVR.mp4,F:\Cursos\Ciencia de Datos\Modulo 5\CODIGOS\Proyecto Fotnite\VIDEOS\ORIGINAL\Fortnite 2025.12.11 - 21.25.03.14.Eliminación.DVR.mp4,Eliminacion,1,9,False,True,,train
10,Fortnite 2025.12.11 - 21.25.08.15.Eliminación.DVR.mp4,F:\Cursos\Ciencia de Datos\Modulo 5\CODIGOS\Proyecto Fotnite\VIDEOS\ORIGINAL\Fortnite 2025.12.11 - 21.25.08.15.Eliminación.DVR.mp4,Eliminacion,1,9,False,True,,train
11,Fortnite 2025.12.11 - 21.26.17.16.Victoria.DVR.mp4,F:\Cursos\Ciencia de Datos\Modulo 5\CODIGOS\Proyecto Fotnite\VIDEOS\ORIGINAL\Fortnite 2025.12.11 - 21.26.17.16.Victoria.DVR.mp4,Victoria,2,11,False,True,,train
12,Fortnite 2025.12.20 - 18.56.36.02.Eliminación.DVR.mp4,F:\Cursos\Ciencia de Datos\Modulo 5\CODIGOS\Proyecto Fotnite\VIDEOS\ORIGINAL\Fortnite 2025.12.20 - 18.56.36.02.Eliminación.DVR.mp4,Eliminacion,1,12,False,True,,train
13,Fortnite 2025.12.20 - 18.59.26.03.Eliminación.DVR.mp4,F:\Cursos\Ciencia de Datos\Modulo 5\CODIGOS\Proyecto Fotnite\VIDEOS\ORIGINAL\Fortnite 2025.12.20 - 18.59.26.03.Eliminación.DVR.mp4,Eliminacion,1,13,False,True,,train
14,Fortnite 2025.12.20 - 18.59.45.04.Eliminación.DVR.mp4,F:\Cursos\Ciencia de Datos\Modulo 5\CODIGOS\Proyecto Fotnite\VIDEOS\ORIGINAL\Fortnite 2025.12.20 - 18.59.45.04.Eliminación.DVR.mp4,Eliminacion,1,14,False,True,,train
15,Fortnite 2025.12.20 - 19.04.10.05.Eliminación.DVR.mp4,F:\Cursos\Ciencia de Datos\Modulo 5\CODIGOS\Proyecto Fotnite\VIDEOS\ORIGINAL\Fortnite 2025.12.20 - 19.04.10.05.Eliminación.DVR.mp4,Eliminacion,1,15,False,True,,train
16,Fortnite 2025.12.20 - 19.05.37.06.Abajo.DVR.mp4,F:\Cursos\Ciencia de Datos\Modulo 5\CODIGOS\Proyecto Fotnite\VIDEOS\ORIGINAL\Fortnite 2025.12.20 - 19.05.37.06.Abajo.DVR.mp4,Eliminacion,1,16,True,False,abajo_ambiguo_o_duplicado_con_abajo,excluded_ambiguous
17,Fortnite 2025.12.20 - 19.05.44.07.Eliminación.DVR.mp4,F:\Cursos\Ciencia de Datos\Modulo 5\CODIGOS\Proyecto Fotnite\VIDEOS\ORIGINAL\Fortnite 2025.12.20 - 19.05.44.07.Eliminación.DVR.mp4,Eliminacion,1,17,False,True,,train
18,Fortnite 2025.12.20 - 19.06.17.08.Eliminación.DVR.mp4,F:\Cursos\Ciencia de Datos\Modulo 5\CODIGOS\Proyecto Fotnite\VIDEOS\ORIGINAL\Fortnite 2025.12.20 - 19.06.17.08.Eliminación.DVR.mp4,Eliminacion,1,18,False,True,,train
19,Fortnite 2025.12.20 - 19.16.15.09.Abajo.DVR.mp4,F:\Cursos\Ciencia de Datos\Modulo 5\CODIGOS\Proyecto Fotnite\VIDEOS\ORIGINAL\Fortnite 2025.12.20 - 19.16.15.09.Abajo.DVR.mp4,Eliminacion,1,19,True,False,abajo_ambiguo_o_duplicado_con_abajo,excluded_ambiguous
20,Fortnite 2025.12.20 - 19.16.22.10.Eliminación.DVR.mp4,F:\Cursos\Ciencia de Datos\Modulo 5\CODIGOS\Proyecto Fotnite\VIDEOS\ORIGINAL\Fortnite 2025.12.20 - 19.16.22.10.Eliminación.DVR.mp4,Eliminacion,1,20,False,True,,train
21,Fortnite 2025.12.20 - 19.16.56.11.Eliminación.DVR.mp4,F:\Cursos\Ciencia de Datos\Modulo 5\CODIGOS\Proyecto Fotnite\VIDEOS\ORIGINAL\Fortnite 2025.12.20 - 19.16.56.11.Eliminación.DVR.mp4,Eliminacion,1,21,False,True,,validation
22,Fortnite 2025.12.20 - 19.22.24.13.Eliminación.DVR.mp4,F:\Cursos\Ciencia de Datos\Modulo 5\CODIGOS\Proyecto Fotnite\VIDEOS\ORIGINAL\Fortnite 2025.12.20 - 19.22.24.13.Eliminación.DVR.mp4,Eliminacion,1,22,False,True,,train
23,Fortnite 2025.12.20 - 19.22.29.14.Eliminación.DVR.mp4,F:\Cursos\Ciencia de Datos\Modulo 5\CODIGOS\Proyecto Fotnite\VIDEOS\ORIGINAL\Fortnite 2025.12.20 - 19.22.29.14.Eliminación.DVR.mp4,Eliminacion,1,23,False,True,,train
24,Fortnite 2025.12.20 - 19.22.54.15.Eliminación.DVR.mp4,F:\Cursos\Ciencia de Datos\Modulo 5\CODIGOS\Proyecto Fotnite\VIDEOS\ORIGINAL\Fortnite 2025.12.20 - 19.22.54.15.Eliminación.DVR.mp4,Eliminacion,1,24,False,True,,train
25,Fortnite 2025.12.20 - 19.26.06.16.Eliminación.DVR.mp4,F:\Cursos\Ciencia de Datos\Modulo 5\CODIGOS\Proyecto Fotnite\VIDEOS\ORIGINAL\Fortnite 2025.12.20 - 19.26.06.16.Eliminación.DVR.mp4,Eliminacion,1,25,False,True,,train
26,Fortnite 2025.12.20 - 19.38.48.17.Eliminación.DVR.mp4,F:\Cursos\Ciencia de Datos\Modulo 5\CODIGOS\Proyecto Fotnite\VIDEOS\ORIGINAL\Fortnite 2025.12.20 - 19.38.48.17.Eliminación.DVR.mp4,Eliminacion,1,26,False,True,,train
27,Fortnite 2025.12.20 - 19.39.45.18.Victoria.DVR.mp4,F:\Cursos\Ciencia de Datos\Modulo 5\CODIGOS\Proyecto Fotnite\VIDEOS\ORIGINAL\Fortnite 2025.12.20 - 19.39.45.18.Victoria.DVR.mp4,Victoria,2,27,False,True,,train
28,Fortnite 2025.12.21 - 09.26.45.02.Eliminación.DVR.mp4,F:\Cursos\Ciencia de Datos\Modulo 5\CODIGOS\Proyecto Fotnite\VIDEOS\ORIGINAL\Fortnite 2025.12.21 - 09.26.45.02.Eliminación.DVR.mp4,Eliminacion,1,28,False,True,,train
29,Fortnite 2025.12.21 - 09.28.11.03.Eliminación.DVR.mp4,F:\Cursos\Ciencia de Datos\Modulo 5\CODIGOS\Proyecto Fotnite\VIDEOS\ORIGINAL\Fortnite 2025.12.21 - 09.28.11.03.Eliminación.DVR.mp4,Eliminacion,1,29,False,True,,train
30,Fortnite 2025.12.21 - 09.40.31.04.Eliminación.DVR.mp4,F:\Cursos\Ciencia de Datos\Modulo 5\CODIGOS\Proyecto Fotnite\VIDEOS\ORIGINAL\Fortnite 2025.12.21 - 09.40.31.04.Eliminación.DVR.mp4,Eliminacion,1,30,False,True,,train
31,Fortnite 2025.12.21 - 09.42.29.05.Eliminación.DVR.mp4,F:\Cursos\Ciencia de Datos\Modulo 5\CODIGOS\Proyecto Fotnite\VIDEOS\ORIGINAL\Fortnite 2025.12.21 - 09.42.29.05.Eliminación.DVR.mp4,Eliminacion,1,31,False,True,,train
32,Fortnite 2025.12.21 - 17.23.11.10.Eliminación.DVR.mp4,F:\Cursos\Ciencia de Datos\Modulo 5\CODIGOS\Proyecto Fotnite\VIDEOS\ORIGINAL\Fortnite 2025.12.21 - 17.23.11.10.Eliminación.DVR.mp4,Eliminacion,1,32,False,True,,train
33,Fortnite 2025.12.21 - 17.23.33.11.Eliminación.DVR.mp4,F:\Cursos\Ciencia de Datos\Modulo 5\CODIGOS\Proyecto Fotnite\VIDEOS\ORIGINAL\Fortnite 2025.12.21 - 17.23.33.11.Eliminación.DVR.mp4,Eliminacion,1,33,False,True,,train
34,Fortnite 2025.12.21 - 17.23.43.12.Eliminación.DVR.mp4,F:\Cursos\Ciencia de Datos\Modulo 5\CODIGOS\Proyecto Fotnite\VIDEOS\ORIGINAL\Fortnite 2025.12.21 - 17.23.43.12.Eliminación.DVR.mp4,Eliminacion,1,34,False,True,,train
35,Fortnite 2025.12.21 - 17.25.37.13.Eliminación.DVR.mp4,F:\Cursos\Ciencia de Datos\Modulo 5\CODIGOS\Proyecto Fotnite\VIDEOS\ORIGINAL\Fortnite 2025.12.21 - 17.25.37.13.Eliminación.DVR.mp4,Eliminacion,1,35,False,True,,test
36,Fortnite 2025.12.21 - 17.26.16.14.Eliminación.DVR.mp4,F:\Cursos\Ciencia de Datos\Modulo 5\CODIGOS\Proyecto Fotnite\VIDEOS\ORIGINAL\Fortnite 2025.12.21 - 17.26.16.14.Eliminación.DVR.mp4,Eliminacion,1,36,False,True,,train
37,Fortnite 2025.12.21 - 17.26.34.15.Eliminación.DVR.mp4,F:\Cursos\Ciencia de Datos\Modulo 5\CODIGOS\Proyecto Fotnite\VIDEOS\ORIGINAL\Fortnite 2025.12.21 - 17.26.34.15.Eliminación.DVR.mp4,Eliminacion,1,37,False,True,,train
38,Fortnite 2025.12.21 - 17.27.11.16.Eliminación.DVR.mp4,F:\Cursos\Ciencia de Datos\Modulo 5\CODIGOS\Proyecto Fotnite\VIDEOS\ORIGINAL\Fortnite 2025.12.21 - 17.27.11.16.Eliminación.DVR.mp4,Eliminacion,1,38,False,True,,train
39,Fortnite 2025.12.21 - 17.27.29.17.Eliminación.DVR.mp4,F:\Cursos\Ciencia de Datos\Modulo 5\CODIGOS\Proyecto Fotnite\VIDEOS\ORIGINAL\Fortnite 2025.12.21 - 17.27.29.17.Eliminación.DVR.mp4,Eliminacion,1,39,False,True,,train
40,Fortnite 2025.12.21 - 17.30.51.18.Eliminación.DVR.mp4,F:\Cursos\Ciencia de Datos\Modulo 5\CODIGOS\Proyecto Fotnite\VIDEOS\ORIGINAL\Fortnite 2025.12.21 - 17.30.51.18.Eliminación.DVR.mp4,Eliminacion,1,40,False,True,,test
41,Fortnite 2025.12.21 - 17.31.27.19.Eliminación.DVR.mp4,F:\Cursos\Ciencia de Datos\Modulo 5\CODIGOS\Proyecto Fotnite\VIDEOS\ORIGINAL\Fortnite 2025.12.21 - 17.31.27.19.Eliminación.DVR.mp4,Eliminacion,1,41,False,True,,train
42,Fortnite 2025.12.21 - 17.31.51.20.Eliminación.DVR.mp4,F:\Cursos\Ciencia de Datos\Modulo 5\CODIGOS\Proyecto Fotnite\VIDEOS\ORIGINAL\Fortnite 2025.12.21 - 17.31.51.20.Eliminación.DVR.mp4,Eliminacion,1,42,False,True,,train
43,Fortnite 2025.12.21 - 17.32.55.21.Eliminación.DVR.mp4,F:\Cursos\Ciencia de Datos\Modulo 5\CODIGOS\Proyecto Fotnite\VIDEOS\ORIGINAL\Fortnite 2025.12.21 - 17.32.55.21.Eliminación.DVR.mp4,Eliminacion,1,43,False,True,,validation
44,Fortnite 2025.12.21 - 17.33.23.22.Eliminación.DVR.mp4,F:\Cursos\Ciencia de Datos\Modulo 5\CODIGOS\Proyecto Fotnite\VIDEOS\ORIGINAL\Fortnite 2025.12.21 - 17.33.23.22.Eliminación.DVR.mp4,Eliminacion,1,44,False,True,,train
45,Fortnite 2025.12.21 - 17.34.21.23.Victoria.DVR.mp4,F:\Cursos\Ciencia de Datos\Modulo 5\CODIGOS\Proyecto Fotnite\VIDEOS\ORIGINAL\Fortnite 2025.12.21 - 17.34.21.23.Victoria.DVR.mp4,Victoria,2,45,False,True,,train
46,Fortnite 2025.12.23 - 16.36.53.02.Eliminación.DVR.mp4,F:\Cursos\Ciencia de Datos\Modulo 5\CODIGOS\Proyecto Fotnite\VIDEOS\ORIGINAL\Fortnite 2025.12.23 - 16.36.53.02.Eliminación.DVR.mp4,Eliminacion,1,46,False,True,,train
47,Fortnite 2025.12.23 - 16.37.17.03.Eliminación.DVR.mp4,F:\Cursos\Ciencia de Datos\Modulo 5\CODIGOS\Proyecto Fotnite\VIDEOS\ORIGINAL\Fortnite 2025.12.23 - 16.37.17.03.Eliminación.DVR.mp4,Eliminacion,1,47,False,True,,test
48,Fortnite 2025.12.23 - 16.38.16.04.Eliminación.DVR.mp4,F:\Cursos\Ciencia de Datos\Modulo 5\CODIGOS\Proyecto Fotnite\VIDEOS\ORIGINAL\Fortnite 2025.12.23 - 16.38.16.04.Eliminación.DVR.mp4,Eliminacion,1,48,False,True,,train
49,Fortnite 2025.12.23 - 16.39.43.05.Eliminación.DVR.mp4,F:\Cursos\Ciencia de Datos\Modulo 5\CODIGOS\Proyecto Fotnite\VIDEOS\ORIGINAL\Fortnite 2025.12.23 - 16.39.43.05.Eliminación.DVR.mp4,Eliminacion,1,49,False,True,,test
50,Fortnite 2025.12.23 - 16.39.51.06.Eliminación.DVR.mp4,F:\Cursos\Ciencia de Datos\Modulo 5\CODIGOS\Proyecto Fotnite\VIDEOS\ORIGINAL\Fortnite 2025.12.23 - 16.39.51.06.Eliminación.DVR.mp4,Eliminacion,1,50,False,True,,train
51,Fortnite 2025.12.23 - 16.40.02.07.Eliminación.DVR.mp4,F:\Cursos\Ciencia de Datos\Modulo 5\CODIGOS\Proyecto Fotnite\VIDEOS\ORIGINAL\Fortnite 2025.12.23 - 16.40.02.07.Eliminación.DVR.mp4,Eliminacion,1,51,False,True,,train
52,Fortnite 2025.12.23 - 16.40.39.08.Eliminación.DVR.mp4,F:\Cursos\Ciencia de Datos\Modulo 5\CODIGOS\Proyecto Fotnite\VIDEOS\ORIGINAL\Fortnite 2025.12.23 - 16.40.39.08.Eliminación.DVR.mp4,Eliminacion,1,52,False,True,,train
53,Fortnite 2025.12.23 - 16.40.47.09.Eliminación.DVR.mp4,F:\Cursos\Ciencia de Datos\Modulo 5\CODIGOS\Proyecto Fotnite\VIDEOS\ORIGINAL\Fortnite 2025.12.23 - 16.40.47.09.Eliminación.DVR.mp4,Eliminacion,1,52,False,True,,train
54,Fortnite 2025.12.23 - 16.41.32.10.Eliminación.DVR.mp4,F:\Cursos\Ciencia de Datos\Modulo 5\CODIGOS\Proyecto Fotnite\VIDEOS\ORIGINAL\Fortnite 2025.12.23 - 16.41.32.10.Eliminación.DVR.mp4,Eliminacion,1,54,False,True,,train
55,Fortnite 2025.12.23 - 16.42.00.11.Eliminación.DVR.mp4,F:\Cursos\Ciencia de Datos\Modulo 5\CODIGOS\Proyecto Fotnite\VIDEOS\ORIGINAL\Fortnite 2025.12.23 - 16.42.00.11.Eliminación.DVR.mp4,Eliminacion,1,55,False,True,,train
56,Fortnite 2025.12.23 - 16.42.06.12.Eliminación.DVR.mp4,F:\Cursos\Ciencia de Datos\Modulo 5\CODIGOS\Proyecto Fotnite\VIDEOS\ORIGINAL\Fortnite 2025.12.23 - 16.42.06.12.Eliminación.DVR.mp4,Eliminacion,1,56,False,True,,train
57,Fortnite 2025.12.23 - 16.42.16.13.Eliminación.DVR.mp4,F:\Cursos\Ciencia de Datos\Modulo 5\CODIGOS\Proyecto Fotnite\VIDEOS\ORIGINAL\Fortnite 2025.12.23 - 16.42.16.13.Eliminación.DVR.mp4,Eliminacion,1,57,False,True,,test
58,Fortnite 2025.12.23 - 16.43.23.14.Eliminación.DVR.mp4,F:\Cursos\Ciencia de Datos\Modulo 5\CODIGOS\Proyecto Fotnite\VIDEOS\ORIGINAL\Fortnite 2025.12.23 - 16.43.23.14.Eliminación.DVR.mp4,Eliminacion,1,58,False,True,,train
59,Fortnite 2025.12.23 - 16.45.19.15.Eliminación.DVR.mp4,F:\Cursos\Ciencia de Datos\Modulo 5\CODIGOS\Proyecto Fotnite\VIDEOS\ORIGINAL\Fortnite 2025.12.23 - 16.45.19.15.Eliminación.DVR.mp4,Eliminacion,1,59,False,True,,train
60,Fortnite 2025.12.23 - 16.48.06.16.Victoria.DVR.mp4,F:\Cursos\Ciencia de Datos\Modulo 5\CODIGOS\Proyecto Fotnite\VIDEOS\ORIGINAL\Fortnite 2025.12.23 - 16.48.06.16.Victoria.DVR.mp4,Victoria,2,60,False,True,,train
61,Fortnite 2025.12.28 - 14.11.19.38.Eliminación.DVR.mp4,F:\Cursos\Ciencia de Datos\Modulo 5\CODIGOS\Proyecto Fotnite\VIDEOS\ORIGINAL\Fortnite 2025.12.28 - 14.11.19.38.Eliminación.DVR.mp4,Eliminacion,1,61,False,True,,train
62,Fortnite 2025.12.28 - 14.13.30.39.Eliminación.DVR.mp4,F:\Cursos\Ciencia de Datos\Modulo 5\CODIGOS\Proyecto Fotnite\VIDEOS\ORIGINAL\Fortnite 2025.12.28 - 14.13.30.39.Eliminación.DVR.mp4,Eliminacion,1,62,False,True,,validation
63,Fortnite 2025.12.28 - 14.13.40.40.Eliminación.DVR.mp4,F:\Cursos\Ciencia de Datos\Modulo 5\CODIGOS\Proyecto Fotnite\VIDEOS\ORIGINAL\Fortnite 2025.12.28 - 14.13.40.40.Eliminación.DVR.mp4,Eliminacion,1,63,False,True,,test
64,Fortnite 2025.12.28 - 14.13.52.41.Eliminación.DVR.mp4,F:\Cursos\Ciencia de Datos\Modulo 5\CODIGOS\Proyecto Fotnite\VIDEOS\ORIGINAL\Fortnite 2025.12.28 - 14.13.52.41.Eliminación.DVR.mp4,Eliminacion,1,64,False,True,,validation
65,Fortnite 2025.12.28 - 14.14.20.42.Eliminación.DVR.mp4,F:\Cursos\Ciencia de Datos\Modulo 5\CODIGOS\Proyecto Fotnite\VIDEOS\ORIGINAL\Fortnite 2025.12.28 - 14.14.20.42.Eliminación.DVR.mp4,Eliminacion,1,65,False,True,,train
66,Fortnite 2025.12.28 - 14.15.26.43.Abajo.DVR.mp4,F:\Cursos\Ciencia de Datos\Modulo 5\CODIGOS\Proyecto Fotnite\VIDEOS\ORIGINAL\Fortnite 2025.12.28 - 14.15.26.43.Abajo.DVR.mp4,Eliminacion,1,66,True,False,abajo_ambiguo_o_duplicado_con_abajo,excluded_ambiguous
67,Fortnite 2025.12.28 - 14.15.33.44.Eliminación.DVR.mp4,F:\Cursos\Ciencia de Datos\Modulo 5\CODIGOS\Proyecto Fotnite\VIDEOS\ORIGINAL\Fortnite 2025.12.28 - 14.15.33.44.Eliminación.DVR.mp4,Eliminacion,1,67,False,True,,train
68,Fortnite 2025.12.28 - 14.16.29.45.Eliminación.DVR.mp4,F:\Cursos\Ciencia de Datos\Modulo 5\CODIGOS\Proyecto Fotnite\VIDEOS\ORIGINAL\Fortnite 2025.12.28 - 14.16.29.45.Eliminación.DVR.mp4,Eliminacion,1,68,False,True,,train
69,Fortnite 2025.12.28 - 14.20.07.46.Eliminación doble.DVR.mp4,F:\Cursos\Ciencia de Datos\Modulo 5\CODIGOS\Proyecto Fotnite\VIDEOS\ORIGINAL\Fortnite 2025.12.28 - 14.20.07.46.Eliminación doble.DVR.mp4,Eliminacion,1,69,False,True,,train
70,Fortnite 2025.12.28 - 14.20.18.47.Eliminación.DVR.mp4,F:\Cursos\Ciencia de Datos\Modulo 5\CODIGOS\Proyecto Fotnite\VIDEOS\ORIGINAL\Fortnite 2025.12.28 - 14.20.18.47.Eliminación.DVR.mp4,Eliminacion,1,69,False,True,,train
71,Fortnite 2025.12.28 - 14.22.10.48.Abajo.DVR.mp4,F:\Cursos\Ciencia de Datos\Modulo 5\CODIGOS\Proyecto Fotnite\VIDEOS\ORIGINAL\Fortnite 2025.12.28 - 14.22.10.48.Abajo.DVR.mp4,Eliminacion,1,71,True,False,abajo_ambiguo_o_duplicado_con_abajo,excluded_ambiguous
72,Fortnite 2025.12.28 - 14.22.46.49.Eliminación.DVR.mp4,F:\Cursos\Ciencia de Datos\Modulo 5\CODIGOS\Proyecto Fotnite\VIDEOS\ORIGINAL\Fortnite 2025.12.28 - 14.22.46.49.Eliminación.DVR.mp4,Eliminacion,1,72,False,True,,train
73,Fortnite 2025.12.28 - 14.24.10.50.Eliminación.DVR.mp4,F:\Cursos\Ciencia de Datos\Modulo 5\CODIGOS\Proyecto Fotnite\VIDEOS\ORIGINAL\Fortnite 2025.12.28 - 14.24.10.50.Eliminación.DVR.mp4,Eliminacion,1,73,False,True,,validation
74,Fortnite 2025.12.28 - 14.24.25.51.Eliminación.DVR.mp4,F:\Cursos\Ciencia de Datos\Modulo 5\CODIGOS\Proyecto Fotnite\VIDEOS\ORIGINAL\Fortnite 2025.12.28 - 14.24.25.51.Eliminación.DVR.mp4,Eliminacion,1,74,False,True,,train
75,Fortnite 2025.12.28 - 14.24.46.52.Eliminado.DVR.mp4,F:\Cursos\Ciencia de Datos\Modulo 5\CODIGOS\Proyecto Fotnite\VIDEOS\ORIGINAL\Fortnite 2025.12.28 - 14.24.46.52.Eliminado.DVR.mp4,Eliminado,0,75,False,True,,train
76,Fortnite 2026.01.11 - 18.35.49.22.Abajo.DVR.mp4,F:\Cursos\Ciencia de Datos\Modulo 5\CODIGOS\Proyecto Fotnite\VIDEOS\ORIGINAL\Fortnite 2026.01.11 - 18.35.49.22.Abajo.DVR.mp4,Eliminacion,1,76,True,False,abajo_ambiguo_o_duplicado_con_abajo,excluded_ambiguous
77,Fortnite 2026.01.11 - 18.36.02.23.Eliminación.DVR.mp4,F:\Cursos\Ciencia de Datos\Modulo 5\CODIGOS\Proyecto Fotnite\VIDEOS\ORIGINAL\Fortnite 2026.01.11 - 18.36.02.23.Eliminación.DVR.mp4,Eliminacion,1,77,False,True,,train
78,Fortnite 2026.01.11 - 18.36.55.24.Eliminación.DVR.mp4,F:\Cursos\Ciencia de Datos\Modulo 5\CODIGOS\Proyecto Fotnite\VIDEOS\ORIGINAL\Fortnite 2026.01.11 - 18.36.55.24.Eliminación.DVR.mp4,Eliminacion,1,78,False,True,,test
79,Fortnite 2026.01.11 - 18.38.34.25.Abajo.DVR.mp4,F:\Cursos\Ciencia de Datos\Modulo 5\CODIGOS\Proyecto Fotnite\VIDEOS\ORIGINAL\Fortnite 2026.01.11 - 18.38.34.25.Abajo.DVR.mp4,Eliminacion,1,79,True,False,abajo_ambiguo_o_duplicado_con_abajo,excluded_ambiguous
80,Fortnite 2026.01.11 - 18.38.45.26.Eliminación doble.DVR.mp4,F:\Cursos\Ciencia de Datos\Modulo 5\CODIGOS\Proyecto Fotnite\VIDEOS\ORIGINAL\Fortnite 2026.01.11 - 18.38.45.26.Eliminación doble.DVR.mp4,Eliminacion,1,80,False,True,,train
81,Fortnite 2026.01.11 - 18.39.12.27.Eliminación.DVR.mp4,F:\Cursos\Ciencia de Datos\Modulo 5\CODIGOS\Proyecto Fotnite\VIDEOS\ORIGINAL\Fortnite 2026.01.11 - 18.39.12.27.Eliminación.DVR.mp4,Eliminacion,1,81,False,True,,test
82,Fortnite 2026.01.11 - 18.40.19.28.Eliminación.DVR.mp4,F:\Cursos\Ciencia de Datos\Modulo 5\CODIGOS\Proyecto Fotnite\VIDEOS\ORIGINAL\Fortnite 2026.01.11 - 18.40.19.28.Eliminación.DVR.mp4,Eliminacion,1,82,False,True,,train
83,Fortnite 2026.01.11 - 18.42.47.29.Abajo.DVR.mp4,F:\Cursos\Ciencia de Datos\Modulo 5\CODIGOS\Proyecto Fotnite\VIDEOS\ORIGINAL\Fortnite 2026.01.11 - 18.42.47.29.Abajo.DVR.mp4,Eliminacion,1,83,True,False,abajo_ambiguo_o_duplicado_con_abajo,excluded_ambiguous
84,Fortnite 2026.01.11 - 18.42.56.30.Eliminación.DVR.mp4,F:\Cursos\Ciencia de Datos\Modulo 5\CODIGOS\Proyecto Fotnite\VIDEOS\ORIGINAL\Fortnite 2026.01.11 - 18.42.56.30.Eliminación.DVR.mp4,Eliminacion,1,84,False,True,,train
85,Fortnite 2026.01.11 - 18.43.05.31.Eliminación.DVR.mp4,F:\Cursos\Ciencia de Datos\Modulo 5\CODIGOS\Proyecto Fotnite\VIDEOS\ORIGINAL\Fortnite 2026.01.11 - 18.43.05.31.Eliminación.DVR.mp4,Eliminacion,1,85,False,True,,train
86,Fortnite 2026.01.11 - 18.45.43.32.Abajo.DVR.mp4,F:\Cursos\Ciencia de Datos\Modulo 5\CODIGOS\Proyecto Fotnite\VIDEOS\ORIGINAL\Fortnite 2026.01.11 - 18.45.43.32.Abajo.DVR.mp4,Eliminacion,1,86,True,False,abajo_ambiguo_o_duplicado_con_abajo,excluded_ambiguous
87,Fortnite 2026.01.11 - 18.45.50.33.Eliminación.DVR.mp4,F:\Cursos\Ciencia de Datos\Modulo 5\CODIGOS\Proyecto Fotnite\VIDEOS\ORIGINAL\Fortnite 2026.01.11 - 18.45.50.33.Eliminación.DVR.mp4,Eliminacion,1,86,False,False,abajo_ambiguo_o_duplicado_con_abajo,excluded_ambiguous
88,Fortnite 2026.01.11 - 18.46.19.34.Victoria.DVR.mp4,F:\Cursos\Ciencia de Datos\Modulo 5\CODIGOS\Proyecto Fotnite\VIDEOS\ORIGINAL\Fortnite 2026.01.11 - 18.46.19.34.Victoria.DVR.mp4,Victoria,2,88,False,True,,test
89,Fortnite 2026.03.07 - 19.23.56.03.Eliminación.DVR.mp4,F:\Cursos\Ciencia de Datos\Modulo 5\CODIGOS\Proyecto Fotnite\VIDEOS\ORIGINAL\Fortnite 2026.03.07 - 19.23.56.03.Eliminación.DVR.mp4,Eliminacion,1,89,False,True,,train
90,Fortnite 2026.03.07 - 19.25.08.04.Eliminación doble.DVR.mp4,F:\Cursos\Ciencia de Datos\Modulo 5\CODIGOS\Proyecto Fotnite\VIDEOS\ORIGINAL\Fortnite 2026.03.07 - 19.25.08.04.Eliminación doble.DVR.mp4,Eliminacion,1,90,False,True,,train
91,Fortnite 2026.03.07 - 19.25.24.05.Eliminación.DVR.mp4,F:\Cursos\Ciencia de Datos\Modulo 5\CODIGOS\Proyecto Fotnite\VIDEOS\ORIGINAL\Fortnite 2026.03.07 - 19.25.24.05.Eliminación.DVR.mp4,Eliminacion,1,91,False,True,,train
92,Fortnite 2026.03.07 - 19.25.41.06.Eliminación.DVR.mp4,F:\Cursos\Ciencia de Datos\Modulo 5\CODIGOS\Proyecto Fotnite\VIDEOS\ORIGINAL\Fortnite 2026.03.07 - 19.25.41.06.Eliminación.DVR.mp4,Eliminacion,1,92,False,True,,train
93,Fortnite 2026.03.07 - 19.25.59.07.Eliminación.DVR.mp4,F:\Cursos\Ciencia de Datos\Modulo 5\CODIGOS\Proyecto Fotnite\VIDEOS\ORIGINAL\Fortnite 2026.03.07 - 19.25.59.07.Eliminación.DVR.mp4,Eliminacion,1,93,False,True,,train
94,Fortnite 2026.03.07 - 19.26.08.08.Eliminación.DVR.mp4,F:\Cursos\Ciencia de Datos\Modulo 5\CODIGOS\Proyecto Fotnite\VIDEOS\ORIGINAL\Fortnite 2026.03.07 - 19.26.08.08.Eliminación.DVR.mp4,Eliminacion,1,93,False,True,,train
95,Fortnite 2026.03.07 - 19.27.21.09.Eliminación.DVR.mp4,F:\Cursos\Ciencia de Datos\Modulo 5\CODIGOS\Proyecto Fotnite\VIDEOS\ORIGINAL\Fortnite 2026.03.07 - 19.27.21.09.Eliminación.DVR.mp4,Eliminacion,1,95,False,True,,train
96,Fortnite 2026.03.07 - 19.27.30.10.Eliminación.DVR.mp4,F:\Cursos\Ciencia de Datos\Modulo 5\CODIGOS\Proyecto Fotnite\VIDEOS\ORIGINAL\Fortnite 2026.03.07 - 19.27.30.10.Eliminación.DVR.mp4,Eliminacion,1,96,False,True,,train
97,Fortnite 2026.03.07 - 19.27.36.11.Eliminación.DVR.mp4,F:\Cursos\Ciencia de Datos\Modulo 5\CODIGOS\Proyecto Fotnite\VIDEOS\ORIGINAL\Fortnite 2026.03.07 - 19.27.36.11.Eliminación.DVR.mp4,Eliminacion,1,97,False,True,,train
98,Fortnite 2026.03.07 - 19.28.01.12.Eliminación.DVR.mp4,F:\Cursos\Ciencia de Datos\Modulo 5\CODIGOS\Proyecto Fotnite\VIDEOS\ORIGINAL\Fortnite 2026.03.07 - 19.28.01.12.Eliminación.DVR.mp4,Eliminacion,1,98,False,True,,train
99,Fortnite 2026.03.07 - 19.28.20.13.Eliminación.DVR.mp4,F:\Cursos\Ciencia de Datos\Modulo 5\CODIGOS\Proyecto Fotnite\VIDEOS\ORIGINAL\Fortnite 2026.03.07 - 19.28.20.13.Eliminación.DVR.mp4,Eliminacion,1,99,False,True,,train
100,Fortnite 2026.03.07 - 19.29.03.14.Eliminación.DVR.mp4,F:\Cursos\Ciencia de Datos\Modulo 5\CODIGOS\Proyecto Fotnite\VIDEOS\ORIGINAL\Fortnite 2026.03.07 - 19.29.03.14.Eliminación.DVR.mp4,Eliminacion,1,100,False,True,,train
101,Fortnite 2026.03.07 - 19.29.29.15.Eliminación.DVR.mp4,F:\Cursos\Ciencia de Datos\Modulo 5\CODIGOS\Proyecto Fotnite\VIDEOS\ORIGINAL\Fortnite 2026.03.07 - 19.29.29.15.Eliminación.DVR.mp4,Eliminacion,1,101,False,True,,train
102,Fortnite 2026.03.07 - 19.32.18.16.Eliminación.DVR.mp4,F:\Cursos\Ciencia de Datos\Modulo 5\CODIGOS\Proyecto Fotnite\VIDEOS\ORIGINAL\Fortnite 2026.03.07 - 19.32.18.16.Eliminación.DVR.mp4,Eliminacion,1,102,False,True,,validation
103,Fortnite 2026.03.07 - 19.34.16.17.Eliminación.DVR.mp4,F:\Cursos\Ciencia de Datos\Modulo 5\CODIGOS\Proyecto Fotnite\VIDEOS\ORIGINAL\Fortnite 2026.03.07 - 19.34.16.17.Eliminación.DVR.mp4,Eliminacion,1,103,False,True,,train
104,Fortnite 2026.03.19 - 20.46.11.04.Eliminación.DVR.mp4,F:\Cursos\Ciencia de Datos\Modulo 5\CODIGOS\Proyecto Fotnite\VIDEOS\ORIGINAL\Fortnite 2026.03.19 - 20.46.11.04.Eliminación.DVR.mp4,Eliminacion,1,104,False,True,,train
105,Fortnite 2026.03.19 - 20.47.48.05.Eliminación.DVR.mp4,F:\Cursos\Ciencia de Datos\Modulo 5\CODIGOS\Proyecto Fotnite\VIDEOS\ORIGINAL\Fortnite 2026.03.19 - 20.47.48.05.Eliminación.DVR.mp4,Eliminacion,1,105,False,True,,train
106,Fortnite 2026.03.19 - 20.48.58.06.Eliminación.DVR.mp4,F:\Cursos\Ciencia de Datos\Modulo 5\CODIGOS\Proyecto Fotnite\VIDEOS\ORIGINAL\Fortnite 2026.03.19 - 20.48.58.06.Eliminación.DVR.mp4,Eliminacion,1,106,False,True,,train
107,Fortnite 2026.03.19 - 20.49.07.07.Eliminación.DVR.mp4,F:\Cursos\Ciencia de Datos\Modulo 5\CODIGOS\Proyecto Fotnite\VIDEOS\ORIGINAL\Fortnite 2026.03.19 - 20.49.07.07.Eliminación.DVR.mp4,Eliminacion,1,107,False,True,,validation
108,Fortnite 2026.03.19 - 20.49.37.08.Eliminación.DVR.mp4,F:\Cursos\Ciencia de Datos\Modulo 5\CODIGOS\Proyecto Fotnite\VIDEOS\ORIGINAL\Fortnite 2026.03.19 - 20.49.37.08.Eliminación.DVR.mp4,Eliminacion,1,108,False,True,,train
109,Fortnite 2026.03.19 - 20.51.13.09.Eliminación.DVR.mp4,F:\Cursos\Ciencia de Datos\Modulo 5\CODIGOS\Proyecto Fotnite\VIDEOS\ORIGINAL\Fortnite 2026.03.19 - 20.51.13.09.Eliminación.DVR.mp4,Eliminacion,1,109,False,True,,train
110,Fortnite 2026.03.19 - 20.54.18.10.Eliminación.DVR.mp4,F:\Cursos\Ciencia de Datos\Modulo 5\CODIGOS\Proyecto Fotnite\VIDEOS\ORIGINAL\Fortnite 2026.03.19 - 20.54.18.10.Eliminación.DVR.mp4,Eliminacion,1,110,False,True,,train
111,Fortnite 2026.03.19 - 20.54.51.11.Eliminación.DVR.mp4,F:\Cursos\Ciencia de Datos\Modulo 5\CODIGOS\Proyecto Fotnite\VIDEOS\ORIGINAL\Fortnite 2026.03.19 - 20.54.51.11.Eliminación.DVR.mp4,Eliminacion,1,111,False,True,,train
112,Fortnite 2026.03.19 - 20.56.00.12.Eliminación.DVR.mp4,F:\Cursos\Ciencia de Datos\Modulo 5\CODIGOS\Proyecto Fotnite\VIDEOS\ORIGINAL\Fortnite 2026.03.19 - 20.56.00.12.Eliminación.DVR.mp4,Eliminacion,1,112,False,True,,train
113,Fortnite 2026.03.19 - 20.56.44.13.Victoria.DVR.mp4,F:\Cursos\Ciencia de Datos\Modulo 5\CODIGOS\Proyecto Fotnite\VIDEOS\ORIGINAL\Fortnite 2026.03.19 - 20.56.44.13.Victoria.DVR.mp4,Victoria,2,113,False,True,,train
114,Fortnite 2026.03.20 - 17.36.37.02.Eliminación.DVR.mp4,F:\Cursos\Ciencia de Datos\Modulo 5\CODIGOS\Proyecto Fotnite\VIDEOS\ORIGINAL\Fortnite 2026.03.20 - 17.36.37.02.Eliminación.DVR.mp4,Eliminacion,1,114,False,True,,train
115,Fortnite 2026.03.20 - 17.37.51.03.Eliminación doble.DVR.mp4,F:\Cursos\Ciencia de Datos\Modulo 5\CODIGOS\Proyecto Fotnite\VIDEOS\ORIGINAL\Fortnite 2026.03.20 - 17.37.51.03.Eliminación doble.DVR.mp4,Eliminacion,1,115,False,True,,train
116,Fortnite 2026.03.20 - 17.38.30.04.Eliminación.DVR.mp4,F:\Cursos\Ciencia de Datos\Modulo 5\CODIGOS\Proyecto Fotnite\VIDEOS\ORIGINAL\Fortnite 2026.03.20 - 17.38.30.04.Eliminación.DVR.mp4,Eliminacion,1,116,False,True,,train
117,Fortnite 2026.03.20 - 17.39.10.05.Eliminación.DVR.mp4,F:\Cursos\Ciencia de Datos\Modulo 5\CODIGOS\Proyecto Fotnite\VIDEOS\ORIGINAL\Fortnite 2026.03.20 - 17.39.10.05.Eliminación.DVR.mp4,Eliminacion,1,117,False,True,,train
118,Fortnite 2026.03.20 - 17.39.30.06.Eliminación.DVR.mp4,F:\Cursos\Ciencia de Datos\Modulo 5\CODIGOS\Proyecto Fotnite\VIDEOS\ORIGINAL\Fortnite 2026.03.20 - 17.39.30.06.Eliminación.DVR.mp4,Eliminacion,1,118,False,True,,test
119,Fortnite 2026.03.20 - 17.39.39.07.Eliminación.DVR.mp4,F:\Cursos\Ciencia de Datos\Modulo 5\CODIGOS\Proyecto Fotnite\VIDEOS\ORIGINAL\Fortnite 2026.03.20 - 17.39.39.07.Eliminación.DVR.mp4,Eliminacion,1,119,False,True,,validation
120,Fortnite 2026.03.20 - 17.39.51.08.Eliminación.DVR.mp4,F:\Cursos\Ciencia de Datos\Modulo 5\CODIGOS\Proyecto Fotnite\VIDEOS\ORIGINAL\Fortnite 2026.03.20 - 17.39.51.08.Eliminación.DVR.mp4,Eliminacion,1,120,False,True,,validation
121,Fortnite 2026.03.20 - 17.40.12.09.Eliminación.DVR.mp4,F:\Cursos\Ciencia de Datos\Modulo 5\CODIGOS\Proyecto Fotnite\VIDEOS\ORIGINAL\Fortnite 2026.03.20 - 17.40.12.09.Eliminación.DVR.mp4,Eliminacion,1,121,False,True,,test
122,Fortnite 2026.03.20 - 17.41.18.10.Eliminación.DVR.mp4,F:\Cursos\Ciencia de Datos\Modulo 5\CODIGOS\Proyecto Fotnite\VIDEOS\ORIGINAL\Fortnite 2026.03.20 - 17.41.18.10.Eliminación.DVR.mp4,Eliminacion,1,122,False,True,,train
123,Fortnite 2026.03.20 - 17.42.36.11.Eliminación.DVR.mp4,F:\Cursos\Ciencia de Datos\Modulo 5\CODIGOS\Proyecto Fotnite\VIDEOS\ORIGINAL\Fortnite 2026.03.20 - 17.42.36.11.Eliminación.DVR.mp4,Eliminacion,1,123,False,True,,test
124,Fortnite 2026.03.20 - 17.45.00.12.Eliminación.DVR.mp4,F:\Cursos\Ciencia de Datos\Modulo 5\CODIGOS\Proyecto Fotnite\VIDEOS\ORIGINAL\Fortnite 2026.03.20 - 17.45.00.12.Eliminación.DVR.mp4,Eliminacion,1,124,False,True,,train
125,Fortnite 2026.03.20 - 17.45.43.13.Eliminación.DVR.mp4,F:\Cursos\Ciencia de Datos\Modulo 5\CODIGOS\Proyecto Fotnite\VIDEOS\ORIGINAL\Fortnite 2026.03.20 - 17.45.43.13.Eliminación.DVR.mp4,Eliminacion,1,125,False,True,,train
126,Fortnite 2026.03.20 - 17.45.49.14.Eliminado.DVR.mp4,F:\Cursos\Ciencia de Datos\Modulo 5\CODIGOS\Proyecto Fotnite\VIDEOS\ORIGINAL\Fortnite 2026.03.20 - 17.45.49.14.Eliminado.DVR.mp4,Eliminado,0,126,False,True,,validation
127,Fortnite 2026.03.20 - 17.47.49.15.Victoria.DVR.mp4,F:\Cursos\Ciencia de Datos\Modulo 5\CODIGOS\Proyecto Fotnite\VIDEOS\ORIGINAL\Fortnite 2026.03.20 - 17.47.49.15.Victoria.DVR.mp4,Victoria,2,127,False,True,,test
128,Fortnite 2026.03.21 - 19.02.14.02.Eliminación.DVR.mp4,F:\Cursos\Ciencia de Datos\Modulo 5\CODIGOS\Proyecto Fotnite\VIDEOS\ORIGINAL\Fortnite 2026.03.21 - 19.02.14.02.Eliminación.DVR.mp4,Eliminacion,1,128,False,True,,train
129,Fortnite 2026.03.21 - 19.02.21.03.Eliminación.DVR.mp4,F:\Cursos\Ciencia de Datos\Modulo 5\CODIGOS\Proyecto Fotnite\VIDEOS\ORIGINAL\Fortnite 2026.03.21 - 19.02.21.03.Eliminación.DVR.mp4,Eliminacion,1,129,False,True,,train
130,Fortnite 2026.03.21 - 19.02.27.04.Eliminación.DVR.mp4,F:\Cursos\Ciencia de Datos\Modulo 5\CODIGOS\Proyecto Fotnite\VIDEOS\ORIGINAL\Fortnite 2026.03.21 - 19.02.27.04.Eliminación.DVR.mp4,Eliminacion,1,130,False,True,,train
131,Fortnite 2026.03.21 - 19.04.13.05.Eliminación.DVR.mp4,F:\Cursos\Ciencia de Datos\Modulo 5\CODIGOS\Proyecto Fotnite\VIDEOS\ORIGINAL\Fortnite 2026.03.21 - 19.04.13.05.Eliminación.DVR.mp4,Eliminacion,1,131,False,True,,train
132,Fortnite 2026.03.21 - 19.05.23.06.Eliminación doble.DVR.mp4,F:\Cursos\Ciencia de Datos\Modulo 5\CODIGOS\Proyecto Fotnite\VIDEOS\ORIGINAL\Fortnite 2026.03.21 - 19.05.23.06.Eliminación doble.DVR.mp4,Eliminacion,1,132,False,True,,train
133,Fortnite 2026.03.21 - 19.06.05.07.Eliminación.DVR.mp4,F:\Cursos\Ciencia de Datos\Modulo 5\CODIGOS\Proyecto Fotnite\VIDEOS\ORIGINAL\Fortnite 2026.03.21 - 19.06.05.07.Eliminación.DVR.mp4,Eliminacion,1,133,False,True,,train
134,Fortnite 2026.03.21 - 19.06.19.08.Eliminación.DVR.mp4,F:\Cursos\Ciencia de Datos\Modulo 5\CODIGOS\Proyecto Fotnite\VIDEOS\ORIGINAL\Fortnite 2026.03.21 - 19.06.19.08.Eliminación.DVR.mp4,Eliminacion,1,134,False,True,,train
135,Fortnite 2026.03.21 - 19.06.30.09.Eliminación.DVR.mp4,F:\Cursos\Ciencia de Datos\Modulo 5\CODIGOS\Proyecto Fotnite\VIDEOS\ORIGINAL\Fortnite 2026.03.21 - 19.06.30.09.Eliminación.DVR.mp4,Eliminacion,1,135,False,True,,train
136,Fortnite 2026.03.21 - 19.07.40.10.Eliminación.DVR.mp4,F:\Cursos\Ciencia de Datos\Modulo 5\CODIGOS\Proyecto Fotnite\VIDEOS\ORIGINAL\Fortnite 2026.03.21 - 19.07.40.10.Eliminación.DVR.mp4,Eliminacion,1,136,False,True,,validation
137,Fortnite 2026.03.21 - 19.08.30.11.Eliminación.DVR.mp4,F:\Cursos\Ciencia de Datos\Modulo 5\CODIGOS\Proyecto Fotnite\VIDEOS\ORIGINAL\Fortnite 2026.03.21 - 19.08.30.11.Eliminación.DVR.mp4,Eliminacion,1,137,False,True,,test
138,Fortnite 2026.03.21 - 19.10.13.12.Eliminación.DVR.mp4,F:\Cursos\Ciencia de Datos\Modulo 5\CODIGOS\Proyecto Fotnite\VIDEOS\ORIGINAL\Fortnite 2026.03.21 - 19.10.13.12.Eliminación.DVR.mp4,Eliminacion,1,138,False,True,,train
139,Fortnite 2026.03.21 - 19.11.02.13.Eliminación doble.DVR.mp4,F:\Cursos\Ciencia de Datos\Modulo 5\CODIGOS\Proyecto Fotnite\VIDEOS\ORIGINAL\Fortnite 2026.03.21 - 19.11.02.13.Eliminación doble.DVR.mp4,Eliminacion,1,139,False,True,,train
140,Fortnite 2026.03.21 - 19.11.14.14.Eliminación.DVR.mp4,F:\Cursos\Ciencia de Datos\Modulo 5\CODIGOS\Proyecto Fotnite\VIDEOS\ORIGINAL\Fortnite 2026.03.21 - 19.11.14.14.Eliminación.DVR.mp4,Eliminacion,1,139,False,True,,train
141,Fortnite 2026.03.21 - 19.12.47.15.Eliminación.DVR.mp4,F:\Cursos\Ciencia de Datos\Modulo 5\CODIGOS\Proyecto Fotnite\VIDEOS\ORIGINAL\Fortnite 2026.03.21 - 19.12.47.15.Eliminación.DVR.mp4,Eliminacion,1,141,False,True,,validation
142,Fortnite 2026.03.21 - 19.13.01.16.Victoria.DVR.mp4,F:\Cursos\Ciencia de Datos\Modulo 5\CODIGOS\Proyecto Fotnite\VIDEOS\ORIGINAL\Fortnite 2026.03.21 - 19.13.01.16.Victoria.DVR.mp4,Victoria,2,142,False,True,,train
143,Fortnite 2026.04.30 - 18.48.03.02.Eliminación.DVR.mp4,F:\Cursos\Ciencia de Datos\Modulo 5\CODIGOS\Proyecto Fotnite\VIDEOS\ORIGINAL\Fortnite 2026.04.30 - 18.48.03.02.Eliminación.DVR.mp4,Eliminacion,1,143,False,True,,train
144,Fortnite 2026.04.30 - 18.48.13.03.Eliminación.DVR.mp4,F:\Cursos\Ciencia de Datos\Modulo 5\CODIGOS\Proyecto Fotnite\VIDEOS\ORIGINAL\Fortnite 2026.04.30 - 18.48.13.03.Eliminación.DVR.mp4,Eliminacion,1,143,False,True,,train
145,Fortnite 2026.04.30 - 18.48.25.04.Eliminación.DVR.mp4,F:\Cursos\Ciencia de Datos\Modulo 5\CODIGOS\Proyecto Fotnite\VIDEOS\ORIGINAL\Fortnite 2026.04.30 - 18.48.25.04.Eliminación.DVR.mp4,Eliminacion,1,145,False,True,,train
146,Fortnite 2026.04.30 - 18.50.32.05.Eliminación.DVR.mp4,F:\Cursos\Ciencia de Datos\Modulo 5\CODIGOS\Proyecto Fotnite\VIDEOS\ORIGINAL\Fortnite 2026.04.30 - 18.50.32.05.Eliminación.DVR.mp4,Eliminacion,1,146,False,True,,train
147,Fortnite 2026.04.30 - 18.52.22.06.Eliminación.DVR.mp4,F:\Cursos\Ciencia de Datos\Modulo 5\CODIGOS\Proyecto Fotnite\VIDEOS\ORIGINAL\Fortnite 2026.04.30 - 18.52.22.06.Eliminación.DVR.mp4,Eliminacion,1,147,False,True,,train
148,Fortnite 2026.04.30 - 18.52.45.07.Eliminación.DVR.mp4,F:\Cursos\Ciencia de Datos\Modulo 5\CODIGOS\Proyecto Fotnite\VIDEOS\ORIGINAL\Fortnite 2026.04.30 - 18.52.45.07.Eliminación.DVR.mp4,Eliminacion,1,148,False,True,,test
149,Fortnite 2026.04.30 - 18.55.38.08.Eliminación.DVR.mp4,F:\Cursos\Ciencia de Datos\Modulo 5\CODIGOS\Proyecto Fotnite\VIDEOS\ORIGINAL\Fortnite 2026.04.30 - 18.55.38.08.Eliminación.DVR.mp4,Eliminacion,1,149,False,True,,train
150,Fortnite 2026.04.30 - 18.58.09.09.Victoria.DVR.mp4,F:\Cursos\Ciencia de Datos\Modulo 5\CODIGOS\Proyecto Fotnite\VIDEOS\ORIGINAL\Fortnite 2026.04.30 - 18.58.09.09.Victoria.DVR.mp4,Victoria,2,150,False,True,,test
151,Fortnite 2026.05.23 - 22.52.44.02.Eliminación.DVR.mp4,F:\Cursos\Ciencia de Datos\Modulo 5\CODIGOS\Proyecto Fotnite\VIDEOS\ORIGINAL\Fortnite 2026.05.23 - 22.52.44.02.Eliminación.DVR.mp4,Eliminacion,1,151,False,True,,validation
152,Fortnite 2026.05.23 - 22.53.09.03.Eliminación.DVR.mp4,F:\Cursos\Ciencia de Datos\Modulo 5\CODIGOS\Proyecto Fotnite\VIDEOS\ORIGINAL\Fortnite 2026.05.23 - 22.53.09.03.Eliminación.DVR.mp4,Eliminacion,1,152,False,True,,test
153,Fortnite 2026.05.23 - 22.53.15.04.Eliminación.DVR.mp4,F:\Cursos\Ciencia de Datos\Modulo 5\CODIGOS\Proyecto Fotnite\VIDEOS\ORIGINAL\Fortnite 2026.05.23 - 22.53.15.04.Eliminación.DVR.mp4,Eliminacion,1,153,False,True,,train
154,Fortnite 2026.05.23 - 22.58.03.05.Eliminación.DVR.mp4,F:\Cursos\Ciencia de Datos\Modulo 5\CODIGOS\Proyecto Fotnite\VIDEOS\ORIGINAL\Fortnite 2026.05.23 - 22.58.03.05.Eliminación.DVR.mp4,Eliminacion,1,154,False,True,,test
155,Fortnite 2026.05.23 - 22.58.24.06.Eliminación.DVR.mp4,F:\Cursos\Ciencia de Datos\Modulo 5\CODIGOS\Proyecto Fotnite\VIDEOS\ORIGINAL\Fortnite 2026.05.23 - 22.58.24.06.Eliminación.DVR.mp4,Eliminacion,1,155,False,True,,train
156,Fortnite 2026.05.23 - 22.58.58.07.Eliminación.DVR.mp4,F:\Cursos\Ciencia de Datos\Modulo 5\CODIGOS\Proyecto Fotnite\VIDEOS\ORIGINAL\Fortnite 2026.05.23 - 22.58.58.07.Eliminación.DVR.mp4,Eliminacion,1,156,False,True,,validation
157,Fortnite 2026.05.23 - 23.00.10.08.Eliminación.DVR.mp4,F:\Cursos\Ciencia de Datos\Modulo 5\CODIGOS\Proyecto Fotnite\VIDEOS\ORIGINAL\Fortnite 2026.05.23 - 23.00.10.08.Eliminación.DVR.mp4,Eliminacion,1,157,False,True,,validation
158,Fortnite 2026.05.23 - 23.09.29.09.Eliminación.DVR.mp4,F:\Cursos\Ciencia de Datos\Modulo 5\CODIGOS\Proyecto Fotnite\VIDEOS\ORIGINAL\Fortnite 2026.05.23 - 23.09.29.09.Eliminación.DVR.mp4,Eliminacion,1,158,False,True,,validation
159,Fortnite 2026.05.23 - 23.09.54.10.Victoria.DVR.mp4,F:\Cursos\Ciencia de Datos\Modulo 5\CODIGOS\Proyecto Fotnite\VIDEOS\ORIGINAL\Fortnite 2026.05.23 - 23.09.54.10.Victoria.DVR.mp4,Victoria,2,159,False,True,,train
160,Fortnite 2026.05.25 - 17.05.15.13.Eliminación.DVR.mp4,F:\Cursos\Ciencia de Datos\Modulo 5\CODIGOS\Proyecto Fotnite\VIDEOS\ORIGINAL\Fortnite 2026.05.25 - 17.05.15.13.Eliminación.DVR.mp4,Eliminacion,1,160,False,True,,train
161,Fortnite 2026.05.25 - 17.07.22.14.Eliminación.DVR.mp4,F:\Cursos\Ciencia de Datos\Modulo 5\CODIGOS\Proyecto Fotnite\VIDEOS\ORIGINAL\Fortnite 2026.05.25 - 17.07.22.14.Eliminación.DVR.mp4,Eliminacion,1,161,False,True,,train
162,Fortnite 2026.05.25 - 17.09.48.15.Eliminación.DVR.mp4,F:\Cursos\Ciencia de Datos\Modulo 5\CODIGOS\Proyecto Fotnite\VIDEOS\ORIGINAL\Fortnite 2026.05.25 - 17.09.48.15.Eliminación.DVR.mp4,Eliminacion,1,162,False,True,,train
163,Fortnite 2026.05.25 - 17.10.47.16.Eliminación.DVR.mp4,F:\Cursos\Ciencia de Datos\Modulo 5\CODIGOS\Proyecto Fotnite\VIDEOS\ORIGINAL\Fortnite 2026.05.25 - 17.10.47.16.Eliminación.DVR.mp4,Eliminacion,1,163,False,True,,train
164,Fortnite 2026.05.25 - 17.11.21.17.Eliminación.DVR.mp4,F:\Cursos\Ciencia de Datos\Modulo 5\CODIGOS\Proyecto Fotnite\VIDEOS\ORIGINAL\Fortnite 2026.05.25 - 17.11.21.17.Eliminación.DVR.mp4,Eliminacion,1,164,False,True,,test
165,Fortnite 2026.05.25 - 17.12.15.18.Eliminación.DVR.mp4,F:\Cursos\Ciencia de Datos\Modulo 5\CODIGOS\Proyecto Fotnite\VIDEOS\ORIGINAL\Fortnite 2026.05.25 - 17.12.15.18.Eliminación.DVR.mp4,Eliminacion,1,165,False,True,,train
166,Fortnite 2026.05.25 - 17.23.56.19.Victoria.DVR.mp4,F:\Cursos\Ciencia de Datos\Modulo 5\CODIGOS\Proyecto Fotnite\VIDEOS\ORIGINAL\Fortnite 2026.05.25 - 17.23.56.19.Victoria.DVR.mp4,Victoria,2,166,False,True,,validation
167,Fortnite 2026.07.12 - 17.21.42.02.Eliminación.DVR.mp4,F:\Cursos\Ciencia de Datos\Modulo 5\CODIGOS\Proyecto Fotnite\VIDEOS\ORIGINAL\Fortnite 2026.07.12 - 17.21.42.02.Eliminación.DVR.mp4,Eliminacion,1,167,False,True,,validation
168,Fortnite 2026.07.12 - 17.22.02.03.Eliminado.DVR.mp4,F:\Cursos\Ciencia de Datos\Modulo 5\CODIGOS\Proyecto Fotnite\VIDEOS\ORIGINAL\Fortnite 2026.07.12 - 17.22.02.03.Eliminado.DVR.mp4,Eliminado,0,168,False,True,,validation
169,Fortnite 2026.07.12 - 17.27.49.05.Eliminación.DVR.mp4,F:\Cursos\Ciencia de Datos\Modulo 5\CODIGOS\Proyecto Fotnite\VIDEOS\ORIGINAL\Fortnite 2026.07.12 - 17.27.49.05.Eliminación.DVR.mp4,Eliminacion,1,169,False,True,,train
170,Fortnite 2026.07.12 - 17.29.04.06.Eliminación.DVR.mp4,F:\Cursos\Ciencia de Datos\Modulo 5\CODIGOS\Proyecto Fotnite\VIDEOS\ORIGINAL\Fortnite 2026.07.12 - 17.29.04.06.Eliminación.DVR.mp4,Eliminacion,1,170,False,True,,test
171,Fortnite 2026.07.12 - 17.29.39.07.Eliminación.DVR.mp4,F:\Cursos\Ciencia de Datos\Modulo 5\CODIGOS\Proyecto Fotnite\VIDEOS\ORIGINAL\Fortnite 2026.07.12 - 17.29.39.07.Eliminación.DVR.mp4,Eliminacion,1,171,False,True,,train
172,Fortnite 2026.07.12 - 17.34.25.08.Eliminación.DVR.mp4,F:\Cursos\Ciencia de Datos\Modulo 5\CODIGOS\Proyecto Fotnite\VIDEOS\ORIGINAL\Fortnite 2026.07.12 - 17.34.25.08.Eliminación.DVR.mp4,Eliminacion,1,172,False,True,,train
173,Fortnite 2026.07.12 - 17.41.22.09.Eliminado.DVR.mp4,F:\Cursos\Ciencia de Datos\Modulo 5\CODIGOS\Proyecto Fotnite\VIDEOS\ORIGINAL\Fortnite 2026.07.12 - 17.41.22.09.Eliminado.DVR.mp4,Eliminado,0,173,False,True,,train
174,Fortnite 2026.07.12 - 17.46.23.11.Eliminación.DVR.mp4,F:\Cursos\Ciencia de Datos\Modulo 5\CODIGOS\Proyecto Fotnite\VIDEOS\ORIGINAL\Fortnite 2026.07.12 - 17.46.23.11.Eliminación.DVR.mp4,Eliminacion,1,174,False,True,,train
175,Fortnite 2026.07.12 - 17.46.51.12.Eliminación.DVR.mp4,F:\Cursos\Ciencia de Datos\Modulo 5\CODIGOS\Proyecto Fotnite\VIDEOS\ORIGINAL\Fortnite 2026.07.12 - 17.46.51.12.Eliminación.DVR.mp4,Eliminacion,1,175,False,True,,train
176,Fortnite 2026.07.12 - 17.48.39.13.Eliminación.DVR.mp4,F:\Cursos\Ciencia de Datos\Modulo 5\CODIGOS\Proyecto Fotnite\VIDEOS\ORIGINAL\Fortnite 2026.07.12 - 17.48.39.13.Eliminación.DVR.mp4,Eliminacion,1,176,False,True,,validation
177,Fortnite 2026.07.12 - 17.52.42.14.Eliminación.DVR.mp4,F:\Cursos\Ciencia de Datos\Modulo 5\CODIGOS\Proyecto Fotnite\VIDEOS\ORIGINAL\Fortnite 2026.07.12 - 17.52.42.14.Eliminación.DVR.mp4,Eliminacion,1,177,False,True,,train
178,Fortnite 2026.07.12 - 17.53.52.15.Eliminación.DVR.mp4,F:\Cursos\Ciencia de Datos\Modulo 5\CODIGOS\Proyecto Fotnite\VIDEOS\ORIGINAL\Fortnite 2026.07.12 - 17.53.52.15.Eliminación.DVR.mp4,Eliminacion,1,178,False,True,,train
179,Fortnite 2026.07.12 - 17.54.22.16.Eliminación.DVR.mp4,F:\Cursos\Ciencia de Datos\Modulo 5\CODIGOS\Proyecto Fotnite\VIDEOS\ORIGINAL\Fortnite 2026.07.12 - 17.54.22.16.Eliminación.DVR.mp4,Eliminacion,1,179,False,True,,validation
180,Fortnite 2026.07.12 - 17.58.20.17.Eliminado.DVR.mp4,F:\Cursos\Ciencia de Datos\Modulo 5\CODIGOS\Proyecto Fotnite\VIDEOS\ORIGINAL\Fortnite 2026.07.12 - 17.58.20.17.Eliminado.DVR.mp4,Eliminado,0,180,False,True,,train
181,Fortnite 2026.07.15 - 19.00.04.02.Eliminación.DVR.mp4,F:\Cursos\Ciencia de Datos\Modulo 5\CODIGOS\Proyecto Fotnite\VIDEOS\ORIGINAL\Fortnite 2026.07.15 - 19.00.04.02.Eliminación.DVR.mp4,Eliminacion,1,181,False,True,,validation
182,Fortnite 2026.07.15 - 19.00.20.03.Eliminación.DVR.mp4,F:\Cursos\Ciencia de Datos\Modulo 5\CODIGOS\Proyecto Fotnite\VIDEOS\ORIGINAL\Fortnite 2026.07.15 - 19.00.20.03.Eliminación.DVR.mp4,Eliminacion,1,182,False,True,,train
183,Fortnite 2026.07.15 - 19.06.17.04.Eliminación.DVR.mp4,F:\Cursos\Ciencia de Datos\Modulo 5\CODIGOS\Proyecto Fotnite\VIDEOS\ORIGINAL\Fortnite 2026.07.15 - 19.06.17.04.Eliminación.DVR.mp4,Eliminacion,1,183,False,True,,train
184,Fortnite 2026.07.15 - 19.15.51.05.Eliminado.DVR.mp4,F:\Cursos\Ciencia de Datos\Modulo 5\CODIGOS\Proyecto Fotnite\VIDEOS\ORIGINAL\Fortnite 2026.07.15 - 19.15.51.05.Eliminado.DVR.mp4,Eliminado,0,184,False,True,,train
185,Fortnite 2026.07.15 - 19.20.05.07.Eliminación.DVR.mp4,F:\Cursos\Ciencia de Datos\Modulo 5\CODIGOS\Proyecto Fotnite\VIDEOS\ORIGINAL\Fortnite 2026.07.15 - 19.20.05.07.Eliminación.DVR.mp4,Eliminacion,1,185,False,True,,validation
186,Fortnite 2026.07.15 - 19.21.20.08.Eliminación.DVR.mp4,F:\Cursos\Ciencia de Datos\Modulo 5\CODIGOS\Proyecto Fotnite\VIDEOS\ORIGINAL\Fortnite 2026.07.15 - 19.21.20.08.Eliminación.DVR.mp4,Eliminacion,1,186,False,True,,test
187,Fortnite 2026.07.15 - 19.23.39.09.Eliminación.DVR.mp4,F:\Cursos\Ciencia de Datos\Modulo 5\CODIGOS\Proyecto Fotnite\VIDEOS\ORIGINAL\Fortnite 2026.07.15 - 19.23.39.09.Eliminación.DVR.mp4,Eliminacion,1,187,False,True,,train
188,Fortnite 2026.07.15 - 19.25.18.10.Eliminación.DVR.mp4,F:\Cursos\Ciencia de Datos\Modulo 5\CODIGOS\Proyecto Fotnite\VIDEOS\ORIGINAL\Fortnite 2026.07.15 - 19.25.18.10.Eliminación.DVR.mp4,Eliminacion,1,188,False,True,,train
189,Fortnite 2026.07.15 - 19.28.21.11.Eliminación.DVR.mp4,F:\Cursos\Ciencia de Datos\Modulo 5\CODIGOS\Proyecto Fotnite\VIDEOS\ORIGINAL\Fortnite 2026.07.15 - 19.28.21.11.Eliminación.DVR.mp4,Eliminacion,1,189,False,True,,train
190,Fortnite 2026.07.15 - 19.30.24.12.Eliminación.DVR.mp4,F:\Cursos\Ciencia de Datos\Modulo 5\CODIGOS\Proyecto Fotnite\VIDEOS\ORIGINAL\Fortnite 2026.07.15 - 19.30.24.12.Eliminación.DVR.mp4,Eliminacion,1,190,False,True,,train
191,Fortnite 2026.07.15 - 19.36.12.13.Eliminación.DVR.mp4,F:\Cursos\Ciencia de Datos\Modulo 5\CODIGOS\Proyecto Fotnite\VIDEOS\ORIGINAL\Fortnite 2026.07.15 - 19.36.12.13.Eliminación.DVR.mp4,Eliminacion,1,191,False,True,,test
192,Fortnite 2026.07.15 - 19.36.58.14.Eliminación.DVR.mp4,F:\Cursos\Ciencia de Datos\Modulo 5\CODIGOS\Proyecto Fotnite\VIDEOS\ORIGINAL\Fortnite 2026.07.15 - 19.36.58.14.Eliminación.DVR.mp4,Eliminacion,1,192,False,True,,train
193,Fortnite 2026.07.15 - 19.44.18.16.Eliminación doble.DVR.mp4,F:\Cursos\Ciencia de Datos\Modulo 5\CODIGOS\Proyecto Fotnite\VIDEOS\ORIGINAL\Fortnite 2026.07.15 - 19.44.18.16.Eliminación doble.DVR.mp4,Eliminacion,1,193,False,True,,train
194,Fortnite 2026.07.15 - 19.47.53.17.Eliminación.DVR.mp4,F:\Cursos\Ciencia de Datos\Modulo 5\CODIGOS\Proyecto Fotnite\VIDEOS\ORIGINAL\Fortnite 2026.07.15 - 19.47.53.17.Eliminación.DVR.mp4,Eliminacion,1,194,False,True,,validation
195,Fortnite 2026.07.15 - 19.48.11.18.Eliminación.DVR.mp4,F:\Cursos\Ciencia de Datos\Modulo 5\CODIGOS\Proyecto Fotnite\VIDEOS\ORIGINAL\Fortnite 2026.07.15 - 19.48.11.18.Eliminación.DVR.mp4,Eliminacion,1,195,False,True,,train
196,Fortnite 2026.07.15 - 19.50.16.19.Eliminación doble.DVR.mp4,F:\Cursos\Ciencia de Datos\Modulo 5\CODIGOS\Proyecto Fotnite\VIDEOS\ORIGINAL\Fortnite 2026.07.15 - 19.50.16.19.Eliminación doble.DVR.mp4,Eliminacion,1,196,False,True,,train
197,Fortnite 2026.07.15 - 19.52.49.20.Eliminado.DVR.mp4,F:\Cursos\Ciencia de Datos\Modulo 5\CODIGOS\Proyecto Fotnite\VIDEOS\ORIGINAL\Fortnite 2026.07.15 - 19.52.49.20.Eliminado.DVR.mp4,Eliminado,0,197,False,True,,train
198,Fortnite 2026.07.15 - 19.55.58.22.Eliminación doble.DVR.mp4,F:\Cursos\Ciencia de Datos\Modulo 5\CODIGOS\Proyecto Fotnite\VIDEOS\ORIGINAL\Fortnite 2026.07.15 - 19.55.58.22.Eliminación doble.DVR.mp4,Eliminacion,1,198,False,True,,train
199,Fortnite 2026.07.15 - 19.56.14.23.Eliminación triple.DVR.mp4,F:\Cursos\Ciencia de Datos\Modulo 5\CODIGOS\Proyecto Fotnite\VIDEOS\ORIGINAL\Fortnite 2026.07.15 - 19.56.14.23.Eliminación triple.DVR.mp4,Eliminacion,1,199,False,True,,train
200,Fortnite 2026.07.15 - 20.01.21.24.Abajo.DVR.mp4,F:\Cursos\Ciencia de Datos\Modulo 5\CODIGOS\Proyecto Fotnite\VIDEOS\ORIGINAL\Fortnite 2026.07.15 - 20.01.21.24.Abajo.DVR.mp4,Eliminacion,1,200,True,False,abajo_ambiguo_o_duplicado_con_abajo,excluded_ambiguous
201,Fortnite 2026.07.15 - 20.01.31.25.Eliminación.DVR.mp4,F:\Cursos\Ciencia de Datos\Modulo 5\CODIGOS\Proyecto Fotnite\VIDEOS\ORIGINAL\Fortnite 2026.07.15 - 20.01.31.25.Eliminación.DVR.mp4,Eliminacion,1,201,False,True,,validation
202,Fortnite 2026.07.15 - 20.02.58.26.Eliminación.DVR.mp4,F:\Cursos\Ciencia de Datos\Modulo 5\CODIGOS\Proyecto Fotnite\VIDEOS\ORIGINAL\Fortnite 2026.07.15 - 20.02.58.26.Eliminación.DVR.mp4,Eliminacion,1,202,False,True,,train
203,Fortnite 2026.07.19 - 14.56.24.02.Eliminación.DVR.mp4,F:\Cursos\Ciencia de Datos\Modulo 5\CODIGOS\Proyecto Fotnite\VIDEOS\ORIGINAL\Fortnite 2026.07.19 - 14.56.24.02.Eliminación.DVR.mp4,Eliminacion,1,203,False,True,,train
204,Fortnite 2026.07.19 - 14.57.30.03.Eliminación doble.DVR.mp4,F:\Cursos\Ciencia de Datos\Modulo 5\CODIGOS\Proyecto Fotnite\VIDEOS\ORIGINAL\Fortnite 2026.07.19 - 14.57.30.03.Eliminación doble.DVR.mp4,Eliminacion,1,204,False,True,,train
205,Fortnite 2026.07.19 - 14.57.56.04.Eliminación doble.DVR.mp4,F:\Cursos\Ciencia de Datos\Modulo 5\CODIGOS\Proyecto Fotnite\VIDEOS\ORIGINAL\Fortnite 2026.07.19 - 14.57.56.04.Eliminación doble.DVR.mp4,Eliminacion,1,205,False,True,,train
206,Fortnite 2026.07.19 - 15.09.49.05.Eliminado.DVR.mp4,F:\Cursos\Ciencia de Datos\Modulo 5\CODIGOS\Proyecto Fotnite\VIDEOS\ORIGINAL\Fortnite 2026.07.19 - 15.09.49.05.Eliminado.DVR.mp4,Eliminado,0,206,False,True,,train
207,Fortnite 2026.07.19 - 16.29.51.08.Eliminación.DVR.mp4,F:\Cursos\Ciencia de Datos\Modulo 5\CODIGOS\Proyecto Fotnite\VIDEOS\ORIGINAL\Fortnite 2026.07.19 - 16.29.51.08.Eliminación.DVR.mp4,Eliminacion,1,207,False,True,,train
208,Fortnite 2026.07.19 - 16.32.56.09.Eliminado.DVR.mp4,F:\Cursos\Ciencia de Datos\Modulo 5\CODIGOS\Proyecto Fotnite\VIDEOS\ORIGINAL\Fortnite 2026.07.19 - 16.32.56.09.Eliminado.DVR.mp4,Eliminado,0,208,False,True,,train
209,Fortnite 2026.07.19 - 16.36.04.11.Abajo.DVR.mp4,F:\Cursos\Ciencia de Datos\Modulo 5\CODIGOS\Proyecto Fotnite\VIDEOS\ORIGINAL\Fortnite 2026.07.19 - 16.36.04.11.Abajo.DVR.mp4,Eliminacion,1,209,True,False,abajo_ambiguo_o_duplicado_con_abajo,excluded_ambiguous
210,Fortnite 2026.07.19 - 16.36.11.12.Eliminación.DVR.mp4,F:\Cursos\Ciencia de Datos\Modulo 5\CODIGOS\Proyecto Fotnite\VIDEOS\ORIGINAL\Fortnite 2026.07.19 - 16.36.11.12.Eliminación.DVR.mp4,Eliminacion,1,210,False,True,,test
211,Fortnite 2026.07.19 - 16.36.26.13.Eliminado.DVR.mp4,F:\Cursos\Ciencia de Datos\Modulo 5\CODIGOS\Proyecto Fotnite\VIDEOS\ORIGINAL\Fortnite 2026.07.19 - 16.36.26.13.Eliminado.DVR.mp4,Eliminado,0,211,False,True,,train
212,Fortnite 2026.07.19 - 16.38.34.15.Abajo.DVR.mp4,F:\Cursos\Ciencia de Datos\Modulo 5\CODIGOS\Proyecto Fotnite\VIDEOS\ORIGINAL\Fortnite 2026.07.19 - 16.38.34.15.Abajo.DVR.mp4,Eliminacion,1,212,True,False,abajo_ambiguo_o_duplicado_con_abajo,excluded_ambiguous
213,Fortnite 2026.07.19 - 16.38.41.16.Eliminación.DVR.mp4,F:\Cursos\Ciencia de Datos\Modulo 5\CODIGOS\Proyecto Fotnite\VIDEOS\ORIGINAL\Fortnite 2026.07.19 - 16.38.41.16.Eliminación.DVR.mp4,Eliminacion,1,213,False,True,,test
214,Fortnite 2026.07.19 - 16.39.12.17.Abajo.DVR.mp4,F:\Cursos\Ciencia de Datos\Modulo 5\CODIGOS\Proyecto Fotnite\VIDEOS\ORIGINAL\Fortnite 2026.07.19 - 16.39.12.17.Abajo.DVR.mp4,Eliminacion,1,214,True,False,abajo_ambiguo_o_duplicado_con_abajo,excluded_ambiguous
215,Fortnite 2026.07.19 - 16.39.21.18.Eliminación.DVR.mp4,F:\Cursos\Ciencia de Datos\Modulo 5\CODIGOS\Proyecto Fotnite\VIDEOS\ORIGINAL\Fortnite 2026.07.19 - 16.39.21.18.Eliminación.DVR.mp4,Eliminacion,1,215,False,True,,train
216,Fortnite 2026.07.19 - 16.42.45.19.Abajo.DVR.mp4,F:\Cursos\Ciencia de Datos\Modulo 5\CODIGOS\Proyecto Fotnite\VIDEOS\ORIGINAL\Fortnite 2026.07.19 - 16.42.45.19.Abajo.DVR.mp4,Eliminacion,1,216,True,False,abajo_ambiguo_o_duplicado_con_abajo,excluded_ambiguous
217,Fortnite 2026.07.19 - 16.42.56.20.Eliminación doble.DVR.mp4,F:\Cursos\Ciencia de Datos\Modulo 5\CODIGOS\Proyecto Fotnite\VIDEOS\ORIGINAL\Fortnite 2026.07.19 - 16.42.56.20.Eliminación doble.DVR.mp4,Eliminacion,1,217,False,True,,train
218,Fortnite 2026.07.19 - 16.45.28.21.Abajo.DVR.mp4,F:\Cursos\Ciencia de Datos\Modulo 5\CODIGOS\Proyecto Fotnite\VIDEOS\ORIGINAL\Fortnite 2026.07.19 - 16.45.28.21.Abajo.DVR.mp4,Eliminacion,1,218,True,False,abajo_ambiguo_o_duplicado_con_abajo,excluded_ambiguous
219,Fortnite 2026.07.19 - 16.45.41.22.Eliminación doble.DVR.mp4,F:\Cursos\Ciencia de Datos\Modulo 5\CODIGOS\Proyecto Fotnite\VIDEOS\ORIGINAL\Fortnite 2026.07.19 - 16.45.41.22.Eliminación doble.DVR.mp4,Eliminacion,1,219,False,True,,train
220,Fortnite 2026.07.19 - 16.46.56.23.Abajo.DVR.mp4,F:\Cursos\Ciencia de Datos\Modulo 5\CODIGOS\Proyecto Fotnite\VIDEOS\ORIGINAL\Fortnite 2026.07.19 - 16.46.56.23.Abajo.DVR.mp4,Eliminacion,1,220,True,False,abajo_ambiguo_o_duplicado_con_abajo,excluded_ambiguous
221,Fortnite 2026.07.19 - 16.47.03.24.Eliminación.DVR.mp4,F:\Cursos\Ciencia de Datos\Modulo 5\CODIGOS\Proyecto Fotnite\VIDEOS\ORIGINAL\Fortnite 2026.07.19 - 16.47.03.24.Eliminación.DVR.mp4,Eliminacion,1,221,False,True,,train
222,Fortnite 2026.07.19 - 16.51.03.25.Eliminación.DVR.mp4,F:\Cursos\Ciencia de Datos\Modulo 5\CODIGOS\Proyecto Fotnite\VIDEOS\ORIGINAL\Fortnite 2026.07.19 - 16.51.03.25.Eliminación.DVR.mp4,Eliminacion,1,222,False,True,,train
223,Fortnite 2026.07.19 - 16.54.51.26.Eliminado.DVR.mp4,F:\Cursos\Ciencia de Datos\Modulo 5\CODIGOS\Proyecto Fotnite\VIDEOS\ORIGINAL\Fortnite 2026.07.19 - 16.54.51.26.Eliminado.DVR.mp4,Eliminado,0,223,False,True,,train
224,Fortnite 2026.07.19 - 19.11.55.02.Eliminación.DVR.mp4,F:\Cursos\Ciencia de Datos\Modulo 5\CODIGOS\Proyecto Fotnite\VIDEOS\ORIGINAL\Fortnite 2026.07.19 - 19.11.55.02.Eliminación.DVR.mp4,Eliminacion,1,224,False,True,,train
225,Fortnite 2026.07.19 - 19.12.18.03.Eliminado.DVR.mp4,F:\Cursos\Ciencia de Datos\Modulo 5\CODIGOS\Proyecto Fotnite\VIDEOS\ORIGINAL\Fortnite 2026.07.19 - 19.12.18.03.Eliminado.DVR.mp4,Eliminado,0,225,False,True,,validation
226,Fortnite 2026.07.19 - 19.15.22.05.Eliminado.DVR.mp4,F:\Cursos\Ciencia de Datos\Modulo 5\CODIGOS\Proyecto Fotnite\VIDEOS\ORIGINAL\Fortnite 2026.07.19 - 19.15.22.05.Eliminado.DVR.mp4,Eliminado,0,226,False,True,,train
227,Fortnite 2026.07.19 - 19.18.13.07.Eliminación.DVR.mp4,F:\Cursos\Ciencia de Datos\Modulo 5\CODIGOS\Proyecto Fotnite\VIDEOS\ORIGINAL\Fortnite 2026.07.19 - 19.18.13.07.Eliminación.DVR.mp4,Eliminacion,1,227,False,True,,train
228,Fortnite 2026.07.19 - 19.18.29.08.Abajo.DVR.mp4,F:\Cursos\Ciencia de Datos\Modulo 5\CODIGOS\Proyecto Fotnite\VIDEOS\ORIGINAL\Fortnite 2026.07.19 - 19.18.29.08.Abajo.DVR.mp4,Eliminacion,1,228,True,False,abajo_ambiguo_o_duplicado_con_abajo,excluded_ambiguous
229,Fortnite 2026.07.19 - 19.18.35.09.Eliminación.DVR.mp4,F:\Cursos\Ciencia de Datos\Modulo 5\CODIGOS\Proyecto Fotnite\VIDEOS\ORIGINAL\Fortnite 2026.07.19 - 19.18.35.09.Eliminación.DVR.mp4,Eliminacion,1,229,False,True,,validation
230,Fortnite 2026.07.19 - 19.24.09.10.Abajo.DVR.mp4,F:\Cursos\Ciencia de Datos\Modulo 5\CODIGOS\Proyecto Fotnite\VIDEOS\ORIGINAL\Fortnite 2026.07.19 - 19.24.09.10.Abajo.DVR.mp4,Eliminacion,1,230,True,False,abajo_ambiguo_o_duplicado_con_abajo,excluded_ambiguous
231,Fortnite 2026.07.19 - 19.24.15.11.Eliminación.DVR.mp4,F:\Cursos\Ciencia de Datos\Modulo 5\CODIGOS\Proyecto Fotnite\VIDEOS\ORIGINAL\Fortnite 2026.07.19 - 19.24.15.11.Eliminación.DVR.mp4,Eliminacion,1,231,False,True,,train
232,Fortnite 2026.07.19 - 19.26.31.12.Eliminado.DVR.mp4,F:\Cursos\Ciencia de Datos\Modulo 5\CODIGOS\Proyecto Fotnite\VIDEOS\ORIGINAL\Fortnite 2026.07.19 - 19.26.31.12.Eliminado.DVR.mp4,Eliminado,0,232,False,True,,train
233,Fortnite 2026.07.19 - 19.31.01.14.Abajo.DVR.mp4,F:\Cursos\Ciencia de Datos\Modulo 5\CODIGOS\Proyecto Fotnite\VIDEOS\ORIGINAL\Fortnite 2026.07.19 - 19.31.01.14.Abajo.DVR.mp4,Eliminacion,1,233,True,False,abajo_ambiguo_o_duplicado_con_abajo,excluded_ambiguous
234,Fortnite 2026.07.19 - 19.31.06.15.Eliminación.DVR.mp4,F:\Cursos\Ciencia de Datos\Modulo 5\CODIGOS\Proyecto Fotnite\VIDEOS\ORIGINAL\Fortnite 2026.07.19 - 19.31.06.15.Eliminación.DVR.mp4,Eliminacion,1,233,False,False,abajo_ambiguo_o_duplicado_con_abajo,excluded_ambiguous
235,Fortnite 2026.07.19 - 19.34.57.16.Abajo.DVR.mp4,F:\Cursos\Ciencia de Datos\Modulo 5\CODIGOS\Proyecto Fotnite\VIDEOS\ORIGINAL\Fortnite 2026.07.19 - 19.34.57.16.Abajo.DVR.mp4,Eliminacion,1,235,True,False,abajo_ambiguo_o_duplicado_con_abajo,excluded_ambiguous
236,Fortnite 2026.07.19 - 19.35.09.17.Eliminación doble.DVR.mp4,F:\Cursos\Ciencia de Datos\Modulo 5\CODIGOS\Proyecto Fotnite\VIDEOS\ORIGINAL\Fortnite 2026.07.19 - 19.35.09.17.Eliminación doble.DVR.mp4,Eliminacion,1,236,False,True,,train
237,Fortnite 2026.07.19 - 19.36.04.18.Eliminación.DVR.mp4,F:\Cursos\Ciencia de Datos\Modulo 5\CODIGOS\Proyecto Fotnite\VIDEOS\ORIGINAL\Fortnite 2026.07.19 - 19.36.04.18.Eliminación.DVR.mp4,Eliminacion,1,237,False,True,,train
238,Fortnite 2026.07.19 - 19.36.28.19.Eliminación.DVR.mp4,F:\Cursos\Ciencia de Datos\Modulo 5\CODIGOS\Proyecto Fotnite\VIDEOS\ORIGINAL\Fortnite 2026.07.19 - 19.36.28.19.Eliminación.DVR.mp4,Eliminacion,1,238,False,True,,validation
239,Fortnite 2026.07.19 - 19.37.03.20.Abajo.DVR.mp4,F:\Cursos\Ciencia de Datos\Modulo 5\CODIGOS\Proyecto Fotnite\VIDEOS\ORIGINAL\Fortnite 2026.07.19 - 19.37.03.20.Abajo.DVR.mp4,Eliminacion,1,239,True,False,abajo_ambiguo_o_duplicado_con_abajo,excluded_ambiguous
240,Fortnite 2026.07.19 - 19.37.09.21.Eliminación.DVR.mp4,F:\Cursos\Ciencia de Datos\Modulo 5\CODIGOS\Proyecto Fotnite\VIDEOS\ORIGINAL\Fortnite 2026.07.19 - 19.37.09.21.Eliminación.DVR.mp4,Eliminacion,1,240,False,True,,train
241,Fortnite 2026.07.19 - 19.37.55.22.Abajo.DVR.mp4,F:\Cursos\Ciencia de Datos\Modulo 5\CODIGOS\Proyecto Fotnite\VIDEOS\ORIGINAL\Fortnite 2026.07.19 - 19.37.55.22.Abajo.DVR.mp4,Eliminacion,1,241,True,False,abajo_ambiguo_o_duplicado_con_abajo,excluded_ambiguous
242,Fortnite 2026.07.19 - 19.37.56.23.Eliminado.DVR.mp4,F:\Cursos\Ciencia de Datos\Modulo 5\CODIGOS\Proyecto Fotnite\VIDEOS\ORIGINAL\Fortnite 2026.07.19 - 19.37.56.23.Eliminado.DVR.mp4,Eliminado,0,241,False,False,abajo_ambiguo_o_duplicado_con_abajo,excluded_ambiguous
243,Fortnite 2026.07.19 - 19.40.50.25.Eliminación.DVR.mp4,F:\Cursos\Ciencia de Datos\Modulo 5\CODIGOS\Proyecto Fotnite\VIDEOS\ORIGINAL\Fortnite 2026.07.19 - 19.40.50.25.Eliminación.DVR.mp4,Eliminacion,1,243,False,True,,train
244,Fortnite 2026.07.19 - 19.41.26.26.Eliminación.DVR.mp4,F:\Cursos\Ciencia de Datos\Modulo 5\CODIGOS\Proyecto Fotnite\VIDEOS\ORIGINAL\Fortnite 2026.07.19 - 19.41.26.26.Eliminación.DVR.mp4,Eliminacion,1,244,False,True,,test
245,Fortnite 2026.07.19 - 19.44.10.27.Eliminación.DVR.mp4,F:\Cursos\Ciencia de Datos\Modulo 5\CODIGOS\Proyecto Fotnite\VIDEOS\ORIGINAL\Fortnite 2026.07.19 - 19.44.10.27.Eliminación.DVR.mp4,Eliminacion,1,245,False,True,,test
246,Fortnite 2026.07.19 - 19.56.39.28.Eliminado.DVR.mp4,F:\Cursos\Ciencia de Datos\Modulo 5\CODIGOS\Proyecto Fotnite\VIDEOS\ORIGINAL\Fortnite 2026.07.19 - 19.56.39.28.Eliminado.DVR.mp4,Eliminado,0,246,False,True,,test
247,Fortnite 2026.07.22 - 19.16.27.02.Eliminación.DVR.mp4,F:\Cursos\Ciencia de Datos\Modulo 5\CODIGOS\Proyecto Fotnite\VIDEOS\ORIGINAL\Fortnite 2026.07.22 - 19.16.27.02.Eliminación.DVR.mp4,Eliminacion,1,247,False,True,,train
248,Fortnite 2026.07.22 - 19.17.03.03.Eliminación.DVR.mp4,F:\Cursos\Ciencia de Datos\Modulo 5\CODIGOS\Proyecto Fotnite\VIDEOS\ORIGINAL\Fortnite 2026.07.22 - 19.17.03.03.Eliminación.DVR.mp4,Eliminacion,1,248,False,True,,test
249,Fortnite 2026.07.22 - 19.18.22.04.Eliminación.DVR.mp4,F:\Cursos\Ciencia de Datos\Modulo 5\CODIGOS\Proyecto Fotnite\VIDEOS\ORIGINAL\Fortnite 2026.07.22 - 19.18.22.04.Eliminación.DVR.mp4,Eliminacion,1,249,False,True,,train
250,Fortnite 2026.07.22 - 19.19.08.05.Eliminación.DVR.mp4,F:\Cursos\Ciencia de Datos\Modulo 5\CODIGOS\Proyecto Fotnite\VIDEOS\ORIGINAL\Fortnite 2026.07.22 - 19.19.08.05.Eliminación.DVR.mp4,Eliminacion,1,250,False,True,,train
251,Fortnite 2026.07.22 - 19.20.27.06.Eliminación.DVR.mp4,F:\Cursos\Ciencia de Datos\Modulo 5\CODIGOS\Proyecto Fotnite\VIDEOS\ORIGINAL\Fortnite 2026.07.22 - 19.20.27.06.Eliminación.DVR.mp4,Eliminacion,1,251,False,True,,train
252,Fortnite 2026.07.22 - 19.30.40.07.Eliminación.DVR.mp4,F:\Cursos\Ciencia de Datos\Modulo 5\CODIGOS\Proyecto Fotnite\VIDEOS\ORIGINAL\Fortnite 2026.07.22 - 19.30.40.07.Eliminación.DVR.mp4,Eliminacion,1,252,False,True,,train
253,Fortnite 2026.07.22 - 19.34.50.09.Eliminación doble.DVR.mp4,F:\Cursos\Ciencia de Datos\Modulo 5\CODIGOS\Proyecto Fotnite\VIDEOS\ORIGINAL\Fortnite 2026.07.22 - 19.34.50.09.Eliminación doble.DVR.mp4,Eliminacion,1,253,False,True,,train
254,Fortnite 2026.07.22 - 19.40.04.10.Eliminación doble.DVR.mp4,F:\Cursos\Ciencia de Datos\Modulo 5\CODIGOS\Proyecto Fotnite\VIDEOS\ORIGINAL\Fortnite 2026.07.22 - 19.40.04.10.Eliminación doble.DVR.mp4,Eliminacion,1,254,False,True,,train
255,Fortnite 2026.07.22 - 19.41.20.11.Eliminación.DVR.mp4,F:\Cursos\Ciencia de Datos\Modulo 5\CODIGOS\Proyecto Fotnite\VIDEOS\ORIGINAL\Fortnite 2026.07.22 - 19.41.20.11.Eliminación.DVR.mp4,Eliminacion,1,255,False,True,,train
256,Fortnite 2026.07.22 - 19.41.40.12.Eliminación.DVR.mp4,F:\Cursos\Ciencia de Datos\Modulo 5\CODIGOS\Proyecto Fotnite\VIDEOS\ORIGINAL\Fortnite 2026.07.22 - 19.41.40.12.Eliminación.DVR.mp4,Eliminacion,1,256,False,True,,test
257,Fortnite 2026.07.22 - 19.42.17.13.Eliminación.DVR.mp4,F:\Cursos\Ciencia de Datos\Modulo 5\CODIGOS\Proyecto Fotnite\VIDEOS\ORIGINAL\Fortnite 2026.07.22 - 19.42.17.13.Eliminación.DVR.mp4,Eliminacion,1,257,False,True,,validation
258,Fortnite 2026.07.22 - 19.44.26.14.Eliminación.DVR.mp4,F:\Cursos\Ciencia de Datos\Modulo 5\CODIGOS\Proyecto Fotnite\VIDEOS\ORIGINAL\Fortnite 2026.07.22 - 19.44.26.14.Eliminación.DVR.mp4,Eliminacion,1,258,False,True,,train
259,Fortnite 2026.07.22 - 19.44.38.15.Eliminación.DVR.mp4,F:\Cursos\Ciencia de Datos\Modulo 5\CODIGOS\Proyecto Fotnite\VIDEOS\ORIGINAL\Fortnite 2026.07.22 - 19.44.38.15.Eliminación.DVR.mp4,Eliminacion,1,259,False,True,,test
260,Fortnite 2026.07.22 - 19.45.33.16.Eliminación.DVR.mp4,F:\Cursos\Ciencia de Datos\Modulo 5\CODIGOS\Proyecto Fotnite\VIDEOS\ORIGINAL\Fortnite 2026.07.22 - 19.45.33.16.Eliminación.DVR.mp4,Eliminacion,1,260,False,True,,train
261,Fortnite 2026.07.22 - 19.46.12.17.Abajo.DVR.mp4,F:\Cursos\Ciencia de Datos\Modulo 5\CODIGOS\Proyecto Fotnite\VIDEOS\ORIGINAL\Fortnite 2026.07.22 - 19.46.12.17.Abajo.DVR.mp4,Eliminacion,1,261,True,False,abajo_ambiguo_o_duplicado_con_abajo,excluded_ambiguous
262,Fortnite 2026.07.22 - 19.46.18.18.Eliminación.DVR.mp4,F:\Cursos\Ciencia de Datos\Modulo 5\CODIGOS\Proyecto Fotnite\VIDEOS\ORIGINAL\Fortnite 2026.07.22 - 19.46.18.18.Eliminación.DVR.mp4,Eliminacion,1,262,False,True,,test
263,Fortnite 2026.07.22 - 19.47.34.19.Victoria.DVR.mp4,F:\Cursos\Ciencia de Datos\Modulo 5\CODIGOS\Proyecto Fotnite\VIDEOS\ORIGINAL\Fortnite 2026.07.22 - 19.47.34.19.Victoria.DVR.mp4,Victoria,2,263,False,True,,train
264,Fortnite 2026.07.26 - 18.14.49.02.Eliminación.DVR.mp4,F:\Cursos\Ciencia de Datos\Modulo 5\CODIGOS\Proyecto Fotnite\VIDEOS\ORIGINAL\Fortnite 2026.07.26 - 18.14.49.02.Eliminación.DVR.mp4,Eliminacion,1,264,False,True,,train
265,Fortnite 2026.07.26 - 18.16.37.03.Eliminación doble.DVR.mp4,F:\Cursos\Ciencia de Datos\Modulo 5\CODIGOS\Proyecto Fotnite\VIDEOS\ORIGINAL\Fortnite 2026.07.26 - 18.16.37.03.Eliminación doble.DVR.mp4,Eliminacion,1,265,False,True,,train
266,Fortnite 2026.07.26 - 18.17.23.04.Eliminación.DVR.mp4,F:\Cursos\Ciencia de Datos\Modulo 5\CODIGOS\Proyecto Fotnite\VIDEOS\ORIGINAL\Fortnite 2026.07.26 - 18.17.23.04.Eliminación.DVR.mp4,Eliminacion,1,266,False,True,,train
267,Fortnite 2026.07.26 - 18.19.33.05.Eliminación.DVR.mp4,F:\Cursos\Ciencia de Datos\Modulo 5\CODIGOS\Proyecto Fotnite\VIDEOS\ORIGINAL\Fortnite 2026.07.26 - 18.19.33.05.Eliminación.DVR.mp4,Eliminacion,1,267,False,True,,test
268,Fortnite 2026.07.26 - 18.23.52.06.Eliminación.DVR.mp4,F:\Cursos\Ciencia de Datos\Modulo 5\CODIGOS\Proyecto Fotnite\VIDEOS\ORIGINAL\Fortnite 2026.07.26 - 18.23.52.06.Eliminación.DVR.mp4,Eliminacion,1,268,False,True,,train
269,Fortnite 2026.07.26 - 18.25.08.07.Eliminación.DVR.mp4,F:\Cursos\Ciencia de Datos\Modulo 5\CODIGOS\Proyecto Fotnite\VIDEOS\ORIGINAL\Fortnite 2026.07.26 - 18.25.08.07.Eliminación.DVR.mp4,Eliminacion,1,269,False,True,,train
270,Fortnite 2026.07.26 - 18.28.16.08.Eliminación.DVR.mp4,F:\Cursos\Ciencia de Datos\Modulo 5\CODIGOS\Proyecto Fotnite\VIDEOS\ORIGINAL\Fortnite 2026.07.26 - 18.28.16.08.Eliminación.DVR.mp4,Eliminacion,1,270,False,True,,train
271,Fortnite 2026.07.26 - 18.31.05.09.Eliminación.DVR.mp4,F:\Cursos\Ciencia de Datos\Modulo 5\CODIGOS\Proyecto Fotnite\VIDEOS\ORIGINAL\Fortnite 2026.07.26 - 18.31.05.09.Eliminación.DVR.mp4,Eliminacion,1,271,False,True,,train
272,Fortnite 2026.07.26 - 18.33.20.10.Victoria.DVR.mp4,F:\Cursos\Ciencia de Datos\Modulo 5\CODIGOS\Proyecto Fotnite\VIDEOS\ORIGINAL\Fortnite 2026.07.26 - 18.33.20.10.Victoria.DVR.mp4,Victoria,2,272,False,True,,train
273,Fortnite 2026.08.02 - 17.22.34.02.Eliminación.DVR.mp4,F:\Cursos\Ciencia de Datos\Modulo 5\CODIGOS\Proyecto Fotnite\VIDEOS\ORIGINAL\Fortnite 2026.08.02 - 17.22.34.02.Eliminación.DVR.mp4,Eliminacion,1,273,False,True,,train
274,Fortnite 2026.08.02 - 17.26.37.03.Eliminación.DVR.mp4,F:\Cursos\Ciencia de Datos\Modulo 5\CODIGOS\Proyecto Fotnite\VIDEOS\ORIGINAL\Fortnite 2026.08.02 - 17.26.37.03.Eliminación.DVR.mp4,Eliminacion,1,274,False,True,,train
275,Fortnite 2026.08.02 - 17.27.01.04.Eliminado.DVR.mp4,F:\Cursos\Ciencia de Datos\Modulo 5\CODIGOS\Proyecto Fotnite\VIDEOS\ORIGINAL\Fortnite 2026.08.02 - 17.27.01.04.Eliminado.DVR.mp4,Eliminado,0,275,False,True,,train
276,Fortnite 2026.08.02 - 17.29.52.06.Eliminación.DVR.mp4,F:\Cursos\Ciencia de Datos\Modulo 5\CODIGOS\Proyecto Fotnite\VIDEOS\ORIGINAL\Fortnite 2026.08.02 - 17.29.52.06.Eliminación.DVR.mp4,Eliminacion,1,276,False,True,,train
277,Fortnite 2026.08.02 - 17.31.12.07.Eliminación doble.DVR.mp4,F:\Cursos\Ciencia de Datos\Modulo 5\CODIGOS\Proyecto Fotnite\VIDEOS\ORIGINAL\Fortnite 2026.08.02 - 17.31.12.07.Eliminación doble.DVR.mp4,Eliminacion,1,277,False,True,,train
278,Fortnite 2026.08.02 - 17.32.21.08.Eliminación.DVR.mp4,F:\Cursos\Ciencia de Datos\Modulo 5\CODIGOS\Proyecto Fotnite\VIDEOS\ORIGINAL\Fortnite 2026.08.02 - 17.32.21.08.Eliminación.DVR.mp4,Eliminacion,1,278,False,True,,train
279,Fortnite 2026.08.02 - 17.38.00.09.Eliminación.DVR.mp4,F:\Cursos\Ciencia de Datos\Modulo 5\CODIGOS\Proyecto Fotnite\VIDEOS\ORIGINAL\Fortnite 2026.08.02 - 17.38.00.09.Eliminación.DVR.mp4,Eliminacion,1,279,False,True,,train
280,Fortnite 2026.08.02 - 17.38.19.10.Eliminado.DVR.mp4,F:\Cursos\Ciencia de Datos\Modulo 5\CODIGOS\Proyecto Fotnite\VIDEOS\ORIGINAL\Fortnite 2026.08.02 - 17.38.19.10.Eliminado.DVR.mp4,Eliminado,0,280,False,True,,train
281,Fortnite 2026.08.02 - 17.46.28.12.Eliminación.DVR.mp4,F:\Cursos\Ciencia de Datos\Modulo 5\CODIGOS\Proyecto Fotnite\VIDEOS\ORIGINAL\Fortnite 2026.08.02 - 17.46.28.12.Eliminación.DVR.mp4,Eliminacion,1,281,False,True,,validation
282,Fortnite 2026.08.02 - 17.47.16.13.Eliminación.DVR.mp4,F:\Cursos\Ciencia de Datos\Modulo 5\CODIGOS\Proyecto Fotnite\VIDEOS\ORIGINAL\Fortnite 2026.08.02 - 17.47.16.13.Eliminación.DVR.mp4,Eliminacion,1,282,False,True,,train
283,Fortnite 2026.08.02 - 17.49.05.14.Eliminación.DVR.mp4,F:\Cursos\Ciencia de Datos\Modulo 5\CODIGOS\Proyecto Fotnite\VIDEOS\ORIGINAL\Fortnite 2026.08.02 - 17.49.05.14.Eliminación.DVR.mp4,Eliminacion,1,283,False,True,,validation
284,Fortnite 2026.08.02 - 17.50.28.15.Eliminación.DVR.mp4,F:\Cursos\Ciencia de Datos\Modulo 5\CODIGOS\Proyecto Fotnite\VIDEOS\ORIGINAL\Fortnite 2026.08.02 - 17.50.28.15.Eliminación.DVR.mp4,Eliminacion,1,284,False,True,,train
285,Fortnite 2026.08.02 - 17.50.50.16.Eliminado.DVR.mp4,F:\Cursos\Ciencia de Datos\Modulo 5\CODIGOS\Proyecto Fotnite\VIDEOS\ORIGINAL\Fortnite 2026.08.02 - 17.50.50.16.Eliminado.DVR.mp4,Eliminado,0,285,False,True,,train
286,Fortnite 2026.08.02 - 18.01.36.18.Eliminado.DVR.mp4,F:\Cursos\Ciencia de Datos\Modulo 5\CODIGOS\Proyecto Fotnite\VIDEOS\ORIGINAL\Fortnite 2026.08.02 - 18.01.36.18.Eliminado.DVR.mp4,Eliminado,0,286,False,True,,train
287,Fortnite 2026.08.02 - 18.04.31.20.Eliminación.DVR.mp4,F:\Cursos\Ciencia de Datos\Modulo 5\CODIGOS\Proyecto Fotnite\VIDEOS\ORIGINAL\Fortnite 2026.08.02 - 18.04.31.20.Eliminación.DVR.mp4,Eliminacion,1,287,False,True,,train
288,Fortnite 2026.08.02 - 18.06.41.21.Eliminación.DVR.mp4,F:\Cursos\Ciencia de Datos\Modulo 5\CODIGOS\Proyecto Fotnite\VIDEOS\ORIGINAL\Fortnite 2026.08.02 - 18.06.41.21.Eliminación.DVR.mp4,Eliminacion,1,288,False,True,,train
289,Fortnite 2026.08.02 - 18.07.59.22.Eliminación.DVR.mp4,F:\Cursos\Ciencia de Datos\Modulo 5\CODIGOS\Proyecto Fotnite\VIDEOS\ORIGINAL\Fortnite 2026.08.02 - 18.07.59.22.Eliminación.DVR.mp4,Eliminacion,1,289,False,True,,test
290,Fortnite 2026.08.02 - 18.08.51.23.Eliminación.DVR.mp4,F:\Cursos\Ciencia de Datos\Modulo 5\CODIGOS\Proyecto Fotnite\VIDEOS\ORIGINAL\Fortnite 2026.08.02 - 18.08.51.23.Eliminación.DVR.mp4,Eliminacion,1,290,False,True,,test
291,Fortnite 2026.08.02 - 18.09.08.24.Eliminado.DVR.mp4,F:\Cursos\Ciencia de Datos\Modulo 5\CODIGOS\Proyecto Fotnite\VIDEOS\ORIGINAL\Fortnite 2026.08.02 - 18.09.08.24.Eliminado.DVR.mp4,Eliminado,0,291,False,True,,train
292,Fortnite 2026.08.06 - 16.32.34.02.Eliminación.DVR.mp4,F:\Cursos\Ciencia de Datos\Modulo 5\CODIGOS\Proyecto Fotnite\VIDEOS\ORIGINAL\Fortnite 2026.08.06 - 16.32.34.02.Eliminación.DVR.mp4,Eliminacion,1,292,False,True,,train
293,Fortnite 2026.08.06 - 16.33.07.03.Eliminación.DVR.mp4,F:\Cursos\Ciencia de Datos\Modulo 5\CODIGOS\Proyecto Fotnite\VIDEOS\ORIGINAL\Fortnite 2026.08.06 - 16.33.07.03.Eliminación.DVR.mp4,Eliminacion,1,293,False,True,,train
294,Fortnite 2026.08.06 - 16.34.22.04.Eliminación.DVR.mp4,F:\Cursos\Ciencia de Datos\Modulo 5\CODIGOS\Proyecto Fotnite\VIDEOS\ORIGINAL\Fortnite 2026.08.06 - 16.34.22.04.Eliminación.DVR.mp4,Eliminacion,1,294,False,True,,train
295,Fortnite 2026.08.06 - 16.36.15.05.Eliminación doble.DVR.mp4,F:\Cursos\Ciencia de Datos\Modulo 5\CODIGOS\Proyecto Fotnite\VIDEOS\ORIGINAL\Fortnite 2026.08.06 - 16.36.15.05.Eliminación doble.DVR.mp4,Eliminacion,1,295,False,True,,train
296,Fortnite 2026.08.06 - 16.37.39.06.Eliminación.DVR.mp4,F:\Cursos\Ciencia de Datos\Modulo 5\CODIGOS\Proyecto Fotnite\VIDEOS\ORIGINAL\Fortnite 2026.08.06 - 16.37.39.06.Eliminación.DVR.mp4,Eliminacion,1,296,False,True,,train
297,Fortnite 2026.08.06 - 16.38.07.07.Eliminado.DVR.mp4,F:\Cursos\Ciencia de Datos\Modulo 5\CODIGOS\Proyecto Fotnite\VIDEOS\ORIGINAL\Fortnite 2026.08.06 - 16.38.07.07.Eliminado.DVR.mp4,Eliminado,0,297,False,True,,test
298,Fortnite 2026.08.06 - 16.42.22.09.Eliminación.DVR.mp4,F:\Cursos\Ciencia de Datos\Modulo 5\CODIGOS\Proyecto Fotnite\VIDEOS\ORIGINAL\Fortnite 2026.08.06 - 16.42.22.09.Eliminación.DVR.mp4,Eliminacion,1,298,False,True,,test
299,Fortnite 2026.08.06 - 16.42.34.10.Eliminación.DVR.mp4,F:\Cursos\Ciencia de Datos\Modulo 5\CODIGOS\Proyecto Fotnite\VIDEOS\ORIGINAL\Fortnite 2026.08.06 - 16.42.34.10.Eliminación.DVR.mp4,Eliminacion,1,299,False,True,,train
300,Fortnite 2026.08.06 - 16.44.19.11.Eliminación.DVR.mp4,F:\Cursos\Ciencia de Datos\Modulo 5\CODIGOS\Proyecto Fotnite\VIDEOS\ORIGINAL\Fortnite 2026.08.06 - 16.44.19.11.Eliminación.DVR.mp4,Eliminacion,1,300,False,True,,validation
301,Fortnite 2026.08.06 - 16.44.27.12.Eliminación.DVR.mp4,F:\Cursos\Ciencia de Datos\Modulo 5\CODIGOS\Proyecto Fotnite\VIDEOS\ORIGINAL\Fortnite 2026.08.06 - 16.44.27.12.Eliminación.DVR.mp4,Eliminacion,1,301,False,True,,test
302,Fortnite 2026.08.06 - 16.45.50.13.Eliminado.DVR.mp4,F:\Cursos\Ciencia de Datos\Modulo 5\CODIGOS\Proyecto Fotnite\VIDEOS\ORIGINAL\Fortnite 2026.08.06 - 16.45.50.13.Eliminado.DVR.mp4,Eliminado,0,302,False,True,,validation
303,Fortnite 2026.08.06 - 16.49.27.15.Eliminación.DVR.mp4,F:\Cursos\Ciencia de Datos\Modulo 5\CODIGOS\Proyecto Fotnite\VIDEOS\ORIGINAL\Fortnite 2026.08.06 - 16.49.27.15.Eliminación.DVR.mp4,Eliminacion,1,303,False,True,,train
304,Fortnite 2026.08.06 - 16.50.10.16.Eliminación.DVR.mp4,F:\Cursos\Ciencia de Datos\Modulo 5\CODIGOS\Proyecto Fotnite\VIDEOS\ORIGINAL\Fortnite 2026.08.06 - 16.50.10.16.Eliminación.DVR.mp4,Eliminacion,1,304,False,True,,train
305,Fortnite 2026.08.06 - 16.55.04.17.Eliminación doble.DVR.mp4,F:\Cursos\Ciencia de Datos\Modulo 5\CODIGOS\Proyecto Fotnite\VIDEOS\ORIGINAL\Fortnite 2026.08.06 - 16.55.04.17.Eliminación doble.DVR.mp4,Eliminacion,1,305,False,True,,train
306,Fortnite 2026.08.06 - 16.55.51.18.Eliminación.DVR.mp4,F:\Cursos\Ciencia de Datos\Modulo 5\CODIGOS\Proyecto Fotnite\VIDEOS\ORIGINAL\Fortnite 2026.08.06 - 16.55.51.18.Eliminación.DVR.mp4,Eliminacion,1,306,False,True,,train
307,Fortnite 2026.08.06 - 16.56.25.19.Eliminación.DVR.mp4,F:\Cursos\Ciencia de Datos\Modulo 5\CODIGOS\Proyecto Fotnite\VIDEOS\ORIGINAL\Fortnite 2026.08.06 - 16.56.25.19.Eliminación.DVR.mp4,Eliminacion,1,307,False,True,,train
308,Fortnite 2026.08.06 - 16.57.08.20.Eliminación.DVR.mp4,F:\Cursos\Ciencia de Datos\Modulo 5\CODIGOS\Proyecto Fotnite\VIDEOS\ORIGINAL\Fortnite 2026.08.06 - 16.57.08.20.Eliminación.DVR.mp4,Eliminacion,1,308,False,True,,test
309,Fortnite 2026.08.06 - 16.58.09.21.Eliminación.DVR.mp4,F:\Cursos\Ciencia de Datos\Modulo 5\CODIGOS\Proyecto Fotnite\VIDEOS\ORIGINAL\Fortnite 2026.08.06 - 16.58.09.21.Eliminación.DVR.mp4,Eliminacion,1,309,False,True,,test
310,Fortnite 2026.08.06 - 17.00.15.22.Eliminación.DVR.mp4,F:\Cursos\Ciencia de Datos\Modulo 5\CODIGOS\Proyecto Fotnite\VIDEOS\ORIGINAL\Fortnite 2026.08.06 - 17.00.15.22.Eliminación.DVR.mp4,Eliminacion,1,310,False,True,,train
311,Fortnite 2026.08.06 - 17.00.57.23.Abajo.DVR.mp4,F:\Cursos\Ciencia de Datos\Modulo 5\CODIGOS\Proyecto Fotnite\VIDEOS\ORIGINAL\Fortnite 2026.08.06 - 17.00.57.23.Abajo.DVR.mp4,Eliminacion,1,311,True,False,abajo_ambiguo_o_duplicado_con_abajo,excluded_ambiguous
312,Fortnite 2026.08.06 - 17.01.04.24.Eliminación.DVR.mp4,F:\Cursos\Ciencia de Datos\Modulo 5\CODIGOS\Proyecto Fotnite\VIDEOS\ORIGINAL\Fortnite 2026.08.06 - 17.01.04.24.Eliminación.DVR.mp4,Eliminacion,1,312,False,True,,test
313,Fortnite 2026.08.06 - 17.02.34.25.Eliminado.DVR.mp4,F:\Cursos\Ciencia de Datos\Modulo 5\CODIGOS\Proyecto Fotnite\VIDEOS\ORIGINAL\Fortnite 2026.08.06 - 17.02.34.25.Eliminado.DVR.mp4,Eliminado,0,313,False,True,,train
314,Fortnite 2026.08.06 - 17.07.53.27.Eliminación.DVR.mp4,F:\Cursos\Ciencia de Datos\Modulo 5\CODIGOS\Proyecto Fotnite\VIDEOS\ORIGINAL\Fortnite 2026.08.06 - 17.07.53.27.Eliminación.DVR.mp4,Eliminacion,1,314,False,True,,train
315,Fortnite 2026.08.06 - 17.09.17.28.Eliminación.DVR.mp4,F:\Cursos\Ciencia de Datos\Modulo 5\CODIGOS\Proyecto Fotnite\VIDEOS\ORIGINAL\Fortnite 2026.08.06 - 17.09.17.28.Eliminación.DVR.mp4,Eliminacion,1,315,False,True,,train
316,Fortnite 2026.08.06 - 17.10.00.29.Eliminación.DVR.mp4,F:\Cursos\Ciencia de Datos\Modulo 5\CODIGOS\Proyecto Fotnite\VIDEOS\ORIGINAL\Fortnite 2026.08.06 - 17.10.00.29.Eliminación.DVR.mp4,Eliminacion,1,316,False,True,,train
317,Fortnite 2026.08.06 - 17.11.11.30.Eliminación doble.DVR.mp4,F:\Cursos\Ciencia de Datos\Modulo 5\CODIGOS\Proyecto Fotnite\VIDEOS\ORIGINAL\Fortnite 2026.08.06 - 17.11.11.30.Eliminación doble.DVR.mp4,Eliminacion,1,317,False,True,,validation
318,Fortnite 2026.08.06 - 17.12.38.31.Eliminación.DVR.mp4,F:\Cursos\Ciencia de Datos\Modulo 5\CODIGOS\Proyecto Fotnite\VIDEOS\ORIGINAL\Fortnite 2026.08.06 - 17.12.38.31.Eliminación.DVR.mp4,Eliminacion,1,318,False,True,,train
319,Fortnite 2026.08.06 - 17.14.48.32.Eliminado.DVR.mp4,F:\Cursos\Ciencia de Datos\Modulo 5\CODIGOS\Proyecto Fotnite\VIDEOS\ORIGINAL\Fortnite 2026.08.06 - 17.14.48.32.Eliminado.DVR.mp4,Eliminado,0,319,False,True,,test
320,Fortnite 2026.08.06 - 17.18.48.34.Eliminación.DVR.mp4,F:\Cursos\Ciencia de Datos\Modulo 5\CODIGOS\Proyecto Fotnite\VIDEOS\ORIGINAL\Fortnite 2026.08.06 - 17.18.48.34.Eliminación.DVR.mp4,Eliminacion,1,320,False,True,,train
321,Fortnite 2026.08.06 - 17.18.58.35.Eliminado.DVR.mp4,F:\Cursos\Ciencia de Datos\Modulo 5\CODIGOS\Proyecto Fotnite\VIDEOS\ORIGINAL\Fortnite 2026.08.06 - 17.18.58.35.Eliminado.DVR.mp4,Eliminado,0,321,False,True,,test
322,Fortnite 2026.08.06 - 17.23.35.37.Eliminación.DVR.mp4,F:\Cursos\Ciencia de Datos\Modulo 5\CODIGOS\Proyecto Fotnite\VIDEOS\ORIGINAL\Fortnite 2026.08.06 - 17.23.35.37.Eliminación.DVR.mp4,Eliminacion,1,322,False,True,,train
323,Fortnite 2026.08.06 - 17.23.52.38.Eliminación.DVR.mp4,F:\Cursos\Ciencia de Datos\Modulo 5\CODIGOS\Proyecto Fotnite\VIDEOS\ORIGINAL\Fortnite 2026.08.06 - 17.23.52.38.Eliminación.DVR.mp4,Eliminacion,1,323,False,True,,train
324,Fortnite 2026.08.06 - 17.24.58.39.Eliminación.DVR.mp4,F:\Cursos\Ciencia de Datos\Modulo 5\CODIGOS\Proyecto Fotnite\VIDEOS\ORIGINAL\Fortnite 2026.08.06 - 17.24.58.39.Eliminación.DVR.mp4,Eliminacion,1,324,False,True,,validation
325,Fortnite 2026.08.06 - 17.26.05.40.Eliminación doble.DVR.mp4,F:\Cursos\Ciencia de Datos\Modulo 5\CODIGOS\Proyecto Fotnite\VIDEOS\ORIGINAL\Fortnite 2026.08.06 - 17.26.05.40.Eliminación doble.DVR.mp4,Eliminacion,1,325,False,True,,train
326,Fortnite 2026.08.06 - 17.26.18.41.Eliminación.DVR.mp4,F:\Cursos\Ciencia de Datos\Modulo 5\CODIGOS\Proyecto Fotnite\VIDEOS\ORIGINAL\Fortnite 2026.08.06 - 17.26.18.41.Eliminación.DVR.mp4,Eliminacion,1,326,False,True,,train
327,Fortnite 2026.08.06 - 17.27.15.42.Eliminado.DVR.mp4,F:\Cursos\Ciencia de Datos\Modulo 5\CODIGOS\Proyecto Fotnite\VIDEOS\ORIGINAL\Fortnite 2026.08.06 - 17.27.15.42.Eliminado.DVR.mp4,Eliminado,0,327,False,True,,train
328,Fortnite 2026.08.06 - 17.30.30.44.Eliminación.DVR.mp4,F:\Cursos\Ciencia de Datos\Modulo 5\CODIGOS\Proyecto Fotnite\VIDEOS\ORIGINAL\Fortnite 2026.08.06 - 17.30.30.44.Eliminación.DVR.mp4,Eliminacion,1,328,False,True,,validation
329,Fortnite 2026.08.06 - 17.32.16.45.Eliminación.DVR.mp4,F:\Cursos\Ciencia de Datos\Modulo 5\CODIGOS\Proyecto Fotnite\VIDEOS\ORIGINAL\Fortnite 2026.08.06 - 17.32.16.45.Eliminación.DVR.mp4,Eliminacion,1,329,False,True,,train
330,Fortnite 2026.08.06 - 17.32.24.46.Eliminación.DVR.mp4,F:\Cursos\Ciencia de Datos\Modulo 5\CODIGOS\Proyecto Fotnite\VIDEOS\ORIGINAL\Fortnite 2026.08.06 - 17.32.24.46.Eliminación.DVR.mp4,Eliminacion,1,330,False,True,,train
331,Fortnite 2026.08.06 - 17.32.35.47.Eliminado.DVR.mp4,F:\Cursos\Ciencia de Datos\Modulo 5\CODIGOS\Proyecto Fotnite\VIDEOS\ORIGINAL\Fortnite 2026.08.06 - 17.32.35.47.Eliminado.DVR.mp4,Eliminado,0,331,False,True,,train
332,Fortnite 2026.08.06 - 17.35.22.49.Eliminado.DVR.mp4,F:\Cursos\Ciencia de Datos\Modulo 5\CODIGOS\Proyecto Fotnite\VIDEOS\ORIGINAL\Fortnite 2026.08.06 - 17.35.22.49.Eliminado.DVR.mp4,Eliminado,0,332,False,True,,train
333,Fortnite 2026.08.06 - 17.39.11.51.Eliminación.DVR.mp4,F:\Cursos\Ciencia de Datos\Modulo 5\CODIGOS\Proyecto Fotnite\VIDEOS\ORIGINAL\Fortnite 2026.08.06 - 17.39.11.51.Eliminación.DVR.mp4,Eliminacion,1,333,False,True,,train
334,Fortnite 2026.08.06 - 17.39.24.52.Eliminado.DVR.mp4,F:\Cursos\Ciencia de Datos\Modulo 5\CODIGOS\Proyecto Fotnite\VIDEOS\ORIGINAL\Fortnite 2026.08.06 - 17.39.24.52.Eliminado.DVR.mp4,Eliminado,0,334,False,True,,train
335,Fortnite 2026.08.06 - 17.43.17.54.Eliminación.DVR.mp4,F:\Cursos\Ciencia de Datos\Modulo 5\CODIGOS\Proyecto Fotnite\VIDEOS\ORIGINAL\Fortnite 2026.08.06 - 17.43.17.54.Eliminación.DVR.mp4,Eliminacion,1,335,False,True,,validation
336,Fortnite 2026.08.06 - 17.43.38.55.Eliminación.DVR.mp4,F:\Cursos\Ciencia de Datos\Modulo 5\CODIGOS\Proyecto Fotnite\VIDEOS\ORIGINAL\Fortnite 2026.08.06 - 17.43.38.55.Eliminación.DVR.mp4,Eliminacion,1,336,False,True,,train
337,Fortnite 2026.08.06 - 17.44.54.56.Eliminación.DVR.mp4,F:\Cursos\Ciencia de Datos\Modulo 5\CODIGOS\Proyecto Fotnite\VIDEOS\ORIGINAL\Fortnite 2026.08.06 - 17.44.54.56.Eliminación.DVR.mp4,Eliminacion,1,337,False,True,,train
338,Fortnite 2026.08.06 - 17.46.20.57.Eliminado.DVR.mp4,F:\Cursos\Ciencia de Datos\Modulo 5\CODIGOS\Proyecto Fotnite\VIDEOS\ORIGINAL\Fortnite 2026.08.06 - 17.46.20.57.Eliminado.DVR.mp4,Eliminado,0,338,False,True,,validation
339,Fortnite 2026.08.06 - 17.49.07.59.Eliminación.DVR.mp4,F:\Cursos\Ciencia de Datos\Modulo 5\CODIGOS\Proyecto Fotnite\VIDEOS\ORIGINAL\Fortnite 2026.08.06 - 17.49.07.59.Eliminación.DVR.mp4,Eliminacion,1,339,False,True,,train
340,Fortnite 2026.08.06 - 17.49.13.60.Eliminación.DVR.mp4,F:\Cursos\Ciencia de Datos\Modulo 5\CODIGOS\Proyecto Fotnite\VIDEOS\ORIGINAL\Fortnite 2026.08.06 - 17.49.13.60.Eliminación.DVR.mp4,Eliminacion,1,340,False,True,,validation
341,Fortnite 2026.08.06 - 17.50.18.61.Eliminación.DVR.mp4,F:\Cursos\Ciencia de Datos\Modulo 5\CODIGOS\Proyecto Fotnite\VIDEOS\ORIGINAL\Fortnite 2026.08.06 - 17.50.18.61.Eliminación.DVR.mp4,Eliminacion,1,341,False,True,,train
342,Fortnite 2026.08.06 - 17.51.57.63.Eliminación.DVR.mp4,F:\Cursos\Ciencia de Datos\Modulo 5\CODIGOS\Proyecto Fotnite\VIDEOS\ORIGINAL\Fortnite 2026.08.06 - 17.51.57.63.Eliminación.DVR.mp4,Eliminacion,1,1,False,True,,train
343,Fortnite 2026.08.06 - 17.54.59.64.Eliminación doble.DVR.mp4,F:\Cursos\Ciencia de Datos\Modulo 5\CODIGOS\Proyecto Fotnite\VIDEOS\ORIGINAL\Fortnite 2026.08.06 - 17.54.59.64.Eliminación doble.DVR.mp4,Eliminacion,1,343,False,True,,train
344,Fortnite 2026.08.06 - 17.55.49.65.Eliminación.DVR.mp4,F:\Cursos\Ciencia de Datos\Modulo 5\CODIGOS\Proyecto Fotnite\VIDEOS\ORIGINAL\Fortnite 2026.08.06 - 17.55.49.65.Eliminación.DVR.mp4,Eliminacion,1,344,False,True,,train
345,Fortnite 2026.08.06 - 17.56.12.66.Eliminado.DVR.mp4,F:\Cursos\Ciencia de Datos\Modulo 5\CODIGOS\Proyecto Fotnite\VIDEOS\ORIGINAL\Fortnite 2026.08.06 - 17.56.12.66.Eliminado.DVR.mp4,Eliminado,0,345,False,True,,train
346,Fortnite 2026.08.06 - 18.00.20.68.Eliminación.DVR.mp4,F:\Cursos\Ciencia de Datos\Modulo 5\CODIGOS\Proyecto Fotnite\VIDEOS\ORIGINAL\Fortnite 2026.08.06 - 18.00.20.68.Eliminación.DVR.mp4,Eliminacion,1,346,False,True,,test
347,Fortnite 2026.08.06 - 18.00.45.69.Eliminación.DVR.mp4,F:\Cursos\Ciencia de Datos\Modulo 5\CODIGOS\Proyecto Fotnite\VIDEOS\ORIGINAL\Fortnite 2026.08.06 - 18.00.45.69.Eliminación.DVR.mp4,Eliminacion,1,347,False,True,,test
348,Fortnite 2026.08.06 - 18.01.26.70.Eliminación.DVR.mp4,F:\Cursos\Ciencia de Datos\Modulo 5\CODIGOS\Proyecto Fotnite\VIDEOS\ORIGINAL\Fortnite 2026.08.06 - 18.01.26.70.Eliminación.DVR.mp4,Eliminacion,1,348,False,True,,train
349,Fortnite 2026.08.06 - 18.02.32.71.Eliminación.DVR.mp4,F:\Cursos\Ciencia de Datos\Modulo 5\CODIGOS\Proyecto Fotnite\VIDEOS\ORIGINAL\Fortnite 2026.08.06 - 18.02.32.71.Eliminación.DVR.mp4,Eliminacion,1,349,False,True,,train
350,Fortnite 2026.08.06 - 18.02.51.72.Eliminación.DVR.mp4,F:\Cursos\Ciencia de Datos\Modulo 5\CODIGOS\Proyecto Fotnite\VIDEOS\ORIGINAL\Fortnite 2026.08.06 - 18.02.51.72.Eliminación.DVR.mp4,Eliminacion,1,350,False,True,,train
351,Fortnite 2026.08.06 - 18.03.55.73.Eliminación.DVR.mp4,F:\Cursos\Ciencia de Datos\Modulo 5\CODIGOS\Proyecto Fotnite\VIDEOS\ORIGINAL\Fortnite 2026.08.06 - 18.03.55.73.Eliminación.DVR.mp4,Eliminacion,1,351,False,True,,train
352,Fortnite 2026.08.06 - 18.05.46.74.Eliminación.DVR.mp4,F:\Cursos\Ciencia de Datos\Modulo 5\CODIGOS\Proyecto Fotnite\VIDEOS\ORIGINAL\Fortnite 2026.08.06 - 18.05.46.74.Eliminación.DVR.mp4,Eliminacion,1,352,False,True,,train
353,Fortnite 2026.08.06 - 18.05.53.75.Eliminación.DVR.mp4,F:\Cursos\Ciencia de Datos\Modulo 5\CODIGOS\Proyecto Fotnite\VIDEOS\ORIGINAL\Fortnite 2026.08.06 - 18.05.53.75.Eliminación.DVR.mp4,Eliminacion,1,353,False,True,,train
354,Fortnite 2026.08.06 - 18.07.42.76.Eliminado.DVR.mp4,F:\Cursos\Ciencia de Datos\Modulo 5\CODIGOS\Proyecto Fotnite\VIDEOS\ORIGINAL\Fortnite 2026.08.06 - 18.07.42.76.Eliminado.DVR.mp4,Eliminado,0,354,False,True,,train
355,Fortnite 2026.08.06 - 18.11.36.78.Eliminación doble.DVR.mp4,F:\Cursos\Ciencia de Datos\Modulo 5\CODIGOS\Proyecto Fotnite\VIDEOS\ORIGINAL\Fortnite 2026.08.06 - 18.11.36.78.Eliminación doble.DVR.mp4,Eliminacion,1,355,False,True,,train
356,Fortnite 2026.08.06 - 18.12.48.79.Eliminado.DVR.mp4,F:\Cursos\Ciencia de Datos\Modulo 5\CODIGOS\Proyecto Fotnite\VIDEOS\ORIGINAL\Fortnite 2026.08.06 - 18.12.48.79.Eliminado.DVR.mp4,Eliminado,0,356,False,True,,validation
357,Fortnite 2026.08.07 - 20.11.55.02.Eliminación.DVR.mp4,F:\Cursos\Ciencia de Datos\Modulo 5\CODIGOS\Proyecto Fotnite\VIDEOS\ORIGINAL\Fortnite 2026.08.07 - 20.11.55.02.Eliminación.DVR.mp4,Eliminacion,1,357,False,True,,train
358,Fortnite 2026.08.07 - 20.13.02.03.Eliminación.DVR.mp4,F:\Cursos\Ciencia de Datos\Modulo 5\CODIGOS\Proyecto Fotnite\VIDEOS\ORIGINAL\Fortnite 2026.08.07 - 20.13.02.03.Eliminación.DVR.mp4,Eliminacion,1,358,False,True,,train
359,Fortnite 2026.08.07 - 20.13.22.04.Eliminación triple.DVR.mp4,F:\Cursos\Ciencia de Datos\Modulo 5\CODIGOS\Proyecto Fotnite\VIDEOS\ORIGINAL\Fortnite 2026.08.07 - 20.13.22.04.Eliminación triple.DVR.mp4,Eliminacion,1,359,False,True,,train
360,Fortnite 2026.08.07 - 20.13.29.05.Eliminación.DVR.mp4,F:\Cursos\Ciencia de Datos\Modulo 5\CODIGOS\Proyecto Fotnite\VIDEOS\ORIGINAL\Fortnite 2026.08.07 - 20.13.29.05.Eliminación.DVR.mp4,Eliminacion,1,360,False,True,,train
361,Fortnite 2026.08.07 - 20.14.48.06.Eliminación.DVR.mp4,F:\Cursos\Ciencia de Datos\Modulo 5\CODIGOS\Proyecto Fotnite\VIDEOS\ORIGINAL\Fortnite 2026.08.07 - 20.14.48.06.Eliminación.DVR.mp4,Eliminacion,1,361,False,True,,test
362,Fortnite 2026.08.07 - 20.18.38.07.Eliminación.DVR.mp4,F:\Cursos\Ciencia de Datos\Modulo 5\CODIGOS\Proyecto Fotnite\VIDEOS\ORIGINAL\Fortnite 2026.08.07 - 20.18.38.07.Eliminación.DVR.mp4,Eliminacion,1,362,False,True,,train
363,Fortnite 2026.08.07 - 20.19.10.08.Eliminación.DVR.mp4,F:\Cursos\Ciencia de Datos\Modulo 5\CODIGOS\Proyecto Fotnite\VIDEOS\ORIGINAL\Fortnite 2026.08.07 - 20.19.10.08.Eliminación.DVR.mp4,Eliminacion,1,363,False,True,,train
364,Fortnite 2026.08.07 - 20.19.54.09.Eliminación.DVR.mp4,F:\Cursos\Ciencia de Datos\Modulo 5\CODIGOS\Proyecto Fotnite\VIDEOS\ORIGINAL\Fortnite 2026.08.07 - 20.19.54.09.Eliminación.DVR.mp4,Eliminacion,1,364,False,True,,validation
365,Fortnite 2026.08.07 - 20.20.48.10.Eliminación.DVR.mp4,F:\Cursos\Ciencia de Datos\Modulo 5\CODIGOS\Proyecto Fotnite\VIDEOS\ORIGINAL\Fortnite 2026.08.07 - 20.20.48.10.Eliminación.DVR.mp4,Eliminacion,1,365,False,True,,train
366,Fortnite 2026.08.07 - 20.21.21.11.Eliminado.DVR.mp4,F:\Cursos\Ciencia de Datos\Modulo 5\CODIGOS\Proyecto Fotnite\VIDEOS\ORIGINAL\Fortnite 2026.08.07 - 20.21.21.11.Eliminado.DVR.mp4,Eliminado,0,366,False,True,,train
367,Fortnite 2026.08.07 - 20.24.37.13.Eliminación.DVR.mp4,F:\Cursos\Ciencia de Datos\Modulo 5\CODIGOS\Proyecto Fotnite\VIDEOS\ORIGINAL\Fortnite 2026.08.07 - 20.24.37.13.Eliminación.DVR.mp4,Eliminacion,1,367,False,True,,train
368,Fortnite 2026.08.07 - 20.26.03.14.Eliminación doble.DVR.mp4,F:\Cursos\Ciencia de Datos\Modulo 5\CODIGOS\Proyecto Fotnite\VIDEOS\ORIGINAL\Fortnite 2026.08.07 - 20.26.03.14.Eliminación doble.DVR.mp4,Eliminacion,1,368,False,True,,train
369,Fortnite 2026.08.07 - 20.27.55.15.Eliminación.DVR.mp4,F:\Cursos\Ciencia de Datos\Modulo 5\CODIGOS\Proyecto Fotnite\VIDEOS\ORIGINAL\Fortnite 2026.08.07 - 20.27.55.15.Eliminación.DVR.mp4,Eliminacion,1,369,False,True,,train
370,Fortnite 2026.08.07 - 20.28.36.16.Eliminación.DVR.mp4,F:\Cursos\Ciencia de Datos\Modulo 5\CODIGOS\Proyecto Fotnite\VIDEOS\ORIGINAL\Fortnite 2026.08.07 - 20.28.36.16.Eliminación.DVR.mp4,Eliminacion,1,370,False,True,,train
371,Fortnite 2026.08.07 - 20.32.09.17.Eliminación.DVR.mp4,F:\Cursos\Ciencia de Datos\Modulo 5\CODIGOS\Proyecto Fotnite\VIDEOS\ORIGINAL\Fortnite 2026.08.07 - 20.32.09.17.Eliminación.DVR.mp4,Eliminacion,1,371,False,True,,validation
372,Fortnite 2026.08.07 - 20.32.27.18.Eliminación.DVR.mp4,F:\Cursos\Ciencia de Datos\Modulo 5\CODIGOS\Proyecto Fotnite\VIDEOS\ORIGINAL\Fortnite 2026.08.07 - 20.32.27.18.Eliminación.DVR.mp4,Eliminacion,1,372,False,True,,train
373,Fortnite 2026.08.07 - 20.35.16.19.Eliminación.DVR.mp4,F:\Cursos\Ciencia de Datos\Modulo 5\CODIGOS\Proyecto Fotnite\VIDEOS\ORIGINAL\Fortnite 2026.08.07 - 20.35.16.19.Eliminación.DVR.mp4,Eliminacion,1,373,False,True,,train
374,Fortnite 2026.08.07 - 20.35.51.20.Eliminación.DVR.mp4,F:\Cursos\Ciencia de Datos\Modulo 5\CODIGOS\Proyecto Fotnite\VIDEOS\ORIGINAL\Fortnite 2026.08.07 - 20.35.51.20.Eliminación.DVR.mp4,Eliminacion,1,374,False,True,,train
375,Fortnite 2026.08.07 - 20.36.56.21.Eliminación.DVR.mp4,F:\Cursos\Ciencia de Datos\Modulo 5\CODIGOS\Proyecto Fotnite\VIDEOS\ORIGINAL\Fortnite 2026.08.07 - 20.36.56.21.Eliminación.DVR.mp4,Eliminacion,1,375,False,True,,train
376,Fortnite 2026.08.07 - 20.38.38.22.Eliminación.DVR.mp4,F:\Cursos\Ciencia de Datos\Modulo 5\CODIGOS\Proyecto Fotnite\VIDEOS\ORIGINAL\Fortnite 2026.08.07 - 20.38.38.22.Eliminación.DVR.mp4,Eliminacion,1,376,False,True,,validation
377,Fortnite 2026.08.07 - 20.42.55.23.Eliminado.DVR.mp4,F:\Cursos\Ciencia de Datos\Modulo 5\CODIGOS\Proyecto Fotnite\VIDEOS\ORIGINAL\Fortnite 2026.08.07 - 20.42.55.23.Eliminado.DVR.mp4,Eliminado,0,377,False,True,,train
378,Fortnite 2026.08.07 - 20.47.24.25.Eliminación.DVR.mp4,F:\Cursos\Ciencia de Datos\Modulo 5\CODIGOS\Proyecto Fotnite\VIDEOS\ORIGINAL\Fortnite 2026.08.07 - 20.47.24.25.Eliminación.DVR.mp4,Eliminacion,1,378,False,True,,validation
379,Fortnite 2026.08.07 - 20.51.43.26.Eliminación.DVR.mp4,F:\Cursos\Ciencia de Datos\Modulo 5\CODIGOS\Proyecto Fotnite\VIDEOS\ORIGINAL\Fortnite 2026.08.07 - 20.51.43.26.Eliminación.DVR.mp4,Eliminacion,1,379,False,True,,train
380,Fortnite 2026.08.07 - 20.54.01.27.Eliminación doble.DVR.mp4,F:\Cursos\Ciencia de Datos\Modulo 5\CODIGOS\Proyecto Fotnite\VIDEOS\ORIGINAL\Fortnite 2026.08.07 - 20.54.01.27.Eliminación doble.DVR.mp4,Eliminacion,1,380,False,True,,train
381,Fortnite 2026.08.07 - 20.54.59.28.Eliminación.DVR.mp4,F:\Cursos\Ciencia de Datos\Modulo 5\CODIGOS\Proyecto Fotnite\VIDEOS\ORIGINAL\Fortnite 2026.08.07 - 20.54.59.28.Eliminación.DVR.mp4,Eliminacion,1,381,False,True,,test
382,Fortnite 2026.08.07 - 21.00.41.30.Eliminación.DVR.mp4,F:\Cursos\Ciencia de Datos\Modulo 5\CODIGOS\Proyecto Fotnite\VIDEOS\ORIGINAL\Fortnite 2026.08.07 - 21.00.41.30.Eliminación.DVR.mp4,Eliminacion,1,382,False,True,,train
383,Fortnite 2026.08.07 - 21.01.02.31.Eliminación.DVR.mp4,F:\Cursos\Ciencia de Datos\Modulo 5\CODIGOS\Proyecto Fotnite\VIDEOS\ORIGINAL\Fortnite 2026.08.07 - 21.01.02.31.Eliminación.DVR.mp4,Eliminacion,1,383,False,True,,train
384,Fortnite 2026.08.07 - 21.01.39.32.Eliminación.DVR.mp4,F:\Cursos\Ciencia de Datos\Modulo 5\CODIGOS\Proyecto Fotnite\VIDEOS\ORIGINAL\Fortnite 2026.08.07 - 21.01.39.32.Eliminación.DVR.mp4,Eliminacion,1,384,False,True,,train
385,Fortnite 2026.08.07 - 21.06.47.33.Eliminación.DVR.mp4,F:\Cursos\Ciencia de Datos\Modulo 5\CODIGOS\Proyecto Fotnite\VIDEOS\ORIGINAL\Fortnite 2026.08.07 - 21.06.47.33.Eliminación.DVR.mp4,Eliminacion,1,385,False,True,,train
386,Fortnite 2026.08.07 - 21.12.16.34.Eliminado.DVR.mp4,F:\Cursos\Ciencia de Datos\Modulo 5\CODIGOS\Proyecto Fotnite\VIDEOS\ORIGINAL\Fortnite 2026.08.07 - 21.12.16.34.Eliminado.DVR.mp4,Eliminado,0,386,False,True,,train
387,Fortnite 2026.08.07 - 21.18.35.36.Eliminado.DVR.mp4,F:\Cursos\Ciencia de Datos\Modulo 5\CODIGOS\Proyecto Fotnite\VIDEOS\ORIGINAL\Fortnite 2026.08.07 - 21.18.35.36.Eliminado.DVR.mp4,Eliminado,0,206,False,True,,train
388,Fortnite 2026.08.07 - 21.22.41.38.Eliminado.DVR.mp4,F:\Cursos\Ciencia de Datos\Modulo 5\CODIGOS\Proyecto Fotnite\VIDEOS\ORIGINAL\Fortnite 2026.08.07 - 21.22.41.38.Eliminado.DVR.mp4,Eliminado,0,388,False,True,,train
389,Fortnite 2026.08.07 - 21.25.59.40.Eliminación doble.DVR.mp4,F:\Cursos\Ciencia de Datos\Modulo 5\CODIGOS\Proyecto Fotnite\VIDEOS\ORIGINAL\Fortnite 2026.08.07 - 21.25.59.40.Eliminación doble.DVR.mp4,Eliminacion,1,389,False,True,,train
390,Fortnite 2026.08.07 - 21.26.39.41.Eliminación doble.DVR.mp4,F:\Cursos\Ciencia de Datos\Modulo 5\CODIGOS\Proyecto Fotnite\VIDEOS\ORIGINAL\Fortnite 2026.08.07 - 21.26.39.41.Eliminación doble.DVR.mp4,Eliminacion,1,390,False,True,,train
391,Fortnite 2026.08.07 - 21.26.48.42.Eliminación triple.DVR.mp4,F:\Cursos\Ciencia de Datos\Modulo 5\CODIGOS\Proyecto Fotnite\VIDEOS\ORIGINAL\Fortnite 2026.08.07 - 21.26.48.42.Eliminación triple.DVR.mp4,Eliminacion,1,391,False,True,,train
392,Fortnite 2026.08.07 - 21.27.00.43.Eliminación.DVR.mp4,F:\Cursos\Ciencia de Datos\Modulo 5\CODIGOS\Proyecto Fotnite\VIDEOS\ORIGINAL\Fortnite 2026.08.07 - 21.27.00.43.Eliminación.DVR.mp4,Eliminacion,1,392,False,True,,train
393,Fortnite 2026.08.07 - 21.31.39.44.Eliminación.DVR.mp4,F:\Cursos\Ciencia de Datos\Modulo 5\CODIGOS\Proyecto Fotnite\VIDEOS\ORIGINAL\Fortnite 2026.08.07 - 21.31.39.44.Eliminación.DVR.mp4,Eliminacion,1,393,False,True,,validation
394,Fortnite 2026.08.07 - 21.31.58.45.Eliminado.DVR.mp4,F:\Cursos\Ciencia de Datos\Modulo 5\CODIGOS\Proyecto Fotnite\VIDEOS\ORIGINAL\Fortnite 2026.08.07 - 21.31.58.45.Eliminado.DVR.mp4,Eliminado,0,394,False,True,,test
395,Fortnite 2026.08.07 - 21.35.01.47.Eliminación.DVR.mp4,F:\Cursos\Ciencia de Datos\Modulo 5\CODIGOS\Proyecto Fotnite\VIDEOS\ORIGINAL\Fortnite 2026.08.07 - 21.35.01.47.Eliminación.DVR.mp4,Eliminacion,1,395,False,True,,test
396,Fortnite 2026.08.07 - 21.35.21.48.Eliminado.DVR.mp4,F:\Cursos\Ciencia de Datos\Modulo 5\CODIGOS\Proyecto Fotnite\VIDEOS\ORIGINAL\Fortnite 2026.08.07 - 21.35.21.48.Eliminado.DVR.mp4,Eliminado,0,396,False,True,,train
397,Fortnite 2026.08.08 - 20.38.27.02.Abajo.DVR.mp4,F:\Cursos\Ciencia de Datos\Modulo 5\CODIGOS\Proyecto Fotnite\VIDEOS\ORIGINAL\Fortnite 2026.08.08 - 20.38.27.02.Abajo.DVR.mp4,Eliminacion,1,397,True,False,abajo_ambiguo_o_duplicado_con_abajo,excluded_ambiguous
398,Fortnite 2026.08.08 - 20.38.33.03.Eliminación.DVR.mp4,F:\Cursos\Ciencia de Datos\Modulo 5\CODIGOS\Proyecto Fotnite\VIDEOS\ORIGINAL\Fortnite 2026.08.08 - 20.38.33.03.Eliminación.DVR.mp4,Eliminacion,1,398,False,True,,train
399,Fortnite 2026.08.08 - 20.38.49.04.Eliminación múltiple.DVR.mp4,F:\Cursos\Ciencia de Datos\Modulo 5\CODIGOS\Proyecto Fotnite\VIDEOS\ORIGINAL\Fortnite 2026.08.08 - 20.38.49.04.Eliminación múltiple.DVR.mp4,Eliminacion,1,399,False,True,,train
400,Fortnite 2026.08.08 - 20.42.13.06.Abajo.DVR.mp4,F:\Cursos\Ciencia de Datos\Modulo 5\CODIGOS\Proyecto Fotnite\VIDEOS\ORIGINAL\Fortnite 2026.08.08 - 20.42.13.06.Abajo.DVR.mp4,Eliminacion,1,400,True,False,abajo_ambiguo_o_duplicado_con_abajo,excluded_ambiguous
401,Fortnite 2026.08.08 - 20.42.19.07.Eliminación.DVR.mp4,F:\Cursos\Ciencia de Datos\Modulo 5\CODIGOS\Proyecto Fotnite\VIDEOS\ORIGINAL\Fortnite 2026.08.08 - 20.42.19.07.Eliminación.DVR.mp4,Eliminacion,1,400,False,False,abajo_ambiguo_o_duplicado_con_abajo,excluded_ambiguous
402,Fortnite 2026.08.08 - 20.42.57.08.Eliminación.DVR.mp4,F:\Cursos\Ciencia de Datos\Modulo 5\CODIGOS\Proyecto Fotnite\VIDEOS\ORIGINAL\Fortnite 2026.08.08 - 20.42.57.08.Eliminación.DVR.mp4,Eliminacion,1,402,False,True,,train
403,Fortnite 2026.08.08 - 20.46.01.09.Eliminación.DVR.mp4,F:\Cursos\Ciencia de Datos\Modulo 5\CODIGOS\Proyecto Fotnite\VIDEOS\ORIGINAL\Fortnite 2026.08.08 - 20.46.01.09.Eliminación.DVR.mp4,Eliminacion,1,403,False,True,,train
404,Fortnite 2026.08.08 - 20.46.03.10.Eliminado.DVR.mp4,F:\Cursos\Ciencia de Datos\Modulo 5\CODIGOS\Proyecto Fotnite\VIDEOS\ORIGINAL\Fortnite 2026.08.08 - 20.46.03.10.Eliminado.DVR.mp4,Eliminado,0,403,False,True,,train
405,Fortnite 2026.08.08 - 20.49.22.12.Eliminado.DVR.mp4,F:\Cursos\Ciencia de Datos\Modulo 5\CODIGOS\Proyecto Fotnite\VIDEOS\ORIGINAL\Fortnite 2026.08.08 - 20.49.22.12.Eliminado.DVR.mp4,Eliminado,0,206,False,True,,train
406,Fortnite 2026.08.08 - 20.54.27.14.Eliminación.DVR.mp4,F:\Cursos\Ciencia de Datos\Modulo 5\CODIGOS\Proyecto Fotnite\VIDEOS\ORIGINAL\Fortnite 2026.08.08 - 20.54.27.14.Eliminación.DVR.mp4,Eliminacion,1,406,False,True,,train
407,Fortnite 2026.08.08 - 20.58.32.15.Eliminación múltiple.DVR.mp4,F:\Cursos\Ciencia de Datos\Modulo 5\CODIGOS\Proyecto Fotnite\VIDEOS\ORIGINAL\Fortnite 2026.08.08 - 20.58.32.15.Eliminación múltiple.DVR.mp4,Eliminacion,1,407,False,True,,train
408,Fortnite 2026.08.08 - 20.59.33.16.Eliminación.DVR.mp4,F:\Cursos\Ciencia de Datos\Modulo 5\CODIGOS\Proyecto Fotnite\VIDEOS\ORIGINAL\Fortnite 2026.08.08 - 20.59.33.16.Eliminación.DVR.mp4,Eliminacion,1,408,False,True,,test
409,Fortnite 2026.08.08 - 21.02.37.17.Eliminación.DVR.mp4,F:\Cursos\Ciencia de Datos\Modulo 5\CODIGOS\Proyecto Fotnite\VIDEOS\ORIGINAL\Fortnite 2026.08.08 - 21.02.37.17.Eliminación.DVR.mp4,Eliminacion,1,409,False,True,,train
410,Fortnite 2026.08.08 - 21.04.59.18.Eliminación.DVR.mp4,F:\Cursos\Ciencia de Datos\Modulo 5\CODIGOS\Proyecto Fotnite\VIDEOS\ORIGINAL\Fortnite 2026.08.08 - 21.04.59.18.Eliminación.DVR.mp4,Eliminacion,1,410,False,True,,train
411,Fortnite 2026.08.08 - 21.07.30.19.Eliminación.DVR.mp4,F:\Cursos\Ciencia de Datos\Modulo 5\CODIGOS\Proyecto Fotnite\VIDEOS\ORIGINAL\Fortnite 2026.08.08 - 21.07.30.19.Eliminación.DVR.mp4,Eliminacion,1,411,False,True,,test
412,Fortnite 2026.08.08 - 21.08.57.20.Eliminación.DVR.mp4,F:\Cursos\Ciencia de Datos\Modulo 5\CODIGOS\Proyecto Fotnite\VIDEOS\ORIGINAL\Fortnite 2026.08.08 - 21.08.57.20.Eliminación.DVR.mp4,Eliminacion,1,412,False,True,,train
413,Fortnite 2026.08.08 - 21.09.18.21.Eliminado.DVR.mp4,F:\Cursos\Ciencia de Datos\Modulo 5\CODIGOS\Proyecto Fotnite\VIDEOS\ORIGINAL\Fortnite 2026.08.08 - 21.09.18.21.Eliminado.DVR.mp4,Eliminado,0,413,False,True,,train
414,Fortnite 2026.08.08 - 21.19.04.23.Eliminación.DVR.mp4,F:\Cursos\Ciencia de Datos\Modulo 5\CODIGOS\Proyecto Fotnite\VIDEOS\ORIGINAL\Fortnite 2026.08.08 - 21.19.04.23.Eliminación.DVR.mp4,Eliminacion,1,414,False,True,,train
415,Fortnite 2026.08.08 - 21.19.20.24.Eliminación.DVR.mp4,F:\Cursos\Ciencia de Datos\Modulo 5\CODIGOS\Proyecto Fotnite\VIDEOS\ORIGINAL\Fortnite 2026.08.08 - 21.19.20.24.Eliminación.DVR.mp4,Eliminacion,1,415,False,True,,train
416,Fortnite 2026.08.08 - 21.22.31.26.Eliminación doble.DVR.mp4,F:\Cursos\Ciencia de Datos\Modulo 5\CODIGOS\Proyecto Fotnite\VIDEOS\ORIGINAL\Fortnite 2026.08.08 - 21.22.31.26.Eliminación doble.DVR.mp4,Eliminacion,1,416,False,True,,train
417,Fortnite 2026.08.08 - 21.23.57.27.Eliminación.DVR.mp4,F:\Cursos\Ciencia de Datos\Modulo 5\CODIGOS\Proyecto Fotnite\VIDEOS\ORIGINAL\Fortnite 2026.08.08 - 21.23.57.27.Eliminación.DVR.mp4,Eliminacion,1,417,False,True,,train
418,Fortnite 2026.08.08 - 21.24.21.28.Eliminación doble.DVR.mp4,F:\Cursos\Ciencia de Datos\Modulo 5\CODIGOS\Proyecto Fotnite\VIDEOS\ORIGINAL\Fortnite 2026.08.08 - 21.24.21.28.Eliminación doble.DVR.mp4,Eliminacion,1,418,False,True,,validation
419,Fortnite 2026.08.08 - 21.28.30.29.Eliminación.DVR.mp4,F:\Cursos\Ciencia de Datos\Modulo 5\CODIGOS\Proyecto Fotnite\VIDEOS\ORIGINAL\Fortnite 2026.08.08 - 21.28.30.29.Eliminación.DVR.mp4,Eliminacion,1,419,False,True,,test
420,Fortnite 2026.08.08 - 21.29.17.30.Eliminación.DVR.mp4,F:\Cursos\Ciencia de Datos\Modulo 5\CODIGOS\Proyecto Fotnite\VIDEOS\ORIGINAL\Fortnite 2026.08.08 - 21.29.17.30.Eliminación.DVR.mp4,Eliminacion,1,420,False,True,,test
421,Fortnite 2026.08.08 - 21.30.31.31.Eliminación.DVR.mp4,F:\Cursos\Ciencia de Datos\Modulo 5\CODIGOS\Proyecto Fotnite\VIDEOS\ORIGINAL\Fortnite 2026.08.08 - 21.30.31.31.Eliminación.DVR.mp4,Eliminacion,1,421,False,True,,train
422,Fortnite 2026.08.08 - 21.33.28.32.Eliminación.DVR.mp4,F:\Cursos\Ciencia de Datos\Modulo 5\CODIGOS\Proyecto Fotnite\VIDEOS\ORIGINAL\Fortnite 2026.08.08 - 21.33.28.32.Eliminación.DVR.mp4,Eliminacion,1,422,False,True,,train
423,Fortnite 2026.08.08 - 21.37.54.33.Eliminación.DVR.mp4,F:\Cursos\Ciencia de Datos\Modulo 5\CODIGOS\Proyecto Fotnite\VIDEOS\ORIGINAL\Fortnite 2026.08.08 - 21.37.54.33.Eliminación.DVR.mp4,Eliminacion,1,423,False,True,,train
424,Fortnite 2026.08.08 - 21.39.43.34.Eliminado.DVR.mp4,F:\Cursos\Ciencia de Datos\Modulo 5\CODIGOS\Proyecto Fotnite\VIDEOS\ORIGINAL\Fortnite 2026.08.08 - 21.39.43.34.Eliminado.DVR.mp4,Eliminado,0,424,False,True,,train
425,Fortnite 2026.08.08 - 21.53.14.36.Eliminado.DVR.mp4,F:\Cursos\Ciencia de Datos\Modulo 5\CODIGOS\Proyecto Fotnite\VIDEOS\ORIGINAL\Fortnite 2026.08.08 - 21.53.14.36.Eliminado.DVR.mp4,Eliminado,0,425,False,True,,train
426,Fortnite 2026.08.14 - 20.53.21.02.Eliminado.DVR.mp4,F:\Cursos\Ciencia de Datos\Modulo 5\CODIGOS\Proyecto Fotnite\VIDEOS\ORIGINAL\Fortnite 2026.08.14 - 20.53.21.02.Eliminado.DVR.mp4,Eliminado,0,426,False,True,,train
427,Fortnite 2026.08.14 - 20.55.06.03.Eliminación.DVR.mp4,F:\Cursos\Ciencia de Datos\Modulo 5\CODIGOS\Proyecto Fotnite\VIDEOS\ORIGINAL\Fortnite 2026.08.14 - 20.55.06.03.Eliminación.DVR.mp4,Eliminacion,1,427,False,True,,train
428,Fortnite 2026.08.14 - 20.55.35.04.Eliminación.DVR.mp4,F:\Cursos\Ciencia de Datos\Modulo 5\CODIGOS\Proyecto Fotnite\VIDEOS\ORIGINAL\Fortnite 2026.08.14 - 20.55.35.04.Eliminación.DVR.mp4,Eliminacion,1,428,False,True,,validation
429,Fortnite 2026.08.14 - 20.55.58.05.Eliminación.DVR.mp4,F:\Cursos\Ciencia de Datos\Modulo 5\CODIGOS\Proyecto Fotnite\VIDEOS\ORIGINAL\Fortnite 2026.08.14 - 20.55.58.05.Eliminación.DVR.mp4,Eliminacion,1,429,False,True,,train
430,Fortnite 2026.08.14 - 20.56.19.06.Eliminación.DVR.mp4,F:\Cursos\Ciencia de Datos\Modulo 5\CODIGOS\Proyecto Fotnite\VIDEOS\ORIGINAL\Fortnite 2026.08.14 - 20.56.19.06.Eliminación.DVR.mp4,Eliminacion,1,430,False,True,,train
431,Fortnite 2026.08.14 - 20.56.26.07.Eliminación.DVR.mp4,F:\Cursos\Ciencia de Datos\Modulo 5\CODIGOS\Proyecto Fotnite\VIDEOS\ORIGINAL\Fortnite 2026.08.14 - 20.56.26.07.Eliminación.DVR.mp4,Eliminacion,1,430,False,True,,train
432,Fortnite 2026.08.14 - 20.56.41.08.Eliminación.DVR.mp4,F:\Cursos\Ciencia de Datos\Modulo 5\CODIGOS\Proyecto Fotnite\VIDEOS\ORIGINAL\Fortnite 2026.08.14 - 20.56.41.08.Eliminación.DVR.mp4,Eliminacion,1,432,False,True,,train
433,Fortnite 2026.08.14 - 20.57.32.09.Eliminación.DVR.mp4,F:\Cursos\Ciencia de Datos\Modulo 5\CODIGOS\Proyecto Fotnite\VIDEOS\ORIGINAL\Fortnite 2026.08.14 - 20.57.32.09.Eliminación.DVR.mp4,Eliminacion,1,433,False,True,,train
434,Fortnite 2026.08.14 - 20.57.51.10.Eliminación.DVR.mp4,F:\Cursos\Ciencia de Datos\Modulo 5\CODIGOS\Proyecto Fotnite\VIDEOS\ORIGINAL\Fortnite 2026.08.14 - 20.57.51.10.Eliminación.DVR.mp4,Eliminacion,1,434,False,True,,train
435,Fortnite 2026.08.14 - 20.59.16.11.Eliminación.DVR.mp4,F:\Cursos\Ciencia de Datos\Modulo 5\CODIGOS\Proyecto Fotnite\VIDEOS\ORIGINAL\Fortnite 2026.08.14 - 20.59.16.11.Eliminación.DVR.mp4,Eliminacion,1,435,False,True,,train
436,Fortnite 2026.08.14 - 20.59.38.12.Eliminación.DVR.mp4,F:\Cursos\Ciencia de Datos\Modulo 5\CODIGOS\Proyecto Fotnite\VIDEOS\ORIGINAL\Fortnite 2026.08.14 - 20.59.38.12.Eliminación.DVR.mp4,Eliminacion,1,436,False,True,,test
437,Fortnite 2026.08.14 - 21.00.15.13.Eliminación.DVR.mp4,F:\Cursos\Ciencia de Datos\Modulo 5\CODIGOS\Proyecto Fotnite\VIDEOS\ORIGINAL\Fortnite 2026.08.14 - 21.00.15.13.Eliminación.DVR.mp4,Eliminacion,1,437,False,True,,train
438,Fortnite 2026.08.14 - 21.00.51.14.Eliminación.DVR.mp4,F:\Cursos\Ciencia de Datos\Modulo 5\CODIGOS\Proyecto Fotnite\VIDEOS\ORIGINAL\Fortnite 2026.08.14 - 21.00.51.14.Eliminación.DVR.mp4,Eliminacion,1,438,False,True,,test
439,Fortnite 2026.08.14 - 21.01.09.15.Eliminación.DVR.mp4,F:\Cursos\Ciencia de Datos\Modulo 5\CODIGOS\Proyecto Fotnite\VIDEOS\ORIGINAL\Fortnite 2026.08.14 - 21.01.09.15.Eliminación.DVR.mp4,Eliminacion,1,439,False,True,,train
440,Fortnite 2026.08.14 - 21.03.12.16.Eliminación.DVR.mp4,F:\Cursos\Ciencia de Datos\Modulo 5\CODIGOS\Proyecto Fotnite\VIDEOS\ORIGINAL\Fortnite 2026.08.14 - 21.03.12.16.Eliminación.DVR.mp4,Eliminacion,1,440,False,True,,train
441,Fortnite 2026.08.14 - 21.04.06.17.Eliminación.DVR.mp4,F:\Cursos\Ciencia de Datos\Modulo 5\CODIGOS\Proyecto Fotnite\VIDEOS\ORIGINAL\Fortnite 2026.08.14 - 21.04.06.17.Eliminación.DVR.mp4,Eliminacion,1,441,False,True,,test
442,Fortnite 2026.08.14 - 21.05.09.18.Eliminación.DVR.mp4,F:\Cursos\Ciencia de Datos\Modulo 5\CODIGOS\Proyecto Fotnite\VIDEOS\ORIGINAL\Fortnite 2026.08.14 - 21.05.09.18.Eliminación.DVR.mp4,Eliminacion,1,442,False,True,,test
443,Fortnite 2026.08.14 - 21.07.32.19.Eliminación.DVR.mp4,F:\Cursos\Ciencia de Datos\Modulo 5\CODIGOS\Proyecto Fotnite\VIDEOS\ORIGINAL\Fortnite 2026.08.14 - 21.07.32.19.Eliminación.DVR.mp4,Eliminacion,1,443,False,True,,train
444,Fortnite 2026.08.14 - 21.12.27.21.Eliminación.DVR.mp4,F:\Cursos\Ciencia de Datos\Modulo 5\CODIGOS\Proyecto Fotnite\VIDEOS\ORIGINAL\Fortnite 2026.08.14 - 21.12.27.21.Eliminación.DVR.mp4,Eliminacion,1,444,False,True,,validation
445,Fortnite 2026.08.14 - 21.12.33.22.Eliminado.DVR.mp4,F:\Cursos\Ciencia de Datos\Modulo 5\CODIGOS\Proyecto Fotnite\VIDEOS\ORIGINAL\Fortnite 2026.08.14 - 21.12.33.22.Eliminado.DVR.mp4,Eliminado,0,126,False,True,,validation
446,Fortnite 2026.08.14 - 21.15.31.23.Eliminación.DVR.mp4,F:\Cursos\Ciencia de Datos\Modulo 5\CODIGOS\Proyecto Fotnite\VIDEOS\ORIGINAL\Fortnite 2026.08.14 - 21.15.31.23.Eliminación.DVR.mp4,Eliminacion,1,446,False,True,,train
447,Fortnite 2026.08.14 - 21.16.40.24.Eliminación.DVR.mp4,F:\Cursos\Ciencia de Datos\Modulo 5\CODIGOS\Proyecto Fotnite\VIDEOS\ORIGINAL\Fortnite 2026.08.14 - 21.16.40.24.Eliminación.DVR.mp4,Eliminacion,1,447,False,True,,test
448,Fortnite 2026.08.14 - 21.17.55.25.Eliminado.DVR.mp4,F:\Cursos\Ciencia de Datos\Modulo 5\CODIGOS\Proyecto Fotnite\VIDEOS\ORIGINAL\Fortnite 2026.08.14 - 21.17.55.25.Eliminado.DVR.mp4,Eliminado,0,126,False,True,,validation
449,Fortnite 2026.08.14 - 21.19.56.26.Eliminación.DVR.mp4,F:\Cursos\Ciencia de Datos\Modulo 5\CODIGOS\Proyecto Fotnite\VIDEOS\ORIGINAL\Fortnite 2026.08.14 - 21.19.56.26.Eliminación.DVR.mp4,Eliminacion,1,449,False,True,,validation
450,Fortnite 2026.08.14 - 21.20.55.27.Eliminado.DVR.mp4,F:\Cursos\Ciencia de Datos\Modulo 5\CODIGOS\Proyecto Fotnite\VIDEOS\ORIGINAL\Fortnite 2026.08.14 - 21.20.55.27.Eliminado.DVR.mp4,Eliminado,0,426,False,True,,train
451,Fortnite 2026.08.14 - 21.21.25.28.Eliminado.DVR.mp4,F:\Cursos\Ciencia de Datos\Modulo 5\CODIGOS\Proyecto Fotnite\VIDEOS\ORIGINAL\Fortnite 2026.08.14 - 21.21.25.28.Eliminado.DVR.mp4,Eliminado,0,451,False,True,,validation
452,Fortnite 2026.08.14 - 21.25.23.30.Eliminado.DVR.mp4,F:\Cursos\Ciencia de Datos\Modulo 5\CODIGOS\Proyecto Fotnite\VIDEOS\ORIGINAL\Fortnite 2026.08.14 - 21.25.23.30.Eliminado.DVR.mp4,Eliminado,0,426,False,True,,train
453,Fortnite 2026.08.14 - 21.27.30.31.Eliminación.DVR.mp4,F:\Cursos\Ciencia de Datos\Modulo 5\CODIGOS\Proyecto Fotnite\VIDEOS\ORIGINAL\Fortnite 2026.08.14 - 21.27.30.31.Eliminación.DVR.mp4,Eliminacion,1,453,False,True,,train
454,Fortnite 2026.08.14 - 21.28.21.32.Eliminación.DVR.mp4,F:\Cursos\Ciencia de Datos\Modulo 5\CODIGOS\Proyecto Fotnite\VIDEOS\ORIGINAL\Fortnite 2026.08.14 - 21.28.21.32.Eliminación.DVR.mp4,Eliminacion,1,454,False,True,,train
455,Fortnite 2026.08.14 - 21.33.05.33.Eliminación.DVR.mp4,F:\Cursos\Ciencia de Datos\Modulo 5\CODIGOS\Proyecto Fotnite\VIDEOS\ORIGINAL\Fortnite 2026.08.14 - 21.33.05.33.Eliminación.DVR.mp4,Eliminacion,1,455,False,True,,test
456,Fortnite 2026.08.14 - 21.35.00.34.Eliminado.DVR.mp4,F:\Cursos\Ciencia de Datos\Modulo 5\CODIGOS\Proyecto Fotnite\VIDEOS\ORIGINAL\Fortnite 2026.08.14 - 21.35.00.34.Eliminado.DVR.mp4,Eliminado,0,456,False,True,,train
457,Fortnite 2026.08.14 - 21.35.24.35.Eliminado.DVR.mp4,F:\Cursos\Ciencia de Datos\Modulo 5\CODIGOS\Proyecto Fotnite\VIDEOS\ORIGINAL\Fortnite 2026.08.14 - 21.35.24.35.Eliminado.DVR.mp4,Eliminado,0,457,False,True,,train
458,Fortnite 2026.08.14 - 21.36.27.36.Eliminación.DVR.mp4,F:\Cursos\Ciencia de Datos\Modulo 5\CODIGOS\Proyecto Fotnite\VIDEOS\ORIGINAL\Fortnite 2026.08.14 - 21.36.27.36.Eliminación.DVR.mp4,Eliminacion,1,458,False,True,,train
459,Fortnite 2026.08.14 - 21.36.37.37.Eliminado.DVR.mp4,F:\Cursos\Ciencia de Datos\Modulo 5\CODIGOS\Proyecto Fotnite\VIDEOS\ORIGINAL\Fortnite 2026.08.14 - 21.36.37.37.Eliminado.DVR.mp4,Eliminado,0,459,False,True,,train
460,Fortnite 2026.08.14 - 21.39.43.39.Eliminación.DVR.mp4,F:\Cursos\Ciencia de Datos\Modulo 5\CODIGOS\Proyecto Fotnite\VIDEOS\ORIGINAL\Fortnite 2026.08.14 - 21.39.43.39.Eliminación.DVR.mp4,Eliminacion,1,460,False,True,,train
461,Fortnite 2026.08.14 - 21.40.51.40.Eliminación.DVR.mp4,F:\Cursos\Ciencia de Datos\Modulo 5\CODIGOS\Proyecto Fotnite\VIDEOS\ORIGINAL\Fortnite 2026.08.14 - 21.40.51.40.Eliminación.DVR.mp4,Eliminacion,1,461,False,True,,train
462,Fortnite 2026.08.14 - 21.41.58.41.Eliminado.DVR.mp4,F:\Cursos\Ciencia de Datos\Modulo 5\CODIGOS\Proyecto Fotnite\VIDEOS\ORIGINAL\Fortnite 2026.08.14 - 21.41.58.41.Eliminado.DVR.mp4,Eliminado,0,426,False,True,,train
463,Fortnite 2026.08.14 - 21.45.55.42.Eliminado.DVR.mp4,F:\Cursos\Ciencia de Datos\Modulo 5\CODIGOS\Proyecto Fotnite\VIDEOS\ORIGINAL\Fortnite 2026.08.14 - 21.45.55.42.Eliminado.DVR.mp4,Eliminado,0,463,False,True,,train
464,Fortnite 2026.08.14 - 21.46.31.43.Eliminado.DVR.mp4,F:\Cursos\Ciencia de Datos\Modulo 5\CODIGOS\Proyecto Fotnite\VIDEOS\ORIGINAL\Fortnite 2026.08.14 - 21.46.31.43.Eliminado.DVR.mp4,Eliminado,0,464,False,True,,validation
465,Fortnite 2026.08.14 - 21.49.12.45.Eliminado.DVR.mp4,F:\Cursos\Ciencia de Datos\Modulo 5\CODIGOS\Proyecto Fotnite\VIDEOS\ORIGINAL\Fortnite 2026.08.14 - 21.49.12.45.Eliminado.DVR.mp4,Eliminado,0,465,False,True,,train
466,Fortnite 2026.08.14 - 21.50.15.46.Eliminación.DVR.mp4,F:\Cursos\Ciencia de Datos\Modulo 5\CODIGOS\Proyecto Fotnite\VIDEOS\ORIGINAL\Fortnite 2026.08.14 - 21.50.15.46.Eliminación.DVR.mp4,Eliminacion,1,466,False,True,,train
467,Fortnite 2026.08.14 - 21.51.04.47.Eliminación doble.DVR.mp4,F:\Cursos\Ciencia de Datos\Modulo 5\CODIGOS\Proyecto Fotnite\VIDEOS\ORIGINAL\Fortnite 2026.08.14 - 21.51.04.47.Eliminación doble.DVR.mp4,Eliminacion,1,467,False,True,,train
468,Fortnite 2026.08.14 - 21.51.11.48.Eliminación.DVR.mp4,F:\Cursos\Ciencia de Datos\Modulo 5\CODIGOS\Proyecto Fotnite\VIDEOS\ORIGINAL\Fortnite 2026.08.14 - 21.51.11.48.Eliminación.DVR.mp4,Eliminacion,1,468,False,True,,train
469,Fortnite 2026.08.14 - 21.52.14.49.Eliminación.DVR.mp4,F:\Cursos\Ciencia de Datos\Modulo 5\CODIGOS\Proyecto Fotnite\VIDEOS\ORIGINAL\Fortnite 2026.08.14 - 21.52.14.49.Eliminación.DVR.mp4,Eliminacion,1,469,False,True,,test
470,Fortnite 2026.08.14 - 21.52.21.50.Eliminación.DVR.mp4,F:\Cursos\Ciencia de Datos\Modulo 5\CODIGOS\Proyecto Fotnite\VIDEOS\ORIGINAL\Fortnite 2026.08.14 - 21.52.21.50.Eliminación.DVR.mp4,Eliminacion,1,470,False,True,,validation
471,Fortnite 2026.08.14 - 21.52.49.51.Eliminación.DVR.mp4,F:\Cursos\Ciencia de Datos\Modulo 5\CODIGOS\Proyecto Fotnite\VIDEOS\ORIGINAL\Fortnite 2026.08.14 - 21.52.49.51.Eliminación.DVR.mp4,Eliminacion,1,471,False,True,,train
472,Fortnite 2026.08.14 - 21.54.05.52.Eliminación.DVR.mp4,F:\Cursos\Ciencia de Datos\Modulo 5\CODIGOS\Proyecto Fotnite\VIDEOS\ORIGINAL\Fortnite 2026.08.14 - 21.54.05.52.Eliminación.DVR.mp4,Eliminacion,1,472,False,True,,train
473,Fortnite 2026.08.14 - 21.55.12.53.Eliminación.DVR.mp4,F:\Cursos\Ciencia de Datos\Modulo 5\CODIGOS\Proyecto Fotnite\VIDEOS\ORIGINAL\Fortnite 2026.08.14 - 21.55.12.53.Eliminación.DVR.mp4,Eliminacion,1,473,False,True,,train
474,Fortnite 2026.08.14 - 21.57.01.54.Eliminado.DVR.mp4,F:\Cursos\Ciencia de Datos\Modulo 5\CODIGOS\Proyecto Fotnite\VIDEOS\ORIGINAL\Fortnite 2026.08.14 - 21.57.01.54.Eliminado.DVR.mp4,Eliminado,0,126,False,True,,validation
475,Fortnite 2026.08.14 - 21.58.05.55.Eliminación.DVR.mp4,F:\Cursos\Ciencia de Datos\Modulo 5\CODIGOS\Proyecto Fotnite\VIDEOS\ORIGINAL\Fortnite 2026.08.14 - 21.58.05.55.Eliminación.DVR.mp4,Eliminacion,1,475,False,True,,train
476,Fortnite 2026.08.14 - 22.01.41.56.Eliminación.DVR.mp4,F:\Cursos\Ciencia de Datos\Modulo 5\CODIGOS\Proyecto Fotnite\VIDEOS\ORIGINAL\Fortnite 2026.08.14 - 22.01.41.56.Eliminación.DVR.mp4,Eliminacion,1,476,False,True,,train
477,Fortnite 2026.08.14 - 22.03.14.57.Eliminado.DVR.mp4,F:\Cursos\Ciencia de Datos\Modulo 5\CODIGOS\Proyecto Fotnite\VIDEOS\ORIGINAL\Fortnite 2026.08.14 - 22.03.14.57.Eliminado.DVR.mp4,Eliminado,0,477,False,True,,train
478,Fortnite 2026.08.14 - 22.05.45.59.Eliminado.DVR.mp4,F:\Cursos\Ciencia de Datos\Modulo 5\CODIGOS\Proyecto Fotnite\VIDEOS\ORIGINAL\Fortnite 2026.08.14 - 22.05.45.59.Eliminado.DVR.mp4,Eliminado,0,426,False,True,,train
479,Fortnite 2026.08.14 - 22.07.01.60.Eliminado.DVR.mp4,F:\Cursos\Ciencia de Datos\Modulo 5\CODIGOS\Proyecto Fotnite\VIDEOS\ORIGINAL\Fortnite 2026.08.14 - 22.07.01.60.Eliminado.DVR.mp4,Eliminado,0,426,False,True,,train
480,Fortnite 2026.08.14 - 22.11.13.61.Eliminación.DVR.mp4,F:\Cursos\Ciencia de Datos\Modulo 5\CODIGOS\Proyecto Fotnite\VIDEOS\ORIGINAL\Fortnite 2026.08.14 - 22.11.13.61.Eliminación.DVR.mp4,Eliminacion,1,480,False,True,,train
481,Fortnite 2026.08.14 - 22.11.39.62.Eliminación.DVR.mp4,F:\Cursos\Ciencia de Datos\Modulo 5\CODIGOS\Proyecto Fotnite\VIDEOS\ORIGINAL\Fortnite 2026.08.14 - 22.11.39.62.Eliminación.DVR.mp4,Eliminacion,1,481,False,True,,train
482,Fortnite 2026.08.14 - 22.12.12.63.Eliminado.DVR.mp4,F:\Cursos\Ciencia de Datos\Modulo 5\CODIGOS\Proyecto Fotnite\VIDEOS\ORIGINAL\Fortnite 2026.08.14 - 22.12.12.63.Eliminado.DVR.mp4,Eliminado,0,482,False,True,,validation
483,Fortnite 2026.08.14 - 22.15.57.64.Eliminación.DVR.mp4,F:\Cursos\Ciencia de Datos\Modulo 5\CODIGOS\Proyecto Fotnite\VIDEOS\ORIGINAL\Fortnite 2026.08.14 - 22.15.57.64.Eliminación.DVR.mp4,Eliminacion,1,483,False,True,,train
484,Fortnite 2026.08.14 - 22.16.16.65.Eliminación.DVR.mp4,F:\Cursos\Ciencia de Datos\Modulo 5\CODIGOS\Proyecto Fotnite\VIDEOS\ORIGINAL\Fortnite 2026.08.14 - 22.16.16.65.Eliminación.DVR.mp4,Eliminacion,1,484,False,True,,validation
485,Fortnite 2026.08.14 - 22.16.52.66.Eliminación.DVR.mp4,F:\Cursos\Ciencia de Datos\Modulo 5\CODIGOS\Proyecto Fotnite\VIDEOS\ORIGINAL\Fortnite 2026.08.14 - 22.16.52.66.Eliminación.DVR.mp4,Eliminacion,1,485,False,True,,train
486,Fortnite 2026.08.14 - 22.17.16.67.Eliminado.DVR.mp4,F:\Cursos\Ciencia de Datos\Modulo 5\CODIGOS\Proyecto Fotnite\VIDEOS\ORIGINAL\Fortnite 2026.08.14 - 22.17.16.67.Eliminado.DVR.mp4,Eliminado,0,486,False,True,,test
487,Fortnite 2026.08.14 - 22.20.07.68.Eliminado.DVR.mp4,F:\Cursos\Ciencia de Datos\Modulo 5\CODIGOS\Proyecto Fotnite\VIDEOS\ORIGINAL\Fortnite 2026.08.14 - 22.20.07.68.Eliminado.DVR.mp4,Eliminado,0,487,False,True,,train
488,Fortnite 2026.08.15 - 20.03.44.02.Eliminación.DVR.mp4,F:\Cursos\Ciencia de Datos\Modulo 5\CODIGOS\Proyecto Fotnite\VIDEOS\ORIGINAL\Fortnite 2026.08.15 - 20.03.44.02.Eliminación.DVR.mp4,Eliminacion,1,488,False,True,,train
489,Fortnite 2026.08.15 - 20.06.15.03.Eliminación.DVR.mp4,F:\Cursos\Ciencia de Datos\Modulo 5\CODIGOS\Proyecto Fotnite\VIDEOS\ORIGINAL\Fortnite 2026.08.15 - 20.06.15.03.Eliminación.DVR.mp4,Eliminacion,1,489,False,True,,validation
490,Fortnite 2026.08.15 - 20.06.48.04.Eliminación.DVR.mp4,F:\Cursos\Ciencia de Datos\Modulo 5\CODIGOS\Proyecto Fotnite\VIDEOS\ORIGINAL\Fortnite 2026.08.15 - 20.06.48.04.Eliminación.DVR.mp4,Eliminacion,1,490,False,True,,train
491,Fortnite 2026.08.15 - 20.07.07.05.Eliminación.DVR.mp4,F:\Cursos\Ciencia de Datos\Modulo 5\CODIGOS\Proyecto Fotnite\VIDEOS\ORIGINAL\Fortnite 2026.08.15 - 20.07.07.05.Eliminación.DVR.mp4,Eliminacion,1,491,False,True,,validation
492,Fortnite 2026.08.15 - 20.07.23.06.Eliminación doble.DVR.mp4,F:\Cursos\Ciencia de Datos\Modulo 5\CODIGOS\Proyecto Fotnite\VIDEOS\ORIGINAL\Fortnite 2026.08.15 - 20.07.23.06.Eliminación doble.DVR.mp4,Eliminacion,1,492,False,True,,train
493,Fortnite 2026.08.15 - 20.07.52.07.Eliminación.DVR.mp4,F:\Cursos\Ciencia de Datos\Modulo 5\CODIGOS\Proyecto Fotnite\VIDEOS\ORIGINAL\Fortnite 2026.08.15 - 20.07.52.07.Eliminación.DVR.mp4,Eliminacion,1,493,False,True,,train
494,Fortnite 2026.08.15 - 20.08.02.08.Eliminación.DVR.mp4,F:\Cursos\Ciencia de Datos\Modulo 5\CODIGOS\Proyecto Fotnite\VIDEOS\ORIGINAL\Fortnite 2026.08.15 - 20.08.02.08.Eliminación.DVR.mp4,Eliminacion,1,494,False,True,,test
495,Fortnite 2026.08.15 - 20.08.44.09.Eliminación.DVR.mp4,F:\Cursos\Ciencia de Datos\Modulo 5\CODIGOS\Proyecto Fotnite\VIDEOS\ORIGINAL\Fortnite 2026.08.15 - 20.08.44.09.Eliminación.DVR.mp4,Eliminacion,1,495,False,True,,train
496,Fortnite 2026.08.15 - 20.11.00.10.Eliminación.DVR.mp4,F:\Cursos\Ciencia de Datos\Modulo 5\CODIGOS\Proyecto Fotnite\VIDEOS\ORIGINAL\Fortnite 2026.08.15 - 20.11.00.10.Eliminación.DVR.mp4,Eliminacion,1,496,False,True,,validation
497,Fortnite 2026.08.15 - 20.16.03.11.Eliminación.DVR.mp4,F:\Cursos\Ciencia de Datos\Modulo 5\CODIGOS\Proyecto Fotnite\VIDEOS\ORIGINAL\Fortnite 2026.08.15 - 20.16.03.11.Eliminación.DVR.mp4,Eliminacion,1,497,False,True,,test
498,Fortnite 2026.08.15 - 20.16.09.12.Eliminado.DVR.mp4,F:\Cursos\Ciencia de Datos\Modulo 5\CODIGOS\Proyecto Fotnite\VIDEOS\ORIGINAL\Fortnite 2026.08.15 - 20.16.09.12.Eliminado.DVR.mp4,Eliminado,0,497,False,True,,test
499,Fortnite 2026.08.15 - 20.19.54.14.Eliminación.DVR.mp4,F:\Cursos\Ciencia de Datos\Modulo 5\CODIGOS\Proyecto Fotnite\VIDEOS\ORIGINAL\Fortnite 2026.08.15 - 20.19.54.14.Eliminación.DVR.mp4,Eliminacion,1,499,False,True,,train
500,Fortnite 2026.08.15 - 20.21.24.15.Eliminación.DVR.mp4,F:\Cursos\Ciencia de Datos\Modulo 5\CODIGOS\Proyecto Fotnite\VIDEOS\ORIGINAL\Fortnite 2026.08.15 - 20.21.24.15.Eliminación.DVR.mp4,Eliminacion,1,500,False,True,,train
501,Fortnite 2026.08.15 - 20.21.33.16.Eliminación.DVR.mp4,F:\Cursos\Ciencia de Datos\Modulo 5\CODIGOS\Proyecto Fotnite\VIDEOS\ORIGINAL\Fortnite 2026.08.15 - 20.21.33.16.Eliminación.DVR.mp4,Eliminacion,1,501,False,True,,train
502,Fortnite 2026.08.15 - 20.22.03.17.Eliminación.DVR.mp4,F:\Cursos\Ciencia de Datos\Modulo 5\CODIGOS\Proyecto Fotnite\VIDEOS\ORIGINAL\Fortnite 2026.08.15 - 20.22.03.17.Eliminación.DVR.mp4,Eliminacion,1,502,False,True,,train
503,Fortnite 2026.08.15 - 20.23.15.18.Eliminación.DVR.mp4,F:\Cursos\Ciencia de Datos\Modulo 5\CODIGOS\Proyecto Fotnite\VIDEOS\ORIGINAL\Fortnite 2026.08.15 - 20.23.15.18.Eliminación.DVR.mp4,Eliminacion,1,503,False,True,,validation
504,Fortnite 2026.08.15 - 20.23.50.19.Eliminación doble.DVR.mp4,F:\Cursos\Ciencia de Datos\Modulo 5\CODIGOS\Proyecto Fotnite\VIDEOS\ORIGINAL\Fortnite 2026.08.15 - 20.23.50.19.Eliminación doble.DVR.mp4,Eliminacion,1,504,False,True,,test
505,Fortnite 2026.08.15 - 20.24.43.20.Eliminación.DVR.mp4,F:\Cursos\Ciencia de Datos\Modulo 5\CODIGOS\Proyecto Fotnite\VIDEOS\ORIGINAL\Fortnite 2026.08.15 - 20.24.43.20.Eliminación.DVR.mp4,Eliminacion,1,505,False,True,,validation
506,Fortnite 2026.08.15 - 20.25.38.21.Eliminación.DVR.mp4,F:\Cursos\Ciencia de Datos\Modulo 5\CODIGOS\Proyecto Fotnite\VIDEOS\ORIGINAL\Fortnite 2026.08.15 - 20.25.38.21.Eliminación.DVR.mp4,Eliminacion,1,506,False,True,,train
507,Fortnite 2026.08.15 - 20.27.42.22.Eliminación.DVR.mp4,F:\Cursos\Ciencia de Datos\Modulo 5\CODIGOS\Proyecto Fotnite\VIDEOS\ORIGINAL\Fortnite 2026.08.15 - 20.27.42.22.Eliminación.DVR.mp4,Eliminacion,1,507,False,True,,train
508,Fortnite 2026.08.15 - 20.29.23.23.Eliminación.DVR.mp4,F:\Cursos\Ciencia de Datos\Modulo 5\CODIGOS\Proyecto Fotnite\VIDEOS\ORIGINAL\Fortnite 2026.08.15 - 20.29.23.23.Eliminación.DVR.mp4,Eliminacion,1,508,False,True,,train
509,Fortnite 2026.08.15 - 20.29.48.24.Eliminado.DVR.mp4,F:\Cursos\Ciencia de Datos\Modulo 5\CODIGOS\Proyecto Fotnite\VIDEOS\ORIGINAL\Fortnite 2026.08.15 - 20.29.48.24.Eliminado.DVR.mp4,Eliminado,0,509,False,True,,train
510,Fortnite 2026.08.15 - 20.30.27.25.Eliminado.DVR.mp4,F:\Cursos\Ciencia de Datos\Modulo 5\CODIGOS\Proyecto Fotnite\VIDEOS\ORIGINAL\Fortnite 2026.08.15 - 20.30.27.25.Eliminado.DVR.mp4,Eliminado,0,510,False,True,,train
511,Fortnite 2026.08.15 - 20.33.23.26.Eliminado.DVR.mp4,F:\Cursos\Ciencia de Datos\Modulo 5\CODIGOS\Proyecto Fotnite\VIDEOS\ORIGINAL\Fortnite 2026.08.15 - 20.33.23.26.Eliminado.DVR.mp4,Eliminado,0,511,False,True,,train
512,Fortnite 2026.08.15 - 20.38.47.28.Eliminación.DVR.mp4,F:\Cursos\Ciencia de Datos\Modulo 5\CODIGOS\Proyecto Fotnite\VIDEOS\ORIGINAL\Fortnite 2026.08.15 - 20.38.47.28.Eliminación.DVR.mp4,Eliminacion,1,512,False,True,,train
513,Fortnite 2026.08.15 - 20.38.58.29.Eliminación.DVR.mp4,F:\Cursos\Ciencia de Datos\Modulo 5\CODIGOS\Proyecto Fotnite\VIDEOS\ORIGINAL\Fortnite 2026.08.15 - 20.38.58.29.Eliminación.DVR.mp4,Eliminacion,1,513,False,True,,test
514,Fortnite 2026.08.15 - 20.39.15.30.Eliminado.DVR.mp4,F:\Cursos\Ciencia de Datos\Modulo 5\CODIGOS\Proyecto Fotnite\VIDEOS\ORIGINAL\Fortnite 2026.08.15 - 20.39.15.30.Eliminado.DVR.mp4,Eliminado,0,514,False,True,,test
515,Fortnite 2026.08.15 - 20.43.04.31.Eliminación.DVR.mp4,F:\Cursos\Ciencia de Datos\Modulo 5\CODIGOS\Proyecto Fotnite\VIDEOS\ORIGINAL\Fortnite 2026.08.15 - 20.43.04.31.Eliminación.DVR.mp4,Eliminacion,1,515,False,True,,validation
516,Fortnite 2026.08.15 - 20.44.57.32.Eliminado.DVR.mp4,F:\Cursos\Ciencia de Datos\Modulo 5\CODIGOS\Proyecto Fotnite\VIDEOS\ORIGINAL\Fortnite 2026.08.15 - 20.44.57.32.Eliminado.DVR.mp4,Eliminado,0,514,False,True,,test
517,Fortnite 2026.08.15 - 20.48.21.33.Eliminado.DVR.mp4,F:\Cursos\Ciencia de Datos\Modulo 5\CODIGOS\Proyecto Fotnite\VIDEOS\ORIGINAL\Fortnite 2026.08.15 - 20.48.21.33.Eliminado.DVR.mp4,Eliminado,0,517,False,True,,train
518,Fortnite 2026.08.15 - 20.50.06.34.Eliminado.DVR.mp4,F:\Cursos\Ciencia de Datos\Modulo 5\CODIGOS\Proyecto Fotnite\VIDEOS\ORIGINAL\Fortnite 2026.08.15 - 20.50.06.34.Eliminado.DVR.mp4,Eliminado,0,451,False,True,,validation
519,Fortnite 2026.09.05 - 18.32.05.02.Eliminación.DVR.mp4,F:\Cursos\Ciencia de Datos\Modulo 5\CODIGOS\Proyecto Fotnite\VIDEOS\ORIGINAL\Fortnite 2026.09.05 - 18.32.05.02.Eliminación.DVR.mp4,Eliminacion,1,519,False,True,,train
520,Fortnite 2026.09.05 - 18.34.16.03.Eliminación.DVR.mp4,F:\Cursos\Ciencia de Datos\Modulo 5\CODIGOS\Proyecto Fotnite\VIDEOS\ORIGINAL\Fortnite 2026.09.05 - 18.34.16.03.Eliminación.DVR.mp4,Eliminacion,1,520,False,True,,test
521,Fortnite 2026.09.05 - 18.34.39.04.Eliminación doble.DVR.mp4,F:\Cursos\Ciencia de Datos\Modulo 5\CODIGOS\Proyecto Fotnite\VIDEOS\ORIGINAL\Fortnite 2026.09.05 - 18.34.39.04.Eliminación doble.DVR.mp4,Eliminacion,1,521,False,True,,train
522,Fortnite 2026.09.05 - 18.36.41.05.Eliminación.DVR.mp4,F:\Cursos\Ciencia de Datos\Modulo 5\CODIGOS\Proyecto Fotnite\VIDEOS\ORIGINAL\Fortnite 2026.09.05 - 18.36.41.05.Eliminación.DVR.mp4,Eliminacion,1,522,False,True,,train
523,Fortnite 2026.09.05 - 18.36.53.06.Eliminación.DVR.mp4,F:\Cursos\Ciencia de Datos\Modulo 5\CODIGOS\Proyecto Fotnite\VIDEOS\ORIGINAL\Fortnite 2026.09.05 - 18.36.53.06.Eliminación.DVR.mp4,Eliminacion,1,523,False,True,,test
524,Fortnite 2026.09.05 - 18.43.44.07.Eliminación.DVR.mp4,F:\Cursos\Ciencia de Datos\Modulo 5\CODIGOS\Proyecto Fotnite\VIDEOS\ORIGINAL\Fortnite 2026.09.05 - 18.43.44.07.Eliminación.DVR.mp4,Eliminacion,1,524,False,True,,train
525,Fortnite 2026.09.05 - 18.44.05.08.Eliminación.DVR.mp4,F:\Cursos\Ciencia de Datos\Modulo 5\CODIGOS\Proyecto Fotnite\VIDEOS\ORIGINAL\Fortnite 2026.09.05 - 18.44.05.08.Eliminación.DVR.mp4,Eliminacion,1,525,False,True,,train
526,Fortnite 2026.09.05 - 18.44.18.09.Eliminación.DVR.mp4,F:\Cursos\Ciencia de Datos\Modulo 5\CODIGOS\Proyecto Fotnite\VIDEOS\ORIGINAL\Fortnite 2026.09.05 - 18.44.18.09.Eliminación.DVR.mp4,Eliminacion,1,526,False,True,,test
527,Fortnite 2026.09.05 - 18.45.33.10.Victoria.DVR.mp4,F:\Cursos\Ciencia de Datos\Modulo 5\CODIGOS\Proyecto Fotnite\VIDEOS\ORIGINAL\Fortnite 2026.09.05 - 18.45.33.10.Victoria.DVR.mp4,Victoria,2,527,False,True,,train
528,Fortnite 2026.09.05 - 18.48.30.12.Eliminación.DVR.mp4,F:\Cursos\Ciencia de Datos\Modulo 5\CODIGOS\Proyecto Fotnite\VIDEOS\ORIGINAL\Fortnite 2026.09.05 - 18.48.30.12.Eliminación.DVR.mp4,Eliminacion,1,528,False,True,,train
529,Fortnite 2026.09.05 - 18.49.17.13.Eliminación.DVR.mp4,F:\Cursos\Ciencia de Datos\Modulo 5\CODIGOS\Proyecto Fotnite\VIDEOS\ORIGINAL\Fortnite 2026.09.05 - 18.49.17.13.Eliminación.DVR.mp4,Eliminacion,1,529,False,True,,test
530,Fortnite 2026.09.05 - 18.49.40.14.Eliminación.DVR.mp4,F:\Cursos\Ciencia de Datos\Modulo 5\CODIGOS\Proyecto Fotnite\VIDEOS\ORIGINAL\Fortnite 2026.09.05 - 18.49.40.14.Eliminación.DVR.mp4,Eliminacion,1,530,False,True,,train
531,Fortnite 2026.09.05 - 18.50.00.15.Eliminación.DVR.mp4,F:\Cursos\Ciencia de Datos\Modulo 5\CODIGOS\Proyecto Fotnite\VIDEOS\ORIGINAL\Fortnite 2026.09.05 - 18.50.00.15.Eliminación.DVR.mp4,Eliminacion,1,531,False,True,,train
532,Fortnite 2026.09.05 - 18.50.34.16.Eliminación.DVR.mp4,F:\Cursos\Ciencia de Datos\Modulo 5\CODIGOS\Proyecto Fotnite\VIDEOS\ORIGINAL\Fortnite 2026.09.05 - 18.50.34.16.Eliminación.DVR.mp4,Eliminacion,1,532,False,True,,train
533,Fortnite 2026.09.05 - 18.51.03.17.Eliminación.DVR.mp4,F:\Cursos\Ciencia de Datos\Modulo 5\CODIGOS\Proyecto Fotnite\VIDEOS\ORIGINAL\Fortnite 2026.09.05 - 18.51.03.17.Eliminación.DVR.mp4,Eliminacion,1,533,False,True,,validation
534,Fortnite 2026.09.05 - 18.51.09.18.Eliminación.DVR.mp4,F:\Cursos\Ciencia de Datos\Modulo 5\CODIGOS\Proyecto Fotnite\VIDEOS\ORIGINAL\Fortnite 2026.09.05 - 18.51.09.18.Eliminación.DVR.mp4,Eliminacion,1,533,False,True,,validation
535,Fortnite 2026.09.05 - 18.51.50.19.Eliminación.DVR.mp4,F:\Cursos\Ciencia de Datos\Modulo 5\CODIGOS\Proyecto Fotnite\VIDEOS\ORIGINAL\Fortnite 2026.09.05 - 18.51.50.19.Eliminación.DVR.mp4,Eliminacion,1,535,False,True,,train
536,Fortnite 2026.09.05 - 18.52.17.20.Eliminación doble.DVR.mp4,F:\Cursos\Ciencia de Datos\Modulo 5\CODIGOS\Proyecto Fotnite\VIDEOS\ORIGINAL\Fortnite 2026.09.05 - 18.52.17.20.Eliminación doble.DVR.mp4,Eliminacion,1,536,False,True,,train
537,Fortnite 2026.09.05 - 18.54.08.21.Eliminación.DVR.mp4,F:\Cursos\Ciencia de Datos\Modulo 5\CODIGOS\Proyecto Fotnite\VIDEOS\ORIGINAL\Fortnite 2026.09.05 - 18.54.08.21.Eliminación.DVR.mp4,Eliminacion,1,537,False,True,,train
538,Fortnite 2026.09.05 - 18.55.28.22.Eliminación.DVR.mp4,F:\Cursos\Ciencia de Datos\Modulo 5\CODIGOS\Proyecto Fotnite\VIDEOS\ORIGINAL\Fortnite 2026.09.05 - 18.55.28.22.Eliminación.DVR.mp4,Eliminacion,1,538,False,True,,test
539,Fortnite 2026.09.05 - 18.57.16.23.Eliminación.DVR.mp4,F:\Cursos\Ciencia de Datos\Modulo 5\CODIGOS\Proyecto Fotnite\VIDEOS\ORIGINAL\Fortnite 2026.09.05 - 18.57.16.23.Eliminación.DVR.mp4,Eliminacion,1,539,False,True,,train
540,Fortnite 2026.09.05 - 18.57.59.24.Eliminación.DVR.mp4,F:\Cursos\Ciencia de Datos\Modulo 5\CODIGOS\Proyecto Fotnite\VIDEOS\ORIGINAL\Fortnite 2026.09.05 - 18.57.59.24.Eliminación.DVR.mp4,Eliminacion,1,540,False,True,,train
541,Fortnite 2026.09.05 - 18.58.12.25.Eliminación.DVR.mp4,F:\Cursos\Ciencia de Datos\Modulo 5\CODIGOS\Proyecto Fotnite\VIDEOS\ORIGINAL\Fortnite 2026.09.05 - 18.58.12.25.Eliminación.DVR.mp4,Eliminacion,1,541,False,True,,train
542,Fortnite 2026.09.05 - 19.02.12.26.Victoria.DVR.mp4,F:\Cursos\Ciencia de Datos\Modulo 5\CODIGOS\Proyecto Fotnite\VIDEOS\ORIGINAL\Fortnite 2026.09.05 - 19.02.12.26.Victoria.DVR.mp4,Victoria,2,542,False,True,,validation
543,Fortnite 2026.09.05 - 19.07.59.28.Eliminación.DVR.mp4,F:\Cursos\Ciencia de Datos\Modulo 5\CODIGOS\Proyecto Fotnite\VIDEOS\ORIGINAL\Fortnite 2026.09.05 - 19.07.59.28.Eliminación.DVR.mp4,Eliminacion,1,543,False,True,,train
544,Fortnite 2026.09.05 - 19.10.44.29.Eliminación.DVR.mp4,F:\Cursos\Ciencia de Datos\Modulo 5\CODIGOS\Proyecto Fotnite\VIDEOS\ORIGINAL\Fortnite 2026.09.05 - 19.10.44.29.Eliminación.DVR.mp4,Eliminacion,1,544,False,True,,validation
545,Fortnite 2026.09.05 - 19.20.10.30.Eliminación.DVR.mp4,F:\Cursos\Ciencia de Datos\Modulo 5\CODIGOS\Proyecto Fotnite\VIDEOS\ORIGINAL\Fortnite 2026.09.05 - 19.20.10.30.Eliminación.DVR.mp4,Eliminacion,1,545,False,True,,validation
546,Fortnite 2026.09.05 - 19.20.16.31.Victoria.DVR.mp4,F:\Cursos\Ciencia de Datos\Modulo 5\CODIGOS\Proyecto Fotnite\VIDEOS\ORIGINAL\Fortnite 2026.09.05 - 19.20.16.31.Victoria.DVR.mp4,Victoria,2,546,False,True,,train
547,Fortnite 2026.09.05 - 19.25.51.33.Eliminación.DVR.mp4,F:\Cursos\Ciencia de Datos\Modulo 5\CODIGOS\Proyecto Fotnite\VIDEOS\ORIGINAL\Fortnite 2026.09.05 - 19.25.51.33.Eliminación.DVR.mp4,Eliminacion,1,547,False,True,,train
548,Fortnite 2026.09.05 - 19.26.59.34.Eliminación.DVR.mp4,F:\Cursos\Ciencia de Datos\Modulo 5\CODIGOS\Proyecto Fotnite\VIDEOS\ORIGINAL\Fortnite 2026.09.05 - 19.26.59.34.Eliminación.DVR.mp4,Eliminacion,1,548,False,True,,validation
549,Fortnite 2026.09.05 - 19.38.23.35.Eliminado.DVR.mp4,F:\Cursos\Ciencia de Datos\Modulo 5\CODIGOS\Proyecto Fotnite\VIDEOS\ORIGINAL\Fortnite 2026.09.05 - 19.38.23.35.Eliminado.DVR.mp4,Eliminado,0,451,False,True,,validation
550,Fortnite 2026.09.05 - 19.43.19.37.Eliminación.DVR.mp4,F:\Cursos\Ciencia de Datos\Modulo 5\CODIGOS\Proyecto Fotnite\VIDEOS\ORIGINAL\Fortnite 2026.09.05 - 19.43.19.37.Eliminación.DVR.mp4,Eliminacion,1,550,False,True,,validation
551,Fortnite 2026.09.05 - 19.43.25.38.Eliminación.DVR.mp4,F:\Cursos\Ciencia de Datos\Modulo 5\CODIGOS\Proyecto Fotnite\VIDEOS\ORIGINAL\Fortnite 2026.09.05 - 19.43.25.38.Eliminación.DVR.mp4,Eliminacion,1,550,False,True,,validation
552,Fortnite 2026.09.05 - 19.43.53.39.Eliminación.DVR.mp4,F:\Cursos\Ciencia de Datos\Modulo 5\CODIGOS\Proyecto Fotnite\VIDEOS\ORIGINAL\Fortnite 2026.09.05 - 19.43.53.39.Eliminación.DVR.mp4,Eliminacion,1,552,False,True,,train
553,Fortnite 2026.09.05 - 19.44.15.40.Eliminado.DVR.mp4,F:\Cursos\Ciencia de Datos\Modulo 5\CODIGOS\Proyecto Fotnite\VIDEOS\ORIGINAL\Fortnite 2026.09.05 - 19.44.15.40.Eliminado.DVR.mp4,Eliminado,0,465,False,True,,train
554,Fortnite 2026.09.05 - 19.45.18.41.Eliminación.DVR.mp4,F:\Cursos\Ciencia de Datos\Modulo 5\CODIGOS\Proyecto Fotnite\VIDEOS\ORIGINAL\Fortnite 2026.09.05 - 19.45.18.41.Eliminación.DVR.mp4,Eliminacion,1,554,False,True,,train
555,Fortnite 2026.09.05 - 19.45.25.42.Eliminación.DVR.mp4,F:\Cursos\Ciencia de Datos\Modulo 5\CODIGOS\Proyecto Fotnite\VIDEOS\ORIGINAL\Fortnite 2026.09.05 - 19.45.25.42.Eliminación.DVR.mp4,Eliminacion,1,555,False,True,,train
556,Fortnite 2026.09.05 - 19.46.07.43.Eliminación.DVR.mp4,F:\Cursos\Ciencia de Datos\Modulo 5\CODIGOS\Proyecto Fotnite\VIDEOS\ORIGINAL\Fortnite 2026.09.05 - 19.46.07.43.Eliminación.DVR.mp4,Eliminacion,1,556,False,True,,train
557,Fortnite 2026.09.05 - 19.46.15.44.Eliminación.DVR.mp4,F:\Cursos\Ciencia de Datos\Modulo 5\CODIGOS\Proyecto Fotnite\VIDEOS\ORIGINAL\Fortnite 2026.09.05 - 19.46.15.44.Eliminación.DVR.mp4,Eliminacion,1,557,False,True,,validation
558,Fortnite 2026.09.05 - 19.48.58.45.Eliminación.DVR.mp4,F:\Cursos\Ciencia de Datos\Modulo 5\CODIGOS\Proyecto Fotnite\VIDEOS\ORIGINAL\Fortnite 2026.09.05 - 19.48.58.45.Eliminación.DVR.mp4,Eliminacion,1,558,False,True,,train
559,Fortnite 2026.09.05 - 19.49.21.46.Eliminación.DVR.mp4,F:\Cursos\Ciencia de Datos\Modulo 5\CODIGOS\Proyecto Fotnite\VIDEOS\ORIGINAL\Fortnite 2026.09.05 - 19.49.21.46.Eliminación.DVR.mp4,Eliminacion,1,559,False,True,,train
560,Fortnite 2026.09.05 - 19.50.31.47.Eliminación.DVR.mp4,F:\Cursos\Ciencia de Datos\Modulo 5\CODIGOS\Proyecto Fotnite\VIDEOS\ORIGINAL\Fortnite 2026.09.05 - 19.50.31.47.Eliminación.DVR.mp4,Eliminacion,1,560,False,True,,test
561,Fortnite 2026.09.05 - 19.55.30.48.Victoria.DVR.mp4,F:\Cursos\Ciencia de Datos\Modulo 5\CODIGOS\Proyecto Fotnite\VIDEOS\ORIGINAL\Fortnite 2026.09.05 - 19.55.30.48.Victoria.DVR.mp4,Victoria,2,561,False,True,,train
562,Fortnite 2026.09.05 - 20.16.06.50.Eliminado.DVR.mp4,F:\Cursos\Ciencia de Datos\Modulo 5\CODIGOS\Proyecto Fotnite\VIDEOS\ORIGINAL\Fortnite 2026.09.05 - 20.16.06.50.Eliminado.DVR.mp4,Eliminado,0,126,False,True,,validation
563,Fortnite 2026.09.05 - 20.16.46.51.Eliminado.DVR.mp4,F:\Cursos\Ciencia de Datos\Modulo 5\CODIGOS\Proyecto Fotnite\VIDEOS\ORIGINAL\Fortnite 2026.09.05 - 20.16.46.51.Eliminado.DVR.mp4,Eliminado,0,563,False,True,,validation
564,Fortnite 2026.09.05 - 20.19.21.52.Eliminación.DVR.mp4,F:\Cursos\Ciencia de Datos\Modulo 5\CODIGOS\Proyecto Fotnite\VIDEOS\ORIGINAL\Fortnite 2026.09.05 - 20.19.21.52.Eliminación.DVR.mp4,Eliminacion,1,564,False,True,,validation
565,Fortnite 2026.09.05 - 20.19.37.53.Eliminación.DVR.mp4,F:\Cursos\Ciencia de Datos\Modulo 5\CODIGOS\Proyecto Fotnite\VIDEOS\ORIGINAL\Fortnite 2026.09.05 - 20.19.37.53.Eliminación.DVR.mp4,Eliminacion,1,565,False,True,,train
566,Fortnite 2026.09.05 - 20.19.59.54.Eliminación.DVR.mp4,F:\Cursos\Ciencia de Datos\Modulo 5\CODIGOS\Proyecto Fotnite\VIDEOS\ORIGINAL\Fortnite 2026.09.05 - 20.19.59.54.Eliminación.DVR.mp4,Eliminacion,1,566,False,True,,train
567,Fortnite 2026.09.05 - 20.20.49.55.Eliminación.DVR.mp4,F:\Cursos\Ciencia de Datos\Modulo 5\CODIGOS\Proyecto Fotnite\VIDEOS\ORIGINAL\Fortnite 2026.09.05 - 20.20.49.55.Eliminación.DVR.mp4,Eliminacion,1,567,False,True,,train
568,Fortnite 2026.09.05 - 20.24.17.56.Eliminado.DVR.mp4,F:\Cursos\Ciencia de Datos\Modulo 5\CODIGOS\Proyecto Fotnite\VIDEOS\ORIGINAL\Fortnite 2026.09.05 - 20.24.17.56.Eliminado.DVR.mp4,Eliminado,0,514,False,True,,test
569,Fortnite 2026.09.05 - 20.24.51.57.Eliminación.DVR.mp4,F:\Cursos\Ciencia de Datos\Modulo 5\CODIGOS\Proyecto Fotnite\VIDEOS\ORIGINAL\Fortnite 2026.09.05 - 20.24.51.57.Eliminación.DVR.mp4,Eliminacion,1,569,False,True,,train
570,Fortnite 2026.09.05 - 20.28.39.58.Eliminado.DVR.mp4,F:\Cursos\Ciencia de Datos\Modulo 5\CODIGOS\Proyecto Fotnite\VIDEOS\ORIGINAL\Fortnite 2026.09.05 - 20.28.39.58.Eliminado.DVR.mp4,Eliminado,0,570,False,True,,test
571,Fortnite 2026.09.05 - 20.33.20.60.Eliminación.DVR.mp4,F:\Cursos\Ciencia de Datos\Modulo 5\CODIGOS\Proyecto Fotnite\VIDEOS\ORIGINAL\Fortnite 2026.09.05 - 20.33.20.60.Eliminación.DVR.mp4,Eliminacion,1,571,False,True,,train
572,Fortnite 2026.09.05 - 20.34.17.61.Eliminación.DVR.mp4,F:\Cursos\Ciencia de Datos\Modulo 5\CODIGOS\Proyecto Fotnite\VIDEOS\ORIGINAL\Fortnite 2026.09.05 - 20.34.17.61.Eliminación.DVR.mp4,Eliminacion,1,572,False,True,,train
573,Fortnite 2026.09.05 - 20.36.55.62.Eliminación.DVR.mp4,F:\Cursos\Ciencia de Datos\Modulo 5\CODIGOS\Proyecto Fotnite\VIDEOS\ORIGINAL\Fortnite 2026.09.05 - 20.36.55.62.Eliminación.DVR.mp4,Eliminacion,1,573,False,True,,train
574,Fortnite 2026.09.05 - 20.38.18.63.Eliminación.DVR.mp4,F:\Cursos\Ciencia de Datos\Modulo 5\CODIGOS\Proyecto Fotnite\VIDEOS\ORIGINAL\Fortnite 2026.09.05 - 20.38.18.63.Eliminación.DVR.mp4,Eliminacion,1,574,False,True,,test
575,Fortnite 2026.09.05 - 20.40.37.64.Eliminación.DVR.mp4,F:\Cursos\Ciencia de Datos\Modulo 5\CODIGOS\Proyecto Fotnite\VIDEOS\ORIGINAL\Fortnite 2026.09.05 - 20.40.37.64.Eliminación.DVR.mp4,Eliminacion,1,575,False,True,,train
576,Fortnite 2026.09.05 - 20.42.28.65.Eliminación.DVR.mp4,F:\Cursos\Ciencia de Datos\Modulo 5\CODIGOS\Proyecto Fotnite\VIDEOS\ORIGINAL\Fortnite 2026.09.05 - 20.42.28.65.Eliminación.DVR.mp4,Eliminacion,1,576,False,True,,validation
577,Fortnite 2026.09.05 - 20.43.24.66.Eliminación.DVR.mp4,F:\Cursos\Ciencia de Datos\Modulo 5\CODIGOS\Proyecto Fotnite\VIDEOS\ORIGINAL\Fortnite 2026.09.05 - 20.43.24.66.Eliminación.DVR.mp4,Eliminacion,1,577,False,True,,validation
578,Fortnite 2026.09.05 - 20.48.16.67.Eliminación.DVR.mp4,F:\Cursos\Ciencia de Datos\Modulo 5\CODIGOS\Proyecto Fotnite\VIDEOS\ORIGINAL\Fortnite 2026.09.05 - 20.48.16.67.Eliminación.DVR.mp4,Eliminacion,1,578,False,True,,train
579,Fortnite 2026.09.05 - 20.48.42.68.Eliminado.DVR.mp4,F:\Cursos\Ciencia de Datos\Modulo 5\CODIGOS\Proyecto Fotnite\VIDEOS\ORIGINAL\Fortnite 2026.09.05 - 20.48.42.68.Eliminado.DVR.mp4,Eliminado,0,579,False,True,,train
580,Fortnite 2026.09.08 - 19.28.35.02.Eliminación.DVR.mp4,F:\Cursos\Ciencia de Datos\Modulo 5\CODIGOS\Proyecto Fotnite\VIDEOS\ORIGINAL\Fortnite 2026.09.08 - 19.28.35.02.Eliminación.DVR.mp4,Eliminacion,1,580,False,True,,test
581,Fortnite 2026.09.08 - 19.31.54.03.Eliminación.DVR.mp4,F:\Cursos\Ciencia de Datos\Modulo 5\CODIGOS\Proyecto Fotnite\VIDEOS\ORIGINAL\Fortnite 2026.09.08 - 19.31.54.03.Eliminación.DVR.mp4,Eliminacion,1,581,False,True,,train
582,Fortnite 2026.09.08 - 19.35.06.04.Eliminación.DVR.mp4,F:\Cursos\Ciencia de Datos\Modulo 5\CODIGOS\Proyecto Fotnite\VIDEOS\ORIGINAL\Fortnite 2026.09.08 - 19.35.06.04.Eliminación.DVR.mp4,Eliminacion,1,582,False,True,,train
583,Fortnite 2026.09.08 - 19.38.00.05.Eliminado.DVR.mp4,F:\Cursos\Ciencia de Datos\Modulo 5\CODIGOS\Proyecto Fotnite\VIDEOS\ORIGINAL\Fortnite 2026.09.08 - 19.38.00.05.Eliminado.DVR.mp4,Eliminado,0,583,False,True,,train
584,Fortnite 2026.09.08 - 19.41.21.07.Eliminación.DVR.mp4,F:\Cursos\Ciencia de Datos\Modulo 5\CODIGOS\Proyecto Fotnite\VIDEOS\ORIGINAL\Fortnite 2026.09.08 - 19.41.21.07.Eliminación.DVR.mp4,Eliminacion,1,584,False,True,,train
585,Fortnite 2026.09.08 - 19.42.20.08.Eliminación.DVR.mp4,F:\Cursos\Ciencia de Datos\Modulo 5\CODIGOS\Proyecto Fotnite\VIDEOS\ORIGINAL\Fortnite 2026.09.08 - 19.42.20.08.Eliminación.DVR.mp4,Eliminacion,1,585,False,True,,validation
586,Fortnite 2026.09.08 - 19.42.52.09.Eliminación.DVR.mp4,F:\Cursos\Ciencia de Datos\Modulo 5\CODIGOS\Proyecto Fotnite\VIDEOS\ORIGINAL\Fortnite 2026.09.08 - 19.42.52.09.Eliminación.DVR.mp4,Eliminacion,1,586,False,True,,train
587,Fortnite 2026.09.08 - 19.43.54.10.Eliminación.DVR.mp4,F:\Cursos\Ciencia de Datos\Modulo 5\CODIGOS\Proyecto Fotnite\VIDEOS\ORIGINAL\Fortnite 2026.09.08 - 19.43.54.10.Eliminación.DVR.mp4,Eliminacion,1,587,False,True,,train
588,Fortnite 2026.09.08 - 19.44.28.11.Eliminación.DVR.mp4,F:\Cursos\Ciencia de Datos\Modulo 5\CODIGOS\Proyecto Fotnite\VIDEOS\ORIGINAL\Fortnite 2026.09.08 - 19.44.28.11.Eliminación.DVR.mp4,Eliminacion,1,588,False,True,,train
589,Fortnite 2026.09.08 - 19.45.08.12.Eliminación.DVR.mp4,F:\Cursos\Ciencia de Datos\Modulo 5\CODIGOS\Proyecto Fotnite\VIDEOS\ORIGINAL\Fortnite 2026.09.08 - 19.45.08.12.Eliminación.DVR.mp4,Eliminacion,1,589,False,True,,train
590,Fortnite 2026.09.08 - 19.45.19.13.Eliminación.DVR.mp4,F:\Cursos\Ciencia de Datos\Modulo 5\CODIGOS\Proyecto Fotnite\VIDEOS\ORIGINAL\Fortnite 2026.09.08 - 19.45.19.13.Eliminación.DVR.mp4,Eliminacion,1,590,False,True,,train
591,Fortnite 2026.09.08 - 19.46.11.14.Eliminación.DVR.mp4,F:\Cursos\Ciencia de Datos\Modulo 5\CODIGOS\Proyecto Fotnite\VIDEOS\ORIGINAL\Fortnite 2026.09.08 - 19.46.11.14.Eliminación.DVR.mp4,Eliminacion,1,591,False,True,,train
592,Fortnite 2026.09.08 - 19.48.03.15.Eliminación.DVR.mp4,F:\Cursos\Ciencia de Datos\Modulo 5\CODIGOS\Proyecto Fotnite\VIDEOS\ORIGINAL\Fortnite 2026.09.08 - 19.48.03.15.Eliminación.DVR.mp4,Eliminacion,1,592,False,True,,train
593,Fortnite 2026.09.08 - 19.48.27.16.Eliminación.DVR.mp4,F:\Cursos\Ciencia de Datos\Modulo 5\CODIGOS\Proyecto Fotnite\VIDEOS\ORIGINAL\Fortnite 2026.09.08 - 19.48.27.16.Eliminación.DVR.mp4,Eliminacion,1,593,False,True,,train
594,Fortnite 2026.09.08 - 19.48.53.17.Eliminación.DVR.mp4,F:\Cursos\Ciencia de Datos\Modulo 5\CODIGOS\Proyecto Fotnite\VIDEOS\ORIGINAL\Fortnite 2026.09.08 - 19.48.53.17.Eliminación.DVR.mp4,Eliminacion,1,594,False,True,,validation
595,Fortnite 2026.09.08 - 19.53.55.18.Eliminación.DVR.mp4,F:\Cursos\Ciencia de Datos\Modulo 5\CODIGOS\Proyecto Fotnite\VIDEOS\ORIGINAL\Fortnite 2026.09.08 - 19.53.55.18.Eliminación.DVR.mp4,Eliminacion,1,595,False,True,,validation
596,Fortnite 2026.09.08 - 19.55.03.19.Eliminación.DVR.mp4,F:\Cursos\Ciencia de Datos\Modulo 5\CODIGOS\Proyecto Fotnite\VIDEOS\ORIGINAL\Fortnite 2026.09.08 - 19.55.03.19.Eliminación.DVR.mp4,Eliminacion,1,596,False,True,,train
597,Fortnite 2026.09.08 - 19.55.16.20.Victoria.DVR.mp4,F:\Cursos\Ciencia de Datos\Modulo 5\CODIGOS\Proyecto Fotnite\VIDEOS\ORIGINAL\Fortnite 2026.09.08 - 19.55.16.20.Victoria.DVR.mp4,Victoria,2,597,False,True,,train
598,Fortnite 2026.09.11 - 20.31.05.02.Eliminado.DVR.mp4,F:\Cursos\Ciencia de Datos\Modulo 5\CODIGOS\Proyecto Fotnite\VIDEOS\ORIGINAL\Fortnite 2026.09.11 - 20.31.05.02.Eliminado.DVR.mp4,Eliminado,0,563,False,True,,validation
599,Fortnite 2026.09.11 - 20.32.42.03.Eliminación.DVR.mp4,F:\Cursos\Ciencia de Datos\Modulo 5\CODIGOS\Proyecto Fotnite\VIDEOS\ORIGINAL\Fortnite 2026.09.11 - 20.32.42.03.Eliminación.DVR.mp4,Eliminacion,1,599,False,True,,train
600,Fortnite 2026.09.11 - 20.33.17.04.Eliminación.DVR.mp4,F:\Cursos\Ciencia de Datos\Modulo 5\CODIGOS\Proyecto Fotnite\VIDEOS\ORIGINAL\Fortnite 2026.09.11 - 20.33.17.04.Eliminación.DVR.mp4,Eliminacion,1,600,False,True,,train
601,Fortnite 2026.09.11 - 20.33.27.05.Eliminación.DVR.mp4,F:\Cursos\Ciencia de Datos\Modulo 5\CODIGOS\Proyecto Fotnite\VIDEOS\ORIGINAL\Fortnite 2026.09.11 - 20.33.27.05.Eliminación.DVR.mp4,Eliminacion,1,600,False,True,,train
602,Fortnite 2026.09.11 - 20.33.43.06.Eliminación.DVR.mp4,F:\Cursos\Ciencia de Datos\Modulo 5\CODIGOS\Proyecto Fotnite\VIDEOS\ORIGINAL\Fortnite 2026.09.11 - 20.33.43.06.Eliminación.DVR.mp4,Eliminacion,1,602,False,True,,train
603,Fortnite 2026.09.11 - 20.34.12.07.Eliminación.DVR.mp4,F:\Cursos\Ciencia de Datos\Modulo 5\CODIGOS\Proyecto Fotnite\VIDEOS\ORIGINAL\Fortnite 2026.09.11 - 20.34.12.07.Eliminación.DVR.mp4,Eliminacion,1,603,False,True,,validation
604,Fortnite 2026.09.11 - 20.35.31.08.Eliminación.DVR.mp4,F:\Cursos\Ciencia de Datos\Modulo 5\CODIGOS\Proyecto Fotnite\VIDEOS\ORIGINAL\Fortnite 2026.09.11 - 20.35.31.08.Eliminación.DVR.mp4,Eliminacion,1,604,False,True,,test
605,Fortnite 2026.09.11 - 20.35.41.09.Eliminado.DVR.mp4,F:\Cursos\Ciencia de Datos\Modulo 5\CODIGOS\Proyecto Fotnite\VIDEOS\ORIGINAL\Fortnite 2026.09.11 - 20.35.41.09.Eliminado.DVR.mp4,Eliminado,0,605,False,True,,test
606,Fortnite 2026.09.11 - 20.36.14.10.Eliminación.DVR.mp4,F:\Cursos\Ciencia de Datos\Modulo 5\CODIGOS\Proyecto Fotnite\VIDEOS\ORIGINAL\Fortnite 2026.09.11 - 20.36.14.10.Eliminación.DVR.mp4,Eliminacion,1,606,False,True,,test
607,Fortnite 2026.09.11 - 20.36.47.11.Eliminación.DVR.mp4,F:\Cursos\Ciencia de Datos\Modulo 5\CODIGOS\Proyecto Fotnite\VIDEOS\ORIGINAL\Fortnite 2026.09.11 - 20.36.47.11.Eliminación.DVR.mp4,Eliminacion,1,607,False,True,,train
608,Fortnite 2026.09.11 - 20.38.33.12.Eliminación.DVR.mp4,F:\Cursos\Ciencia de Datos\Modulo 5\CODIGOS\Proyecto Fotnite\VIDEOS\ORIGINAL\Fortnite 2026.09.11 - 20.38.33.12.Eliminación.DVR.mp4,Eliminacion,1,608,False,True,,train
609,Fortnite 2026.09.11 - 20.39.11.13.Eliminación.DVR.mp4,F:\Cursos\Ciencia de Datos\Modulo 5\CODIGOS\Proyecto Fotnite\VIDEOS\ORIGINAL\Fortnite 2026.09.11 - 20.39.11.13.Eliminación.DVR.mp4,Eliminacion,1,609,False,True,,train
610,Fortnite 2026.09.11 - 20.43.53.14.Eliminado.DVR.mp4,F:\Cursos\Ciencia de Datos\Modulo 5\CODIGOS\Proyecto Fotnite\VIDEOS\ORIGINAL\Fortnite 2026.09.11 - 20.43.53.14.Eliminado.DVR.mp4,Eliminado,0,610,False,True,,train
611,Fortnite 2026.09.11 - 20.49.53.16.Eliminación.DVR.mp4,F:\Cursos\Ciencia de Datos\Modulo 5\CODIGOS\Proyecto Fotnite\VIDEOS\ORIGINAL\Fortnite 2026.09.11 - 20.49.53.16.Eliminación.DVR.mp4,Eliminacion,1,611,False,True,,train
612,Fortnite 2026.09.11 - 20.50.21.17.Eliminación.DVR.mp4,F:\Cursos\Ciencia de Datos\Modulo 5\CODIGOS\Proyecto Fotnite\VIDEOS\ORIGINAL\Fortnite 2026.09.11 - 20.50.21.17.Eliminación.DVR.mp4,Eliminacion,1,612,False,True,,train
613,Fortnite 2026.09.11 - 20.53.00.18.Eliminación.DVR.mp4,F:\Cursos\Ciencia de Datos\Modulo 5\CODIGOS\Proyecto Fotnite\VIDEOS\ORIGINAL\Fortnite 2026.09.11 - 20.53.00.18.Eliminación.DVR.mp4,Eliminacion,1,613,False,True,,test
614,Fortnite 2026.09.11 - 20.54.27.19.Eliminación.DVR.mp4,F:\Cursos\Ciencia de Datos\Modulo 5\CODIGOS\Proyecto Fotnite\VIDEOS\ORIGINAL\Fortnite 2026.09.11 - 20.54.27.19.Eliminación.DVR.mp4,Eliminacion,1,614,False,True,,test
615,Fortnite 2026.09.11 - 20.54.41.20.Eliminación.DVR.mp4,F:\Cursos\Ciencia de Datos\Modulo 5\CODIGOS\Proyecto Fotnite\VIDEOS\ORIGINAL\Fortnite 2026.09.11 - 20.54.41.20.Eliminación.DVR.mp4,Eliminacion,1,615,False,True,,train
616,Fortnite 2026.09.11 - 20.56.26.21.Eliminado.DVR.mp4,F:\Cursos\Ciencia de Datos\Modulo 5\CODIGOS\Proyecto Fotnite\VIDEOS\ORIGINAL\Fortnite 2026.09.11 - 20.56.26.21.Eliminado.DVR.mp4,Eliminado,0,616,False,True,,train
617,Fortnite 2026.09.11 - 20.56.53.22.Eliminado.DVR.mp4,F:\Cursos\Ciencia de Datos\Modulo 5\CODIGOS\Proyecto Fotnite\VIDEOS\ORIGINAL\Fortnite 2026.09.11 - 20.56.53.22.Eliminado.DVR.mp4,Eliminado,0,126,False,True,,validation
618,Fortnite 2026.09.11 - 20.58.25.23.Eliminación.DVR.mp4,F:\Cursos\Ciencia de Datos\Modulo 5\CODIGOS\Proyecto Fotnite\VIDEOS\ORIGINAL\Fortnite 2026.09.11 - 20.58.25.23.Eliminación.DVR.mp4,Eliminacion,1,618,False,True,,validation
619,Fortnite 2026.09.11 - 21.00.01.24.Eliminación.DVR.mp4,F:\Cursos\Ciencia de Datos\Modulo 5\CODIGOS\Proyecto Fotnite\VIDEOS\ORIGINAL\Fortnite 2026.09.11 - 21.00.01.24.Eliminación.DVR.mp4,Eliminacion,1,619,False,True,,test
620,Fortnite 2026.09.11 - 21.00.08.25.Eliminado.DVR.mp4,F:\Cursos\Ciencia de Datos\Modulo 5\CODIGOS\Proyecto Fotnite\VIDEOS\ORIGINAL\Fortnite 2026.09.11 - 21.00.08.25.Eliminado.DVR.mp4,Eliminado,0,620,False,True,,train
621,Fortnite 2026.09.11 - 21.04.08.27.Eliminado.DVR.mp4,F:\Cursos\Ciencia de Datos\Modulo 5\CODIGOS\Proyecto Fotnite\VIDEOS\ORIGINAL\Fortnite 2026.09.11 - 21.04.08.27.Eliminado.DVR.mp4,Eliminado,0,126,False,True,,validation
622,Fortnite 2026.09.11 - 21.05.44.28.Eliminación.DVR.mp4,F:\Cursos\Ciencia de Datos\Modulo 5\CODIGOS\Proyecto Fotnite\VIDEOS\ORIGINAL\Fortnite 2026.09.11 - 21.05.44.28.Eliminación.DVR.mp4,Eliminacion,1,622,False,True,,train
623,Fortnite 2026.09.11 - 21.06.00.29.Eliminado.DVR.mp4,F:\Cursos\Ciencia de Datos\Modulo 5\CODIGOS\Proyecto Fotnite\VIDEOS\ORIGINAL\Fortnite 2026.09.11 - 21.06.00.29.Eliminado.DVR.mp4,Eliminado,0,514,False,True,,test
624,Fortnite 2026.09.11 - 21.07.30.30.Eliminación.DVR.mp4,F:\Cursos\Ciencia de Datos\Modulo 5\CODIGOS\Proyecto Fotnite\VIDEOS\ORIGINAL\Fortnite 2026.09.11 - 21.07.30.30.Eliminación.DVR.mp4,Eliminacion,1,624,False,True,,test
625,Fortnite 2026.09.11 - 21.09.09.31.Eliminación.DVR.mp4,F:\Cursos\Ciencia de Datos\Modulo 5\CODIGOS\Proyecto Fotnite\VIDEOS\ORIGINAL\Fortnite 2026.09.11 - 21.09.09.31.Eliminación.DVR.mp4,Eliminacion,1,625,False,True,,train
626,Fortnite 2026.09.11 - 21.15.33.32.Eliminación.DVR.mp4,F:\Cursos\Ciencia de Datos\Modulo 5\CODIGOS\Proyecto Fotnite\VIDEOS\ORIGINAL\Fortnite 2026.09.11 - 21.15.33.32.Eliminación.DVR.mp4,Eliminacion,1,626,False,True,,validation
627,Fortnite 2026.09.11 - 21.15.49.33.Eliminado.DVR.mp4,F:\Cursos\Ciencia de Datos\Modulo 5\CODIGOS\Proyecto Fotnite\VIDEOS\ORIGINAL\Fortnite 2026.09.11 - 21.15.49.33.Eliminado.DVR.mp4,Eliminado,0,627,False,True,,train
628,Fortnite 2026.09.11 - 21.18.05.34.Eliminación.DVR.mp4,F:\Cursos\Ciencia de Datos\Modulo 5\CODIGOS\Proyecto Fotnite\VIDEOS\ORIGINAL\Fortnite 2026.09.11 - 21.18.05.34.Eliminación.DVR.mp4,Eliminacion,1,628,False,True,,train
629,Fortnite 2026.09.11 - 21.18.12.35.Eliminado.DVR.mp4,F:\Cursos\Ciencia de Datos\Modulo 5\CODIGOS\Proyecto Fotnite\VIDEOS\ORIGINAL\Fortnite 2026.09.11 - 21.18.12.35.Eliminado.DVR.mp4,Eliminado,0,629,False,True,,train
630,Fortnite 2026.09.11 - 21.23.14.37.Eliminación.DVR.mp4,F:\Cursos\Ciencia de Datos\Modulo 5\CODIGOS\Proyecto Fotnite\VIDEOS\ORIGINAL\Fortnite 2026.09.11 - 21.23.14.37.Eliminación.DVR.mp4,Eliminacion,1,630,False,True,,train
631,Fortnite 2026.09.11 - 21.23.47.38.Eliminación.DVR.mp4,F:\Cursos\Ciencia de Datos\Modulo 5\CODIGOS\Proyecto Fotnite\VIDEOS\ORIGINAL\Fortnite 2026.09.11 - 21.23.47.38.Eliminación.DVR.mp4,Eliminacion,1,631,False,True,,train
632,Fortnite 2026.09.11 - 21.25.04.39.Eliminado.DVR.mp4,F:\Cursos\Ciencia de Datos\Modulo 5\CODIGOS\Proyecto Fotnite\VIDEOS\ORIGINAL\Fortnite 2026.09.11 - 21.25.04.39.Eliminado.DVR.mp4,Eliminado,0,126,False,True,,validation
633,Fortnite 2026.09.11 - 21.26.02.40.Eliminación doble.DVR.mp4,F:\Cursos\Ciencia de Datos\Modulo 5\CODIGOS\Proyecto Fotnite\VIDEOS\ORIGINAL\Fortnite 2026.09.11 - 21.26.02.40.Eliminación doble.DVR.mp4,Eliminacion,1,633,False,True,,train
634,Fortnite 2026.09.11 - 21.27.11.41.Eliminación.DVR.mp4,F:\Cursos\Ciencia de Datos\Modulo 5\CODIGOS\Proyecto Fotnite\VIDEOS\ORIGINAL\Fortnite 2026.09.11 - 21.27.11.41.Eliminación.DVR.mp4,Eliminacion,1,634,False,True,,train
635,Fortnite 2026.09.11 - 21.33.08.42.Victoria.DVR.mp4,F:\Cursos\Ciencia de Datos\Modulo 5\CODIGOS\Proyecto Fotnite\VIDEOS\ORIGINAL\Fortnite 2026.09.11 - 21.33.08.42.Victoria.DVR.mp4,Victoria,2,635,False,True,,validation
636,Fortnite 2026.09.12 - 19.53.40.02.Eliminación.DVR.mp4,F:\Cursos\Ciencia de Datos\Modulo 5\CODIGOS\Proyecto Fotnite\VIDEOS\ORIGINAL\Fortnite 2026.09.12 - 19.53.40.02.Eliminación.DVR.mp4,Eliminacion,1,636,False,True,,train
637,Fortnite 2026.09.12 - 19.54.07.03.Eliminación.DVR.mp4,F:\Cursos\Ciencia de Datos\Modulo 5\CODIGOS\Proyecto Fotnite\VIDEOS\ORIGINAL\Fortnite 2026.09.12 - 19.54.07.03.Eliminación.DVR.mp4,Eliminacion,1,637,False,True,,train
638,Fortnite 2026.09.12 - 19.54.20.04.Eliminación.DVR.mp4,F:\Cursos\Ciencia de Datos\Modulo 5\CODIGOS\Proyecto Fotnite\VIDEOS\ORIGINAL\Fortnite 2026.09.12 - 19.54.20.04.Eliminación.DVR.mp4,Eliminacion,1,638,False,True,,test
639,Fortnite 2026.09.12 - 19.54.40.05.Eliminación doble.DVR.mp4,F:\Cursos\Ciencia de Datos\Modulo 5\CODIGOS\Proyecto Fotnite\VIDEOS\ORIGINAL\Fortnite 2026.09.12 - 19.54.40.05.Eliminación doble.DVR.mp4,Eliminacion,1,638,False,True,,test
640,Fortnite 2026.09.12 - 19.54.52.06.Eliminación.DVR.mp4,F:\Cursos\Ciencia de Datos\Modulo 5\CODIGOS\Proyecto Fotnite\VIDEOS\ORIGINAL\Fortnite 2026.09.12 - 19.54.52.06.Eliminación.DVR.mp4,Eliminacion,1,640,False,True,,train
641,Fortnite 2026.09.12 - 19.55.24.07.Eliminación.DVR.mp4,F:\Cursos\Ciencia de Datos\Modulo 5\CODIGOS\Proyecto Fotnite\VIDEOS\ORIGINAL\Fortnite 2026.09.12 - 19.55.24.07.Eliminación.DVR.mp4,Eliminacion,1,641,False,True,,train
642,Fortnite 2026.09.12 - 19.55.45.08.Eliminación doble.DVR.mp4,F:\Cursos\Ciencia de Datos\Modulo 5\CODIGOS\Proyecto Fotnite\VIDEOS\ORIGINAL\Fortnite 2026.09.12 - 19.55.45.08.Eliminación doble.DVR.mp4,Eliminacion,1,642,False,True,,validation
643,Fortnite 2026.09.12 - 19.56.26.09.Eliminación.DVR.mp4,F:\Cursos\Ciencia de Datos\Modulo 5\CODIGOS\Proyecto Fotnite\VIDEOS\ORIGINAL\Fortnite 2026.09.12 - 19.56.26.09.Eliminación.DVR.mp4,Eliminacion,1,643,False,True,,train
644,Fortnite 2026.09.12 - 19.56.50.10.Eliminación.DVR.mp4,F:\Cursos\Ciencia de Datos\Modulo 5\CODIGOS\Proyecto Fotnite\VIDEOS\ORIGINAL\Fortnite 2026.09.12 - 19.56.50.10.Eliminación.DVR.mp4,Eliminacion,1,644,False,True,,validation
645,Fortnite 2026.09.12 - 19.58.27.11.Eliminación.DVR.mp4,F:\Cursos\Ciencia de Datos\Modulo 5\CODIGOS\Proyecto Fotnite\VIDEOS\ORIGINAL\Fortnite 2026.09.12 - 19.58.27.11.Eliminación.DVR.mp4,Eliminacion,1,645,False,True,,train
646,Fortnite 2026.09.12 - 19.58.56.12.Eliminación.DVR.mp4,F:\Cursos\Ciencia de Datos\Modulo 5\CODIGOS\Proyecto Fotnite\VIDEOS\ORIGINAL\Fortnite 2026.09.12 - 19.58.56.12.Eliminación.DVR.mp4,Eliminacion,1,646,False,True,,train
647,Fortnite 2026.09.12 - 19.59.48.13.Eliminación.DVR.mp4,F:\Cursos\Ciencia de Datos\Modulo 5\CODIGOS\Proyecto Fotnite\VIDEOS\ORIGINAL\Fortnite 2026.09.12 - 19.59.48.13.Eliminación.DVR.mp4,Eliminacion,1,647,False,True,,validation
648,Fortnite 2026.09.12 - 20.02.16.14.Eliminación.DVR.mp4,F:\Cursos\Ciencia de Datos\Modulo 5\CODIGOS\Proyecto Fotnite\VIDEOS\ORIGINAL\Fortnite 2026.09.12 - 20.02.16.14.Eliminación.DVR.mp4,Eliminacion,1,648,False,True,,train
649,Fortnite 2026.09.12 - 20.03.18.15.Eliminación.DVR.mp4,F:\Cursos\Ciencia de Datos\Modulo 5\CODIGOS\Proyecto Fotnite\VIDEOS\ORIGINAL\Fortnite 2026.09.12 - 20.03.18.15.Eliminación.DVR.mp4,Eliminacion,1,649,False,True,,validation
650,Fortnite 2026.09.12 - 20.04.48.16.Eliminación.DVR.mp4,F:\Cursos\Ciencia de Datos\Modulo 5\CODIGOS\Proyecto Fotnite\VIDEOS\ORIGINAL\Fortnite 2026.09.12 - 20.04.48.16.Eliminación.DVR.mp4,Eliminacion,1,650,False,True,,train
651,Fortnite 2026.09.12 - 20.04.51.17.Victoria.DVR.mp4,F:\Cursos\Ciencia de Datos\Modulo 5\CODIGOS\Proyecto Fotnite\VIDEOS\ORIGINAL\Fortnite 2026.09.12 - 20.04.51.17.Victoria.DVR.mp4,Victoria,2,651,False,True,,train
652,Fortnite 2026.09.12 - 20.11.41.19.Eliminación.DVR.mp4,F:\Cursos\Ciencia de Datos\Modulo 5\CODIGOS\Proyecto Fotnite\VIDEOS\ORIGINAL\Fortnite 2026.09.12 - 20.11.41.19.Eliminación.DVR.mp4,Eliminacion,1,652,False,True,,train
653,Fortnite 2026.09.12 - 20.11.48.20.Eliminación.DVR.mp4,F:\Cursos\Ciencia de Datos\Modulo 5\CODIGOS\Proyecto Fotnite\VIDEOS\ORIGINAL\Fortnite 2026.09.12 - 20.11.48.20.Eliminación.DVR.mp4,Eliminacion,1,652,False,True,,train
654,Fortnite 2026.09.12 - 20.12.03.21.Eliminación.DVR.mp4,F:\Cursos\Ciencia de Datos\Modulo 5\CODIGOS\Proyecto Fotnite\VIDEOS\ORIGINAL\Fortnite 2026.09.12 - 20.12.03.21.Eliminación.DVR.mp4,Eliminacion,1,654,False,True,,validation
655,Fortnite 2026.09.12 - 20.12.35.22.Eliminación.DVR.mp4,F:\Cursos\Ciencia de Datos\Modulo 5\CODIGOS\Proyecto Fotnite\VIDEOS\ORIGINAL\Fortnite 2026.09.12 - 20.12.35.22.Eliminación.DVR.mp4,Eliminacion,1,655,False,True,,test
656,Fortnite 2026.09.12 - 20.13.14.23.Eliminación.DVR.mp4,F:\Cursos\Ciencia de Datos\Modulo 5\CODIGOS\Proyecto Fotnite\VIDEOS\ORIGINAL\Fortnite 2026.09.12 - 20.13.14.23.Eliminación.DVR.mp4,Eliminacion,1,656,False,True,,test
657,Fortnite 2026.09.12 - 20.13.26.24.Eliminación doble.DVR.mp4,F:\Cursos\Ciencia de Datos\Modulo 5\CODIGOS\Proyecto Fotnite\VIDEOS\ORIGINAL\Fortnite 2026.09.12 - 20.13.26.24.Eliminación doble.DVR.mp4,Eliminacion,1,657,False,True,,train
658,Fortnite 2026.09.12 - 20.13.37.25.Eliminación.DVR.mp4,F:\Cursos\Ciencia de Datos\Modulo 5\CODIGOS\Proyecto Fotnite\VIDEOS\ORIGINAL\Fortnite 2026.09.12 - 20.13.37.25.Eliminación.DVR.mp4,Eliminacion,1,658,False,True,,train
659,Fortnite 2026.09.12 - 20.14.16.26.Eliminación doble.DVR.mp4,F:\Cursos\Ciencia de Datos\Modulo 5\CODIGOS\Proyecto Fotnite\VIDEOS\ORIGINAL\Fortnite 2026.09.12 - 20.14.16.26.Eliminación doble.DVR.mp4,Eliminacion,1,659,False,True,,test
660,Fortnite 2026.09.12 - 20.16.04.27.Eliminación.DVR.mp4,F:\Cursos\Ciencia de Datos\Modulo 5\CODIGOS\Proyecto Fotnite\VIDEOS\ORIGINAL\Fortnite 2026.09.12 - 20.16.04.27.Eliminación.DVR.mp4,Eliminacion,1,660,False,True,,test
661,Fortnite 2026.09.12 - 20.16.31.28.Eliminación.DVR.mp4,F:\Cursos\Ciencia de Datos\Modulo 5\CODIGOS\Proyecto Fotnite\VIDEOS\ORIGINAL\Fortnite 2026.09.12 - 20.16.31.28.Eliminación.DVR.mp4,Eliminacion,1,661,False,True,,train
662,Fortnite 2026.09.12 - 20.20.35.29.Eliminación.DVR.mp4,F:\Cursos\Ciencia de Datos\Modulo 5\CODIGOS\Proyecto Fotnite\VIDEOS\ORIGINAL\Fortnite 2026.09.12 - 20.20.35.29.Eliminación.DVR.mp4,Eliminacion,1,662,False,True,,validation
663,Fortnite 2026.09.12 - 20.23.23.30.Eliminación.DVR.mp4,F:\Cursos\Ciencia de Datos\Modulo 5\CODIGOS\Proyecto Fotnite\VIDEOS\ORIGINAL\Fortnite 2026.09.12 - 20.23.23.30.Eliminación.DVR.mp4,Eliminacion,1,663,False,True,,validation
664,Fortnite 2026.09.15 - 10.26.47.02.Eliminación.DVR.mp4,F:\Cursos\Ciencia de Datos\Modulo 5\CODIGOS\Proyecto Fotnite\VIDEOS\ORIGINAL\Fortnite 2026.09.15 - 10.26.47.02.Eliminación.DVR.mp4,Eliminacion,1,664,False,True,,train
665,Fortnite 2026.09.15 - 10.26.52.03.Eliminado.DVR.mp4,F:\Cursos\Ciencia de Datos\Modulo 5\CODIGOS\Proyecto Fotnite\VIDEOS\ORIGINAL\Fortnite 2026.09.15 - 10.26.52.03.Eliminado.DVR.mp4,Eliminado,0,665,False,True,,test
666,Fortnite 2026.09.15 - 10.29.02.04.Eliminación.DVR.mp4,F:\Cursos\Ciencia de Datos\Modulo 5\CODIGOS\Proyecto Fotnite\VIDEOS\ORIGINAL\Fortnite 2026.09.15 - 10.29.02.04.Eliminación.DVR.mp4,Eliminacion,1,666,False,True,,train
667,Fortnite 2026.09.15 - 10.29.46.05.Eliminación.DVR.mp4,F:\Cursos\Ciencia de Datos\Modulo 5\CODIGOS\Proyecto Fotnite\VIDEOS\ORIGINAL\Fortnite 2026.09.15 - 10.29.46.05.Eliminación.DVR.mp4,Eliminacion,1,667,False,True,,train
668,Fortnite 2026.09.15 - 10.30.13.06.Eliminación.DVR.mp4,F:\Cursos\Ciencia de Datos\Modulo 5\CODIGOS\Proyecto Fotnite\VIDEOS\ORIGINAL\Fortnite 2026.09.15 - 10.30.13.06.Eliminación.DVR.mp4,Eliminacion,1,668,False,True,,train
669,Fortnite 2026.09.15 - 10.31.24.07.Eliminación.DVR.mp4,F:\Cursos\Ciencia de Datos\Modulo 5\CODIGOS\Proyecto Fotnite\VIDEOS\ORIGINAL\Fortnite 2026.09.15 - 10.31.24.07.Eliminación.DVR.mp4,Eliminacion,1,669,False,True,,train
670,Fortnite 2026.09.15 - 10.31.31.08.Eliminación.DVR.mp4,F:\Cursos\Ciencia de Datos\Modulo 5\CODIGOS\Proyecto Fotnite\VIDEOS\ORIGINAL\Fortnite 2026.09.15 - 10.31.31.08.Eliminación.DVR.mp4,Eliminacion,1,670,False,True,,train
671,Fortnite 2026.09.15 - 10.32.08.09.Eliminación.DVR.mp4,F:\Cursos\Ciencia de Datos\Modulo 5\CODIGOS\Proyecto Fotnite\VIDEOS\ORIGINAL\Fortnite 2026.09.15 - 10.32.08.09.Eliminación.DVR.mp4,Eliminacion,1,671,False,True,,validation
672,Fortnite 2026.09.15 - 10.33.24.10.Eliminación.DVR.mp4,F:\Cursos\Ciencia de Datos\Modulo 5\CODIGOS\Proyecto Fotnite\VIDEOS\ORIGINAL\Fortnite 2026.09.15 - 10.33.24.10.Eliminación.DVR.mp4,Eliminacion,1,672,False,True,,test
673,Fortnite 2026.09.15 - 10.33.29.11.Eliminación.DVR.mp4,F:\Cursos\Ciencia de Datos\Modulo 5\CODIGOS\Proyecto Fotnite\VIDEOS\ORIGINAL\Fortnite 2026.09.15 - 10.33.29.11.Eliminación.DVR.mp4,Eliminacion,1,673,False,True,,train
674,Fortnite 2026.09.15 - 10.34.46.12.Eliminación.DVR.mp4,F:\Cursos\Ciencia de Datos\Modulo 5\CODIGOS\Proyecto Fotnite\VIDEOS\ORIGINAL\Fortnite 2026.09.15 - 10.34.46.12.Eliminación.DVR.mp4,Eliminacion,1,674,False,True,,train
675,Fortnite 2026.09.15 - 10.35.30.13.Eliminación.DVR.mp4,F:\Cursos\Ciencia de Datos\Modulo 5\CODIGOS\Proyecto Fotnite\VIDEOS\ORIGINAL\Fortnite 2026.09.15 - 10.35.30.13.Eliminación.DVR.mp4,Eliminacion,1,675,False,True,,train
676,Fortnite 2026.09.15 - 10.36.21.14.Eliminación.DVR.mp4,F:\Cursos\Ciencia de Datos\Modulo 5\CODIGOS\Proyecto Fotnite\VIDEOS\ORIGINAL\Fortnite 2026.09.15 - 10.36.21.14.Eliminación.DVR.mp4,Eliminacion,1,676,False,True,,train
677,Fortnite 2026.09.15 - 10.40.33.15.Eliminado.DVR.mp4,F:\Cursos\Ciencia de Datos\Modulo 5\CODIGOS\Proyecto Fotnite\VIDEOS\ORIGINAL\Fortnite 2026.09.15 - 10.40.33.15.Eliminado.DVR.mp4,Eliminado,0,677,False,True,,train
678,Fortnite 2026.09.15 - 10.44.26.17.Eliminación.DVR.mp4,F:\Cursos\Ciencia de Datos\Modulo 5\CODIGOS\Proyecto Fotnite\VIDEOS\ORIGINAL\Fortnite 2026.09.15 - 10.44.26.17.Eliminación.DVR.mp4,Eliminacion,1,678,False,True,,validation
679,Fortnite 2026.09.15 - 10.45.11.18.Eliminación.DVR.mp4,F:\Cursos\Ciencia de Datos\Modulo 5\CODIGOS\Proyecto Fotnite\VIDEOS\ORIGINAL\Fortnite 2026.09.15 - 10.45.11.18.Eliminación.DVR.mp4,Eliminacion,1,679,False,True,,test
680,Fortnite 2026.09.15 - 10.46.48.19.Eliminación doble.DVR.mp4,F:\Cursos\Ciencia de Datos\Modulo 5\CODIGOS\Proyecto Fotnite\VIDEOS\ORIGINAL\Fortnite 2026.09.15 - 10.46.48.19.Eliminación doble.DVR.mp4,Eliminacion,1,680,False,True,,train
681,Fortnite 2026.09.15 - 10.46.55.20.Eliminación.DVR.mp4,F:\Cursos\Ciencia de Datos\Modulo 5\CODIGOS\Proyecto Fotnite\VIDEOS\ORIGINAL\Fortnite 2026.09.15 - 10.46.55.20.Eliminación.DVR.mp4,Eliminacion,1,681,False,True,,train
682,Fortnite 2026.09.15 - 10.48.50.21.Eliminación.DVR.mp4,F:\Cursos\Ciencia de Datos\Modulo 5\CODIGOS\Proyecto Fotnite\VIDEOS\ORIGINAL\Fortnite 2026.09.15 - 10.48.50.21.Eliminación.DVR.mp4,Eliminacion,1,682,False,True,,train
683,Fortnite 2026.09.15 - 10.50.03.22.Eliminación.DVR.mp4,F:\Cursos\Ciencia de Datos\Modulo 5\CODIGOS\Proyecto Fotnite\VIDEOS\ORIGINAL\Fortnite 2026.09.15 - 10.50.03.22.Eliminación.DVR.mp4,Eliminacion,1,683,False,True,,test
684,Fortnite 2026.09.15 - 10.50.13.23.Eliminación.DVR.mp4,F:\Cursos\Ciencia de Datos\Modulo 5\CODIGOS\Proyecto Fotnite\VIDEOS\ORIGINAL\Fortnite 2026.09.15 - 10.50.13.23.Eliminación.DVR.mp4,Eliminacion,1,684,False,True,,test
685,Fortnite 2026.09.15 - 10.51.06.24.Eliminación.DVR.mp4,F:\Cursos\Ciencia de Datos\Modulo 5\CODIGOS\Proyecto Fotnite\VIDEOS\ORIGINAL\Fortnite 2026.09.15 - 10.51.06.24.Eliminación.DVR.mp4,Eliminacion,1,685,False,True,,train
686,Fortnite 2026.09.15 - 10.51.28.25.Eliminación.DVR.mp4,F:\Cursos\Ciencia de Datos\Modulo 5\CODIGOS\Proyecto Fotnite\VIDEOS\ORIGINAL\Fortnite 2026.09.15 - 10.51.28.25.Eliminación.DVR.mp4,Eliminacion,1,686,False,True,,train
687,Fortnite 2026.09.15 - 10.52.01.26.Eliminación.DVR.mp4,F:\Cursos\Ciencia de Datos\Modulo 5\CODIGOS\Proyecto Fotnite\VIDEOS\ORIGINAL\Fortnite 2026.09.15 - 10.52.01.26.Eliminación.DVR.mp4,Eliminacion,1,687,False,True,,train
688,Fortnite 2026.09.15 - 10.52.10.27.Eliminado.DVR.mp4,F:\Cursos\Ciencia de Datos\Modulo 5\CODIGOS\Proyecto Fotnite\VIDEOS\ORIGINAL\Fortnite 2026.09.15 - 10.52.10.27.Eliminado.DVR.mp4,Eliminado,0,688,False,True,,test
689,Fortnite 2026.09.15 - 10.54.17.28.Eliminación.DVR.mp4,F:\Cursos\Ciencia de Datos\Modulo 5\CODIGOS\Proyecto Fotnite\VIDEOS\ORIGINAL\Fortnite 2026.09.15 - 10.54.17.28.Eliminación.DVR.mp4,Eliminacion,1,689,False,True,,test
690,Fortnite 2026.09.15 - 10.56.21.29.Eliminado.DVR.mp4,F:\Cursos\Ciencia de Datos\Modulo 5\CODIGOS\Proyecto Fotnite\VIDEOS\ORIGINAL\Fortnite 2026.09.15 - 10.56.21.29.Eliminado.DVR.mp4,Eliminado,0,690,False,True,,train
691,Fortnite 2026.09.15 - 11.01.55.31.Eliminación.DVR.mp4,F:\Cursos\Ciencia de Datos\Modulo 5\CODIGOS\Proyecto Fotnite\VIDEOS\ORIGINAL\Fortnite 2026.09.15 - 11.01.55.31.Eliminación.DVR.mp4,Eliminacion,1,691,False,True,,train
692,Fortnite 2026.09.15 - 11.02.04.32.Eliminación.DVR.mp4,F:\Cursos\Ciencia de Datos\Modulo 5\CODIGOS\Proyecto Fotnite\VIDEOS\ORIGINAL\Fortnite 2026.09.15 - 11.02.04.32.Eliminación.DVR.mp4,Eliminacion,1,692,False,True,,test
693,Fortnite 2026.09.15 - 11.02.14.33.Eliminado.DVR.mp4,F:\Cursos\Ciencia de Datos\Modulo 5\CODIGOS\Proyecto Fotnite\VIDEOS\ORIGINAL\Fortnite 2026.09.15 - 11.02.14.33.Eliminado.DVR.mp4,Eliminado,0,426,False,True,,train
694,Fortnite 2026.09.15 - 11.02.53.34.Eliminación.DVR.mp4,F:\Cursos\Ciencia de Datos\Modulo 5\CODIGOS\Proyecto Fotnite\VIDEOS\ORIGINAL\Fortnite 2026.09.15 - 11.02.53.34.Eliminación.DVR.mp4,Eliminacion,1,694,False,True,,validation
695,Fortnite 2026.09.15 - 11.02.58.35.Eliminación.DVR.mp4,F:\Cursos\Ciencia de Datos\Modulo 5\CODIGOS\Proyecto Fotnite\VIDEOS\ORIGINAL\Fortnite 2026.09.15 - 11.02.58.35.Eliminación.DVR.mp4,Eliminacion,1,695,False,True,,train
696,Fortnite 2026.09.15 - 11.03.58.36.Eliminación.DVR.mp4,F:\Cursos\Ciencia de Datos\Modulo 5\CODIGOS\Proyecto Fotnite\VIDEOS\ORIGINAL\Fortnite 2026.09.15 - 11.03.58.36.Eliminación.DVR.mp4,Eliminacion,1,696,False,True,,test
697,Fortnite 2026.09.15 - 11.04.10.37.Eliminación.DVR.mp4,F:\Cursos\Ciencia de Datos\Modulo 5\CODIGOS\Proyecto Fotnite\VIDEOS\ORIGINAL\Fortnite 2026.09.15 - 11.04.10.37.Eliminación.DVR.mp4,Eliminacion,1,697,False,True,,train
698,Fortnite 2026.09.15 - 11.04.24.38.Eliminado.DVR.mp4,F:\Cursos\Ciencia de Datos\Modulo 5\CODIGOS\Proyecto Fotnite\VIDEOS\ORIGINAL\Fortnite 2026.09.15 - 11.04.24.38.Eliminado.DVR.mp4,Eliminado,0,126,False,True,,validation
699,Fortnite 2026.09.15 - 11.04.50.39.Eliminación.DVR.mp4,F:\Cursos\Ciencia de Datos\Modulo 5\CODIGOS\Proyecto Fotnite\VIDEOS\ORIGINAL\Fortnite 2026.09.15 - 11.04.50.39.Eliminación.DVR.mp4,Eliminacion,1,699,False,True,,train
700,Fortnite 2026.09.15 - 11.04.56.40.Eliminación.DVR.mp4,F:\Cursos\Ciencia de Datos\Modulo 5\CODIGOS\Proyecto Fotnite\VIDEOS\ORIGINAL\Fortnite 2026.09.15 - 11.04.56.40.Eliminación.DVR.mp4,Eliminacion,1,700,False,True,,train
701,Fortnite 2026.09.15 - 11.06.41.41.Eliminación.DVR.mp4,F:\Cursos\Ciencia de Datos\Modulo 5\CODIGOS\Proyecto Fotnite\VIDEOS\ORIGINAL\Fortnite 2026.09.15 - 11.06.41.41.Eliminación.DVR.mp4,Eliminacion,1,701,False,True,,train
702,Fortnite 2026.09.15 - 11.09.31.42.Eliminación.DVR.mp4,F:\Cursos\Ciencia de Datos\Modulo 5\CODIGOS\Proyecto Fotnite\VIDEOS\ORIGINAL\Fortnite 2026.09.15 - 11.09.31.42.Eliminación.DVR.mp4,Eliminacion,1,702,False,True,,train
703,Fortnite 2026.09.15 - 11.10.44.43.Eliminación.DVR.mp4,F:\Cursos\Ciencia de Datos\Modulo 5\CODIGOS\Proyecto Fotnite\VIDEOS\ORIGINAL\Fortnite 2026.09.15 - 11.10.44.43.Eliminación.DVR.mp4,Eliminacion,1,703,False,True,,validation
704,Fortnite 2026.09.15 - 11.13.26.44.Eliminado.DVR.mp4,F:\Cursos\Ciencia de Datos\Modulo 5\CODIGOS\Proyecto Fotnite\VIDEOS\ORIGINAL\Fortnite 2026.09.15 - 11.13.26.44.Eliminado.DVR.mp4,Eliminado,0,704,False,True,,train
705,Fortnite 2026.09.15 - 12.51.45.03.Eliminación.DVR.mp4,F:\Cursos\Ciencia de Datos\Modulo 5\CODIGOS\Proyecto Fotnite\VIDEOS\ORIGINAL\Fortnite 2026.09.15 - 12.51.45.03.Eliminación.DVR.mp4,Eliminacion,1,705,False,True,,train
706,Fortnite 2026.09.15 - 12.52.07.04.Eliminación.DVR.mp4,F:\Cursos\Ciencia de Datos\Modulo 5\CODIGOS\Proyecto Fotnite\VIDEOS\ORIGINAL\Fortnite 2026.09.15 - 12.52.07.04.Eliminación.DVR.mp4,Eliminacion,1,706,False,True,,validation
707,Fortnite 2026.09.15 - 12.52.13.05.Eliminación.DVR.mp4,F:\Cursos\Ciencia de Datos\Modulo 5\CODIGOS\Proyecto Fotnite\VIDEOS\ORIGINAL\Fortnite 2026.09.15 - 12.52.13.05.Eliminación.DVR.mp4,Eliminacion,1,707,False,True,,validation
708,Fortnite 2026.09.15 - 12.52.24.06.Eliminación.DVR.mp4,F:\Cursos\Ciencia de Datos\Modulo 5\CODIGOS\Proyecto Fotnite\VIDEOS\ORIGINAL\Fortnite 2026.09.15 - 12.52.24.06.Eliminación.DVR.mp4,Eliminacion,1,708,False,True,,validation
709,Fortnite 2026.09.15 - 12.53.29.07.Eliminación.DVR.mp4,F:\Cursos\Ciencia de Datos\Modulo 5\CODIGOS\Proyecto Fotnite\VIDEOS\ORIGINAL\Fortnite 2026.09.15 - 12.53.29.07.Eliminación.DVR.mp4,Eliminacion,1,709,False,True,,validation
710,Fortnite 2026.09.15 - 12.54.31.08.Eliminación.DVR.mp4,F:\Cursos\Ciencia de Datos\Modulo 5\CODIGOS\Proyecto Fotnite\VIDEOS\ORIGINAL\Fortnite 2026.09.15 - 12.54.31.08.Eliminación.DVR.mp4,Eliminacion,1,710,False,True,,train
711,Fortnite 2026.09.15 - 12.55.07.09.Eliminación.DVR.mp4,F:\Cursos\Ciencia de Datos\Modulo 5\CODIGOS\Proyecto Fotnite\VIDEOS\ORIGINAL\Fortnite 2026.09.15 - 12.55.07.09.Eliminación.DVR.mp4,Eliminacion,1,711,False,True,,train
712,Fortnite 2026.09.15 - 12.56.08.10.Eliminado.DVR.mp4,F:\Cursos\Ciencia de Datos\Modulo 5\CODIGOS\Proyecto Fotnite\VIDEOS\ORIGINAL\Fortnite 2026.09.15 - 12.56.08.10.Eliminado.DVR.mp4,Eliminado,0,126,False,True,,validation
713,Fortnite 2026.09.15 - 12.57.44.11.Eliminación.DVR.mp4,F:\Cursos\Ciencia de Datos\Modulo 5\CODIGOS\Proyecto Fotnite\VIDEOS\ORIGINAL\Fortnite 2026.09.15 - 12.57.44.11.Eliminación.DVR.mp4,Eliminacion,1,713,False,True,,validation
714,Fortnite 2026.09.15 - 13.02.43.12.Eliminado.DVR.mp4,F:\Cursos\Ciencia de Datos\Modulo 5\CODIGOS\Proyecto Fotnite\VIDEOS\ORIGINAL\Fortnite 2026.09.15 - 13.02.43.12.Eliminado.DVR.mp4,Eliminado,0,714,False,True,,test
715,Fortnite 2026.09.15 - 13.05.45.14.Eliminación.DVR.mp4,F:\Cursos\Ciencia de Datos\Modulo 5\CODIGOS\Proyecto Fotnite\VIDEOS\ORIGINAL\Fortnite 2026.09.15 - 13.05.45.14.Eliminación.DVR.mp4,Eliminacion,1,715,False,True,,train
716,Fortnite 2026.09.15 - 13.07.36.15.Eliminación doble.DVR.mp4,F:\Cursos\Ciencia de Datos\Modulo 5\CODIGOS\Proyecto Fotnite\VIDEOS\ORIGINAL\Fortnite 2026.09.15 - 13.07.36.15.Eliminación doble.DVR.mp4,Eliminacion,1,716,False,True,,validation
717,Fortnite 2026.09.15 - 13.07.47.16.Eliminación.DVR.mp4,F:\Cursos\Ciencia de Datos\Modulo 5\CODIGOS\Proyecto Fotnite\VIDEOS\ORIGINAL\Fortnite 2026.09.15 - 13.07.47.16.Eliminación.DVR.mp4,Eliminacion,1,717,False,True,,train
718,Fortnite 2026.09.15 - 13.08.19.17.Eliminación.DVR.mp4,F:\Cursos\Ciencia de Datos\Modulo 5\CODIGOS\Proyecto Fotnite\VIDEOS\ORIGINAL\Fortnite 2026.09.15 - 13.08.19.17.Eliminación.DVR.mp4,Eliminacion,1,718,False,True,,test
719,Fortnite 2026.09.15 - 13.10.19.18.Eliminación.DVR.mp4,F:\Cursos\Ciencia de Datos\Modulo 5\CODIGOS\Proyecto Fotnite\VIDEOS\ORIGINAL\Fortnite 2026.09.15 - 13.10.19.18.Eliminación.DVR.mp4,Eliminacion,1,719,False,True,,test
720,Fortnite 2026.09.15 - 13.10.47.19.Eliminación.DVR.mp4,F:\Cursos\Ciencia de Datos\Modulo 5\CODIGOS\Proyecto Fotnite\VIDEOS\ORIGINAL\Fortnite 2026.09.15 - 13.10.47.19.Eliminación.DVR.mp4,Eliminacion,1,720,False,True,,train
721,Fortnite 2026.09.15 - 13.10.49.20.Eliminado.DVR.mp4,F:\Cursos\Ciencia de Datos\Modulo 5\CODIGOS\Proyecto Fotnite\VIDEOS\ORIGINAL\Fortnite 2026.09.15 - 13.10.49.20.Eliminado.DVR.mp4,Eliminado,0,563,False,True,,validation
722,Fortnite 2026.09.15 - 13.13.50.21.Eliminado.DVR.mp4,F:\Cursos\Ciencia de Datos\Modulo 5\CODIGOS\Proyecto Fotnite\VIDEOS\ORIGINAL\Fortnite 2026.09.15 - 13.13.50.21.Eliminado.DVR.mp4,Eliminado,0,126,False,True,,validation
723,Fortnite 2026.09.15 - 13.14.11.22.Eliminado.DVR.mp4,F:\Cursos\Ciencia de Datos\Modulo 5\CODIGOS\Proyecto Fotnite\VIDEOS\ORIGINAL\Fortnite 2026.09.15 - 13.14.11.22.Eliminado.DVR.mp4,Eliminado,0,723,False,True,,validation
724,Fortnite 2026.09.15 - 13.21.32.24.Eliminación.DVR.mp4,F:\Cursos\Ciencia de Datos\Modulo 5\CODIGOS\Proyecto Fotnite\VIDEOS\ORIGINAL\Fortnite 2026.09.15 - 13.21.32.24.Eliminación.DVR.mp4,Eliminacion,1,724,False,True,,train
725,Fortnite 2026.09.15 - 13.22.02.25.Eliminación.DVR.mp4,F:\Cursos\Ciencia de Datos\Modulo 5\CODIGOS\Proyecto Fotnite\VIDEOS\ORIGINAL\Fortnite 2026.09.15 - 13.22.02.25.Eliminación.DVR.mp4,Eliminacion,1,725,False,True,,train
726,Fortnite 2026.09.15 - 13.22.13.26.Eliminación.DVR.mp4,F:\Cursos\Ciencia de Datos\Modulo 5\CODIGOS\Proyecto Fotnite\VIDEOS\ORIGINAL\Fortnite 2026.09.15 - 13.22.13.26.Eliminación.DVR.mp4,Eliminacion,1,725,False,True,,train
727,Fortnite 2026.09.15 - 13.22.34.27.Eliminación doble.DVR.mp4,F:\Cursos\Ciencia de Datos\Modulo 5\CODIGOS\Proyecto Fotnite\VIDEOS\ORIGINAL\Fortnite 2026.09.15 - 13.22.34.27.Eliminación doble.DVR.mp4,Eliminacion,1,727,False,True,,train
728,Fortnite 2026.09.15 - 13.23.40.28.Eliminación.DVR.mp4,F:\Cursos\Ciencia de Datos\Modulo 5\CODIGOS\Proyecto Fotnite\VIDEOS\ORIGINAL\Fortnite 2026.09.15 - 13.23.40.28.Eliminación.DVR.mp4,Eliminacion,1,728,False,True,,train
729,Fortnite 2026.09.15 - 13.24.34.29.Eliminación.DVR.mp4,F:\Cursos\Ciencia de Datos\Modulo 5\CODIGOS\Proyecto Fotnite\VIDEOS\ORIGINAL\Fortnite 2026.09.15 - 13.24.34.29.Eliminación.DVR.mp4,Eliminacion,1,729,False,True,,train
730,Fortnite 2026.09.15 - 13.25.02.30.Eliminación.DVR.mp4,F:\Cursos\Ciencia de Datos\Modulo 5\CODIGOS\Proyecto Fotnite\VIDEOS\ORIGINAL\Fortnite 2026.09.15 - 13.25.02.30.Eliminación.DVR.mp4,Eliminacion,1,730,False,True,,train
731,Fortnite 2026.09.15 - 13.27.04.31.Eliminación.DVR.mp4,F:\Cursos\Ciencia de Datos\Modulo 5\CODIGOS\Proyecto Fotnite\VIDEOS\ORIGINAL\Fortnite 2026.09.15 - 13.27.04.31.Eliminación.DVR.mp4,Eliminacion,1,731,False,True,,validation
732,Fortnite 2026.09.15 - 13.27.16.32.Eliminación.DVR.mp4,F:\Cursos\Ciencia de Datos\Modulo 5\CODIGOS\Proyecto Fotnite\VIDEOS\ORIGINAL\Fortnite 2026.09.15 - 13.27.16.32.Eliminación.DVR.mp4,Eliminacion,1,732,False,True,,validation
733,Fortnite 2026.09.15 - 13.29.11.33.Eliminado.DVR.mp4,F:\Cursos\Ciencia de Datos\Modulo 5\CODIGOS\Proyecto Fotnite\VIDEOS\ORIGINAL\Fortnite 2026.09.15 - 13.29.11.33.Eliminado.DVR.mp4,Eliminado,0,733,False,True,,validation
734,Fortnite 2026.09.15 - 13.29.55.34.Eliminación.DVR.mp4,F:\Cursos\Ciencia de Datos\Modulo 5\CODIGOS\Proyecto Fotnite\VIDEOS\ORIGINAL\Fortnite 2026.09.15 - 13.29.55.34.Eliminación.DVR.mp4,Eliminacion,1,734,False,True,,train
735,Fortnite 2026.09.15 - 13.31.50.35.Eliminado.DVR.mp4,F:\Cursos\Ciencia de Datos\Modulo 5\CODIGOS\Proyecto Fotnite\VIDEOS\ORIGINAL\Fortnite 2026.09.15 - 13.31.50.35.Eliminado.DVR.mp4,Eliminado,0,735,False,True,,train
736,Fortnite 2026.09.15 - 13.37.39.37.Eliminado.DVR.mp4,F:\Cursos\Ciencia de Datos\Modulo 5\CODIGOS\Proyecto Fotnite\VIDEOS\ORIGINAL\Fortnite 2026.09.15 - 13.37.39.37.Eliminado.DVR.mp4,Eliminado,0,426,False,True,,train
737,Fortnite 2026.09.15 - 13.39.34.38.Eliminado.DVR.mp4,F:\Cursos\Ciencia de Datos\Modulo 5\CODIGOS\Proyecto Fotnite\VIDEOS\ORIGINAL\Fortnite 2026.09.15 - 13.39.34.38.Eliminado.DVR.mp4,Eliminado,0,737,False,True,,test
738,Fortnite 2026.09.15 - 13.40.01.39.Eliminado.DVR.mp4,F:\Cursos\Ciencia de Datos\Modulo 5\CODIGOS\Proyecto Fotnite\VIDEOS\ORIGINAL\Fortnite 2026.09.15 - 13.40.01.39.Eliminado.DVR.mp4,Eliminado,0,738,False,True,,train
739,Fortnite 2026.09.15 - 21.37.04.12.Eliminado.DVR.mp4,F:\Cursos\Ciencia de Datos\Modulo 5\CODIGOS\Proyecto Fotnite\VIDEOS\ORIGINAL\Fortnite 2026.09.15 - 21.37.04.12.Eliminado.DVR.mp4,Eliminado,0,426,False,True,,train
740,Fortnite 2026.09.15 - 21.37.43.13.Eliminado.DVR.mp4,F:\Cursos\Ciencia de Datos\Modulo 5\CODIGOS\Proyecto Fotnite\VIDEOS\ORIGINAL\Fortnite 2026.09.15 - 21.37.43.13.Eliminado.DVR.mp4,Eliminado,0,126,False,True,,validation
741,Fortnite 2026.09.15 - 21.44.33.14.Eliminación.DVR.mp4,F:\Cursos\Ciencia de Datos\Modulo 5\CODIGOS\Proyecto Fotnite\VIDEOS\ORIGINAL\Fortnite 2026.09.15 - 21.44.33.14.Eliminación.DVR.mp4,Eliminacion,1,741,False,True,,train
742,Fortnite 2026.09.15 - 21.47.26.15.Eliminado.DVR.mp4,F:\Cursos\Ciencia de Datos\Modulo 5\CODIGOS\Proyecto Fotnite\VIDEOS\ORIGINAL\Fortnite 2026.09.15 - 21.47.26.15.Eliminado.DVR.mp4,Eliminado,0,742,False,True,,train
743,Fortnite 2026.09.15 - 21.50.51.17.Eliminación.DVR.mp4,F:\Cursos\Ciencia de Datos\Modulo 5\CODIGOS\Proyecto Fotnite\VIDEOS\ORIGINAL\Fortnite 2026.09.15 - 21.50.51.17.Eliminación.DVR.mp4,Eliminacion,1,743,False,True,,train
744,Fortnite 2026.09.15 - 21.51.08.18.Eliminación.DVR.mp4,F:\Cursos\Ciencia de Datos\Modulo 5\CODIGOS\Proyecto Fotnite\VIDEOS\ORIGINAL\Fortnite 2026.09.15 - 21.51.08.18.Eliminación.DVR.mp4,Eliminacion,1,743,False,True,,train
745,Fortnite 2026.09.15 - 21.52.39.19.Eliminación.DVR.mp4,F:\Cursos\Ciencia de Datos\Modulo 5\CODIGOS\Proyecto Fotnite\VIDEOS\ORIGINAL\Fortnite 2026.09.15 - 21.52.39.19.Eliminación.DVR.mp4,Eliminacion,1,745,False,True,,test
746,Fortnite 2026.09.15 - 21.53.32.20.Eliminación.DVR.mp4,F:\Cursos\Ciencia de Datos\Modulo 5\CODIGOS\Proyecto Fotnite\VIDEOS\ORIGINAL\Fortnite 2026.09.15 - 21.53.32.20.Eliminación.DVR.mp4,Eliminacion,1,746,False,True,,train
747,Fortnite 2026.09.15 - 21.55.18.21.Eliminación.DVR.mp4,F:\Cursos\Ciencia de Datos\Modulo 5\CODIGOS\Proyecto Fotnite\VIDEOS\ORIGINAL\Fortnite 2026.09.15 - 21.55.18.21.Eliminación.DVR.mp4,Eliminacion,1,747,False,True,,validation
748,Fortnite 2026.09.15 - 21.56.51.22.Eliminación.DVR.mp4,F:\Cursos\Ciencia de Datos\Modulo 5\CODIGOS\Proyecto Fotnite\VIDEOS\ORIGINAL\Fortnite 2026.09.15 - 21.56.51.22.Eliminación.DVR.mp4,Eliminacion,1,748,False,True,,validation
749,Fortnite 2026.09.15 - 21.58.00.23.Eliminación.DVR.mp4,F:\Cursos\Ciencia de Datos\Modulo 5\CODIGOS\Proyecto Fotnite\VIDEOS\ORIGINAL\Fortnite 2026.09.15 - 21.58.00.23.Eliminación.DVR.mp4,Eliminacion,1,749,False,True,,train
750,Fortnite 2026.09.15 - 21.59.31.24.Eliminación.DVR.mp4,F:\Cursos\Ciencia de Datos\Modulo 5\CODIGOS\Proyecto Fotnite\VIDEOS\ORIGINAL\Fortnite 2026.09.15 - 21.59.31.24.Eliminación.DVR.mp4,Eliminacion,1,750,False,True,,train
751,Fortnite 2026.09.15 - 22.00.39.25.Eliminado.DVR.mp4,F:\Cursos\Ciencia de Datos\Modulo 5\CODIGOS\Proyecto Fotnite\VIDEOS\ORIGINAL\Fortnite 2026.09.15 - 22.00.39.25.Eliminado.DVR.mp4,Eliminado,0,206,False,True,,train
