id_video,original_video_available,frames_available,health_available,inventory_available,map_available,audio_available,class_from_df_videos,code_from_df_videos,original_path
1,True,True,True,True,True,True,Eliminacion,1,F:\Cursos\Ciencia de Datos\Modulo 5\CODIGOS\Proyecto Fotnite\VIDEOS\ORIGINAL\Fortnite 2026.08.06 - 17.51.47.62.Eliminación.DVR.mp4
2,True,True,True,True,True,True,Victoria,2,F:\Cursos\Ciencia de Datos\Modulo 5\CODIGOS\Proyecto Fotnite\VIDEOS\ORIGINAL\Fortnite 2025.11.09 - 17.12.38.74.Victoria.DVR.mp4
3,True,True,True,True,True,True,Eliminacion,1,F:\Cursos\Ciencia de Datos\Modulo 5\CODIGOS\Proyecto Fotnite\VIDEOS\ORIGINAL\Fortnite 2025.12.11 - 21.10.08.08.Eliminación.DVR.mp4
4,True,True,True,True,True,True,Eliminacion,1,F:\Cursos\Ciencia de Datos\Modulo 5\CODIGOS\Proyecto Fotnite\VIDEOS\ORIGINAL\Fortnite 2025.12.11 - 21.10.17.09.Eliminación.DVR.mp4
5,True,True,True,True,True,True,Eliminacion,1,F:\Cursos\Ciencia de Datos\Modulo 5\CODIGOS\Proyecto Fotnite\VIDEOS\ORIGINAL\Fortnite 2025.12.11 - 21.17.03.10.Eliminación.DVR.mp4
6,True,True,True,True,True,True,Eliminacion,1,F:\Cursos\Ciencia de Datos\Modulo 5\CODIGOS\Proyecto Fotnite\VIDEOS\ORIGINAL\Fortnite 2025.12.11 - 21.23.44.11.Abajo.DVR.mp4
7,True,True,True,True,True,True,Eliminacion,1,F:\Cursos\Ciencia de Datos\Modulo 5\CODIGOS\Proyecto Fotnite\VIDEOS\ORIGINAL\Fortnite 2025.12.11 - 21.23.52.12.Eliminación.DVR.mp4
8,True,True,True,True,True,True,Eliminacion,1,F:\Cursos\Ciencia de Datos\Modulo 5\CODIGOS\Proyecto Fotnite\VIDEOS\ORIGINAL\Fortnite 2025.12.11 - 21.24.16.13.Eliminación.DVR.mp4
9,True,True,True,True,True,True,Eliminacion,1,F:\Cursos\Ciencia de Datos\Modulo 5\CODIGOS\Proyecto Fotnite\VIDEOS\ORIGINAL\Fortnite 2025.12.11 - 21.25.03.14.Eliminación.DVR.mp4
10,True,True,True,True,True,True,Eliminacion,1,F:\Cursos\Ciencia de Datos\Modulo 5\CODIGOS\Proyecto Fotnite\VIDEOS\ORIGINAL\Fortnite 2025.12.11 - 21.25.08.15.Eliminación.DVR.mp4
11,True,True,True,True,True,True,Victoria,2,F:\Cursos\Ciencia de Datos\Modulo 5\CODIGOS\Proyecto Fotnite\VIDEOS\ORIGINAL\Fortnite 2025.12.11 - 21.26.17.16.Victoria.DVR.mp4
12,True,True,True,True,True,True,Eliminacion,1,F:\Cursos\Ciencia de Datos\Modulo 5\CODIGOS\Proyecto Fotnite\VIDEOS\ORIGINAL\Fortnite 2025.12.20 - 18.56.36.02.Eliminación.DVR.mp4
13,True,True,True,True,True,True,Eliminacion,1,F:\Cursos\Ciencia de Datos\Modulo 5\CODIGOS\Proyecto Fotnite\VIDEOS\ORIGINAL\Fortnite 2025.12.20 - 18.59.26.03.Eliminación.DVR.mp4
14,True,True,True,True,True,True,Eliminacion,1,F:\Cursos\Ciencia de Datos\Modulo 5\CODIGOS\Proyecto Fotnite\VIDEOS\ORIGINAL\Fortnite 2025.12.20 - 18.59.45.04.Eliminación.DVR.mp4
15,True,True,True,True,True,True,Eliminacion,1,F:\Cursos\Ciencia de Datos\Modulo 5\CODIGOS\Proyecto Fotnite\VIDEOS\ORIGINAL\Fortnite 2025.12.20 - 19.04.10.05.Eliminación.DVR.mp4
16,True,True,True,True,True,True,Eliminacion,1,F:\Cursos\Ciencia de Datos\Modulo 5\CODIGOS\Proyecto Fotnite\VIDEOS\ORIGINAL\Fortnite 2025.12.20 - 19.05.37.06.Abajo.DVR.mp4
17,True,True,True,True,True,True,Eliminacion,1,F:\Cursos\Ciencia de Datos\Modulo 5\CODIGOS\Proyecto Fotnite\VIDEOS\ORIGINAL\Fortnite 2025.12.20 - 19.05.44.07.Eliminación.DVR.mp4
18,True,True,True,True,True,True,Eliminacion,1,F:\Cursos\Ciencia de Datos\Modulo 5\CODIGOS\Proyecto Fotnite\VIDEOS\ORIGINAL\Fortnite 2025.12.20 - 19.06.17.08.Eliminación.DVR.mp4
19,True,True,True,True,True,True,Eliminacion,1,F:\Cursos\Ciencia de Datos\Modulo 5\CODIGOS\Proyecto Fotnite\VIDEOS\ORIGINAL\Fortnite 2025.12.20 - 19.16.15.09.Abajo.DVR.mp4
20,True,True,True,True,True,True,Eliminacion,1,F:\Cursos\Ciencia de Datos\Modulo 5\CODIGOS\Proyecto Fotnite\VIDEOS\ORIGINAL\Fortnite 2025.12.20 - 19.16.22.10.Eliminación.DVR.mp4
21,True,True,True,True,True,True,Eliminacion,1,F:\Cursos\Ciencia de Datos\Modulo 5\CODIGOS\Proyecto Fotnite\VIDEOS\ORIGINAL\Fortnite 2025.12.20 - 19.16.56.11.Eliminación.DVR.mp4
22,True,True,True,True,True,True,Eliminacion,1,F:\Cursos\Ciencia de Datos\Modulo 5\CODIGOS\Proyecto Fotnite\VIDEOS\ORIGINAL\Fortnite 2025.12.20 - 19.22.24.13.Eliminación.DVR.mp4
23,True,True,True,True,True,True,Eliminacion,1,F:\Cursos\Ciencia de Datos\Modulo 5\CODIGOS\Proyecto Fotnite\VIDEOS\ORIGINAL\Fortnite 2025.12.20 - 19.22.29.14.Eliminación.DVR.mp4
24,True,True,True,True,True,True,Eliminacion,1,F:\Cursos\Ciencia de Datos\Modulo 5\CODIGOS\Proyecto Fotnite\VIDEOS\ORIGINAL\Fortnite 2025.12.20 - 19.22.54.15.Eliminación.DVR.mp4
25,True,True,True,True,True,True,Eliminacion,1,F:\Cursos\Ciencia de Datos\Modulo 5\CODIGOS\Proyecto Fotnite\VIDEOS\ORIGINAL\Fortnite 2025.12.20 - 19.26.06.16.Eliminación.DVR.mp4
26,True,True,True,True,True,True,Eliminacion,1,F:\Cursos\Ciencia de Datos\Modulo 5\CODIGOS\Proyecto Fotnite\VIDEOS\ORIGINAL\Fortnite 2025.12.20 - 19.38.48.17.Eliminación.DVR.mp4
27,True,True,True,True,True,True,Victoria,2,F:\Cursos\Ciencia de Datos\Modulo 5\CODIGOS\Proyecto Fotnite\VIDEOS\ORIGINAL\Fortnite 2025.12.20 - 19.39.45.18.Victoria.DVR.mp4
28,True,True,True,True,True,True,Eliminacion,1,F:\Cursos\Ciencia de Datos\Modulo 5\CODIGOS\Proyecto Fotnite\VIDEOS\ORIGINAL\Fortnite 2025.12.21 - 09.26.45.02.Eliminación.DVR.mp4
29,True,True,True,True,True,True,Eliminacion,1,F:\Cursos\Ciencia de Datos\Modulo 5\CODIGOS\Proyecto Fotnite\VIDEOS\ORIGINAL\Fortnite 2025.12.21 - 09.28.11.03.Eliminación.DVR.mp4
30,True,True,True,True,True,True,Eliminacion,1,F:\Cursos\Ciencia de Datos\Modulo 5\CODIGOS\Proyecto Fotnite\VIDEOS\ORIGINAL\Fortnite 2025.12.21 - 09.40.31.04.Eliminación.DVR.mp4
31,True,True,True,True,True,True,Eliminacion,1,F:\Cursos\Ciencia de Datos\Modulo 5\CODIGOS\Proyecto Fotnite\VIDEOS\ORIGINAL\Fortnite 2025.12.21 - 09.42.29.05.Eliminación.DVR.mp4
32,True,True,True,True,True,True,Eliminacion,1,F:\Cursos\Ciencia de Datos\Modulo 5\CODIGOS\Proyecto Fotnite\VIDEOS\ORIGINAL\Fortnite 2025.12.21 - 17.23.11.10.Eliminación.DVR.mp4
33,True,True,True,True,True,True,Eliminacion,1,F:\Cursos\Ciencia de Datos\Modulo 5\CODIGOS\Proyecto Fotnite\VIDEOS\ORIGINAL\Fortnite 2025.12.21 - 17.23.33.11.Eliminación.DVR.mp4
34,True,True,True,True,True,True,Eliminacion,1,F:\Cursos\Ciencia de Datos\Modulo 5\CODIGOS\Proyecto Fotnite\VIDEOS\ORIGINAL\Fortnite 2025.12.21 - 17.23.43.12.Eliminación.DVR.mp4
35,True,True,True,True,True,True,Eliminacion,1,F:\Cursos\Ciencia de Datos\Modulo 5\CODIGOS\Proyecto Fotnite\VIDEOS\ORIGINAL\Fortnite 2025.12.21 - 17.25.37.13.Eliminación.DVR.mp4
36,True,True,True,True,True,True,Eliminacion,1,F:\Cursos\Ciencia de Datos\Modulo 5\CODIGOS\Proyecto Fotnite\VIDEOS\ORIGINAL\Fortnite 2025.12.21 - 17.26.16.14.Eliminación.DVR.mp4
37,True,True,True,True,True,True,Eliminacion,1,F:\Cursos\Ciencia de Datos\Modulo 5\CODIGOS\Proyecto Fotnite\VIDEOS\ORIGINAL\Fortnite 2025.12.21 - 17.26.34.15.Eliminación.DVR.mp4
38,True,True,True,True,True,True,Eliminacion,1,F:\Cursos\Ciencia de Datos\Modulo 5\CODIGOS\Proyecto Fotnite\VIDEOS\ORIGINAL\Fortnite 2025.12.21 - 17.27.11.16.Eliminación.DVR.mp4
39,True,True,True,True,True,True,Eliminacion,1,F:\Cursos\Ciencia de Datos\Modulo 5\CODIGOS\Proyecto Fotnite\VIDEOS\ORIGINAL\Fortnite 2025.12.21 - 17.27.29.17.Eliminación.DVR.mp4
40,True,True,True,True,True,True,Eliminacion,1,F:\Cursos\Ciencia de Datos\Modulo 5\CODIGOS\Proyecto Fotnite\VIDEOS\ORIGINAL\Fortnite 2025.12.21 - 17.30.51.18.Eliminación.DVR.mp4
41,True,True,True,True,True,True,Eliminacion,1,F:\Cursos\Ciencia de Datos\Modulo 5\CODIGOS\Proyecto Fotnite\VIDEOS\ORIGINAL\Fortnite 2025.12.21 - 17.31.27.19.Eliminación.DVR.mp4
42,True,True,True,True,True,True,Eliminacion,1,F:\Cursos\Ciencia de Datos\Modulo 5\CODIGOS\Proyecto Fotnite\VIDEOS\ORIGINAL\Fortnite 2025.12.21 - 17.31.51.20.Eliminación.DVR.mp4
43,True,True,True,True,True,True,Eliminacion,1,F:\Cursos\Ciencia de Datos\Modulo 5\CODIGOS\Proyecto Fotnite\VIDEOS\ORIGINAL\Fortnite 2025.12.21 - 17.32.55.21.Eliminación.DVR.mp4
44,True,True,True,True,True,True,Eliminacion,1,F:\Cursos\Ciencia de Datos\Modulo 5\CODIGOS\Proyecto Fotnite\VIDEOS\ORIGINAL\Fortnite 2025.12.21 - 17.33.23.22.Eliminación.DVR.mp4
45,True,True,True,True,True,True,Victoria,2,F:\Cursos\Ciencia de Datos\Modulo 5\CODIGOS\Proyecto Fotnite\VIDEOS\ORIGINAL\Fortnite 2025.12.21 - 17.34.21.23.Victoria.DVR.mp4
46,True,True,True,True,True,True,Eliminacion,1,F:\Cursos\Ciencia de Datos\Modulo 5\CODIGOS\Proyecto Fotnite\VIDEOS\ORIGINAL\Fortnite 2025.12.23 - 16.36.53.02.Eliminación.DVR.mp4
47,True,True,True,True,True,True,Eliminacion,1,F:\Cursos\Ciencia de Datos\Modulo 5\CODIGOS\Proyecto Fotnite\VIDEOS\ORIGINAL\Fortnite 2025.12.23 - 16.37.17.03.Eliminación.DVR.mp4
48,True,True,True,True,True,True,Eliminacion,1,F:\Cursos\Ciencia de Datos\Modulo 5\CODIGOS\Proyecto Fotnite\VIDEOS\ORIGINAL\Fortnite 2025.12.23 - 16.38.16.04.Eliminación.DVR.mp4
49,True,True,True,True,True,True,Eliminacion,1,F:\Cursos\Ciencia de Datos\Modulo 5\CODIGOS\Proyecto Fotnite\VIDEOS\ORIGINAL\Fortnite 2025.12.23 - 16.39.43.05.Eliminación.DVR.mp4
50,True,True,True,True,True,True,Eliminacion,1,F:\Cursos\Ciencia de Datos\Modulo 5\CODIGOS\Proyecto Fotnite\VIDEOS\ORIGINAL\Fortnite 2025.12.23 - 16.39.51.06.Eliminación.DVR.mp4
51,True,True,True,True,True,True,Eliminacion,1,F:\Cursos\Ciencia de Datos\Modulo 5\CODIGOS\Proyecto Fotnite\VIDEOS\ORIGINAL\Fortnite 2025.12.23 - 16.40.02.07.Eliminación.DVR.mp4
52,True,True,True,True,True,True,Eliminacion,1,F:\Cursos\Ciencia de Datos\Modulo 5\CODIGOS\Proyecto Fotnite\VIDEOS\ORIGINAL\Fortnite 2025.12.23 - 16.40.39.08.Eliminación.DVR.mp4
53,True,True,True,True,True,True,Eliminacion,1,F:\Cursos\Ciencia de Datos\Modulo 5\CODIGOS\Proyecto Fotnite\VIDEOS\ORIGINAL\Fortnite 2025.12.23 - 16.40.47.09.Eliminación.DVR.mp4
54,True,True,True,True,True,True,Eliminacion,1,F:\Cursos\Ciencia de Datos\Modulo 5\CODIGOS\Proyecto Fotnite\VIDEOS\ORIGINAL\Fortnite 2025.12.23 - 16.41.32.10.Eliminación.DVR.mp4
55,True,True,True,True,True,True,Eliminacion,1,F:\Cursos\Ciencia de Datos\Modulo 5\CODIGOS\Proyecto Fotnite\VIDEOS\ORIGINAL\Fortnite 2025.12.23 - 16.42.00.11.Eliminación.DVR.mp4
56,True,True,True,True,True,True,Eliminacion,1,F:\Cursos\Ciencia de Datos\Modulo 5\CODIGOS\Proyecto Fotnite\VIDEOS\ORIGINAL\Fortnite 2025.12.23 - 16.42.06.12.Eliminación.DVR.mp4
57,True,True,True,True,True,True,Eliminacion,1,F:\Cursos\Ciencia de Datos\Modulo 5\CODIGOS\Proyecto Fotnite\VIDEOS\ORIGINAL\Fortnite 2025.12.23 - 16.42.16.13.Eliminación.DVR.mp4
58,True,True,True,True,True,True,Eliminacion,1,F:\Cursos\Ciencia de Datos\Modulo 5\CODIGOS\Proyecto Fotnite\VIDEOS\ORIGINAL\Fortnite 2025.12.23 - 16.43.23.14.Eliminación.DVR.mp4
59,True,True,True,True,True,True,Eliminacion,1,F:\Cursos\Ciencia de Datos\Modulo 5\CODIGOS\Proyecto Fotnite\VIDEOS\ORIGINAL\Fortnite 2025.12.23 - 16.45.19.15.Eliminación.DVR.mp4
60,True,True,True,True,True,True,Victoria,2,F:\Cursos\Ciencia de Datos\Modulo 5\CODIGOS\Proyecto Fotnite\VIDEOS\ORIGINAL\Fortnite 2025.12.23 - 16.48.06.16.Victoria.DVR.mp4
61,True,True,True,True,True,True,Eliminacion,1,F:\Cursos\Ciencia de Datos\Modulo 5\CODIGOS\Proyecto Fotnite\VIDEOS\ORIGINAL\Fortnite 2025.12.28 - 14.11.19.38.Eliminación.DVR.mp4
62,True,True,True,True,True,True,Eliminacion,1,F:\Cursos\Ciencia de Datos\Modulo 5\CODIGOS\Proyecto Fotnite\VIDEOS\ORIGINAL\Fortnite 2025.12.28 - 14.13.30.39.Eliminación.DVR.mp4
63,True,True,True,True,True,True,Eliminacion,1,F:\Cursos\Ciencia de Datos\Modulo 5\CODIGOS\Proyecto Fotnite\VIDEOS\ORIGINAL\Fortnite 2025.12.28 - 14.13.40.40.Eliminación.DVR.mp4
64,True,True,True,True,True,True,Eliminacion,1,F:\Cursos\Ciencia de Datos\Modulo 5\CODIGOS\Proyecto Fotnite\VIDEOS\ORIGINAL\Fortnite 2025.12.28 - 14.13.52.41.Eliminación.DVR.mp4
65,True,True,True,True,True,True,Eliminacion,1,F:\Cursos\Ciencia de Datos\Modulo 5\CODIGOS\Proyecto Fotnite\VIDEOS\ORIGINAL\Fortnite 2025.12.28 - 14.14.20.42.Eliminación.DVR.mp4
66,True,True,True,True,True,True,Eliminacion,1,F:\Cursos\Ciencia de Datos\Modulo 5\CODIGOS\Proyecto Fotnite\VIDEOS\ORIGINAL\Fortnite 2025.12.28 - 14.15.26.43.Abajo.DVR.mp4
67,True,True,True,True,True,True,Eliminacion,1,F:\Cursos\Ciencia de Datos\Modulo 5\CODIGOS\Proyecto Fotnite\VIDEOS\ORIGINAL\Fortnite 2025.12.28 - 14.15.33.44.Eliminación.DVR.mp4
68,True,True,True,True,True,True,Eliminacion,1,F:\Cursos\Ciencia de Datos\Modulo 5\CODIGOS\Proyecto Fotnite\VIDEOS\ORIGINAL\Fortnite 2025.12.28 - 14.16.29.45.Eliminación.DVR.mp4
69,True,True,True,True,True,True,Eliminacion,1,F:\Cursos\Ciencia de Datos\Modulo 5\CODIGOS\Proyecto Fotnite\VIDEOS\ORIGINAL\Fortnite 2025.12.28 - 14.20.07.46.Eliminación doble.DVR.mp4
70,True,True,True,True,True,True,Eliminacion,1,F:\Cursos\Ciencia de Datos\Modulo 5\CODIGOS\Proyecto Fotnite\VIDEOS\ORIGINAL\Fortnite 2025.12.28 - 14.20.18.47.Eliminación.DVR.mp4
71,True,True,True,True,True,True,Eliminacion,1,F:\Cursos\Ciencia de Datos\Modulo 5\CODIGOS\Proyecto Fotnite\VIDEOS\ORIGINAL\Fortnite 2025.12.28 - 14.22.10.48.Abajo.DVR.mp4
72,True,True,True,True,True,True,Eliminacion,1,F:\Cursos\Ciencia de Datos\Modulo 5\CODIGOS\Proyecto Fotnite\VIDEOS\ORIGINAL\Fortnite 2025.12.28 - 14.22.46.49.Eliminación.DVR.mp4
73,True,True,True,True,True,True,Eliminacion,1,F:\Cursos\Ciencia de Datos\Modulo 5\CODIGOS\Proyecto Fotnite\VIDEOS\ORIGINAL\Fortnite 2025.12.28 - 14.24.10.50.Eliminación.DVR.mp4
74,True,True,True,True,True,True,Eliminacion,1,F:\Cursos\Ciencia de Datos\Modulo 5\CODIGOS\Proyecto Fotnite\VIDEOS\ORIGINAL\Fortnite 2025.12.28 - 14.24.25.51.Eliminación.DVR.mp4
75,True,True,True,True,True,True,Eliminado,0,F:\Cursos\Ciencia de Datos\Modulo 5\CODIGOS\Proyecto Fotnite\VIDEOS\ORIGINAL\Fortnite 2025.12.28 - 14.24.46.52.Eliminado.DVR.mp4
76,True,True,True,True,True,True,Eliminacion,1,F:\Cursos\Ciencia de Datos\Modulo 5\CODIGOS\Proyecto Fotnite\VIDEOS\ORIGINAL\Fortnite 2026.01.11 - 18.35.49.22.Abajo.DVR.mp4
77,True,True,True,True,True,True,Eliminacion,1,F:\Cursos\Ciencia de Datos\Modulo 5\CODIGOS\Proyecto Fotnite\VIDEOS\ORIGINAL\Fortnite 2026.01.11 - 18.36.02.23.Eliminación.DVR.mp4
78,True,True,True,True,True,True,Eliminacion,1,F:\Cursos\Ciencia de Datos\Modulo 5\CODIGOS\Proyecto Fotnite\VIDEOS\ORIGINAL\Fortnite 2026.01.11 - 18.36.55.24.Eliminación.DVR.mp4
79,True,True,True,True,True,True,Eliminacion,1,F:\Cursos\Ciencia de Datos\Modulo 5\CODIGOS\Proyecto Fotnite\VIDEOS\ORIGINAL\Fortnite 2026.01.11 - 18.38.34.25.Abajo.DVR.mp4
80,True,True,True,True,True,True,Eliminacion,1,F:\Cursos\Ciencia de Datos\Modulo 5\CODIGOS\Proyecto Fotnite\VIDEOS\ORIGINAL\Fortnite 2026.01.11 - 18.38.45.26.Eliminación doble.DVR.mp4
81,True,True,True,True,True,True,Eliminacion,1,F:\Cursos\Ciencia de Datos\Modulo 5\CODIGOS\Proyecto Fotnite\VIDEOS\ORIGINAL\Fortnite 2026.01.11 - 18.39.12.27.Eliminación.DVR.mp4
82,True,True,True,True,True,True,Eliminacion,1,F:\Cursos\Ciencia de Datos\Modulo 5\CODIGOS\Proyecto Fotnite\VIDEOS\ORIGINAL\Fortnite 2026.01.11 - 18.40.19.28.Eliminación.DVR.mp4
83,True,True,True,True,True,True,Eliminacion,1,F:\Cursos\Ciencia de Datos\Modulo 5\CODIGOS\Proyecto Fotnite\VIDEOS\ORIGINAL\Fortnite 2026.01.11 - 18.42.47.29.Abajo.DVR.mp4
84,True,True,True,True,True,True,Eliminacion,1,F:\Cursos\Ciencia de Datos\Modulo 5\CODIGOS\Proyecto Fotnite\VIDEOS\ORIGINAL\Fortnite 2026.01.11 - 18.42.56.30.Eliminación.DVR.mp4
85,True,True,True,True,True,True,Eliminacion,1,F:\Cursos\Ciencia de Datos\Modulo 5\CODIGOS\Proyecto Fotnite\VIDEOS\ORIGINAL\Fortnite 2026.01.11 - 18.43.05.31.Eliminación.DVR.mp4
86,True,True,True,True,True,True,Eliminacion,1,F:\Cursos\Ciencia de Datos\Modulo 5\CODIGOS\Proyecto Fotnite\VIDEOS\ORIGINAL\Fortnite 2026.01.11 - 18.45.43.32.Abajo.DVR.mp4
87,True,True,True,True,True,True,Eliminacion,1,F:\Cursos\Ciencia de Datos\Modulo 5\CODIGOS\Proyecto Fotnite\VIDEOS\ORIGINAL\Fortnite 2026.01.11 - 18.45.50.33.Eliminación.DVR.mp4
88,True,True,True,True,True,True,Victoria,2,F:\Cursos\Ciencia de Datos\Modulo 5\CODIGOS\Proyecto Fotnite\VIDEOS\ORIGINAL\Fortnite 2026.01.11 - 18.46.19.34.Victoria.DVR.mp4
89,True,True,True,True,True,True,Eliminacion,1,F:\Cursos\Ciencia de Datos\Modulo 5\CODIGOS\Proyecto Fotnite\VIDEOS\ORIGINAL\Fortnite 2026.03.07 - 19.23.56.03.Eliminación.DVR.mp4
90,True,True,True,True,True,True,Eliminacion,1,F:\Cursos\Ciencia de Datos\Modulo 5\CODIGOS\Proyecto Fotnite\VIDEOS\ORIGINAL\Fortnite 2026.03.07 - 19.25.08.04.Eliminación doble.DVR.mp4
91,True,True,True,True,True,True,Eliminacion,1,F:\Cursos\Ciencia de Datos\Modulo 5\CODIGOS\Proyecto Fotnite\VIDEOS\ORIGINAL\Fortnite 2026.03.07 - 19.25.24.05.Eliminación.DVR.mp4
92,True,True,True,True,True,True,Eliminacion,1,F:\Cursos\Ciencia de Datos\Modulo 5\CODIGOS\Proyecto Fotnite\VIDEOS\ORIGINAL\Fortnite 2026.03.07 - 19.25.41.06.Eliminación.DVR.mp4
93,True,True,True,True,True,True,Eliminacion,1,F:\Cursos\Ciencia de Datos\Modulo 5\CODIGOS\Proyecto Fotnite\VIDEOS\ORIGINAL\Fortnite 2026.03.07 - 19.25.59.07.Eliminación.DVR.mp4
94,True,True,True,True,True,True,Eliminacion,1,F:\Cursos\Ciencia de Datos\Modulo 5\CODIGOS\Proyecto Fotnite\VIDEOS\ORIGINAL\Fortnite 2026.03.07 - 19.26.08.08.Eliminación.DVR.mp4
95,True,True,True,True,True,True,Eliminacion,1,F:\Cursos\Ciencia de Datos\Modulo 5\CODIGOS\Proyecto Fotnite\VIDEOS\ORIGINAL\Fortnite 2026.03.07 - 19.27.21.09.Eliminación.DVR.mp4
96,True,True,True,True,True,True,Eliminacion,1,F:\Cursos\Ciencia de Datos\Modulo 5\CODIGOS\Proyecto Fotnite\VIDEOS\ORIGINAL\Fortnite 2026.03.07 - 19.27.30.10.Eliminación.DVR.mp4
97,True,True,True,True,True,True,Eliminacion,1,F:\Cursos\Ciencia de Datos\Modulo 5\CODIGOS\Proyecto Fotnite\VIDEOS\ORIGINAL\Fortnite 2026.03.07 - 19.27.36.11.Eliminación.DVR.mp4
98,True,True,True,True,True,True,Eliminacion,1,F:\Cursos\Ciencia de Datos\Modulo 5\CODIGOS\Proyecto Fotnite\VIDEOS\ORIGINAL\Fortnite 2026.03.07 - 19.28.01.12.Eliminación.DVR.mp4
99,True,True,True,True,True,True,Eliminacion,1,F:\Cursos\Ciencia de Datos\Modulo 5\CODIGOS\Proyecto Fotnite\VIDEOS\ORIGINAL\Fortnite 2026.03.07 - 19.28.20.13.Eliminación.DVR.mp4
100,True,True,True,True,True,True,Eliminacion,1,F:\Cursos\Ciencia de Datos\Modulo 5\CODIGOS\Proyecto Fotnite\VIDEOS\ORIGINAL\Fortnite 2026.03.07 - 19.29.03.14.Eliminación.DVR.mp4
101,True,True,True,True,True,True,Eliminacion,1,F:\Cursos\Ciencia de Datos\Modulo 5\CODIGOS\Proyecto Fotnite\VIDEOS\ORIGINAL\Fortnite 2026.03.07 - 19.29.29.15.Eliminación.DVR.mp4
102,True,True,True,True,True,True,Eliminacion,1,F:\Cursos\Ciencia de Datos\Modulo 5\CODIGOS\Proyecto Fotnite\VIDEOS\ORIGINAL\Fortnite 2026.03.07 - 19.32.18.16.Eliminación.DVR.mp4
103,True,True,True,True,True,True,Eliminacion,1,F:\Cursos\Ciencia de Datos\Modulo 5\CODIGOS\Proyecto Fotnite\VIDEOS\ORIGINAL\Fortnite 2026.03.07 - 19.34.16.17.Eliminación.DVR.mp4
104,True,True,True,True,True,True,Eliminacion,1,F:\Cursos\Ciencia de Datos\Modulo 5\CODIGOS\Proyecto Fotnite\VIDEOS\ORIGINAL\Fortnite 2026.03.19 - 20.46.11.04.Eliminación.DVR.mp4
105,True,True,True,True,True,True,Eliminacion,1,F:\Cursos\Ciencia de Datos\Modulo 5\CODIGOS\Proyecto Fotnite\VIDEOS\ORIGINAL\Fortnite 2026.03.19 - 20.47.48.05.Eliminación.DVR.mp4
106,True,True,True,True,True,True,Eliminacion,1,F:\Cursos\Ciencia de Datos\Modulo 5\CODIGOS\Proyecto Fotnite\VIDEOS\ORIGINAL\Fortnite 2026.03.19 - 20.48.58.06.Eliminación.DVR.mp4
107,True,True,True,True,True,True,Eliminacion,1,F:\Cursos\Ciencia de Datos\Modulo 5\CODIGOS\Proyecto Fotnite\VIDEOS\ORIGINAL\Fortnite 2026.03.19 - 20.49.07.07.Eliminación.DVR.mp4
108,True,True,True,True,True,True,Eliminacion,1,F:\Cursos\Ciencia de Datos\Modulo 5\CODIGOS\Proyecto Fotnite\VIDEOS\ORIGINAL\Fortnite 2026.03.19 - 20.49.37.08.Eliminación.DVR.mp4
109,True,True,True,True,True,True,Eliminacion,1,F:\Cursos\Ciencia de Datos\Modulo 5\CODIGOS\Proyecto Fotnite\VIDEOS\ORIGINAL\Fortnite 2026.03.19 - 20.51.13.09.Eliminación.DVR.mp4
110,True,True,True,True,True,True,Eliminacion,1,F:\Cursos\Ciencia de Datos\Modulo 5\CODIGOS\Proyecto Fotnite\VIDEOS\ORIGINAL\Fortnite 2026.03.19 - 20.54.18.10.Eliminación.DVR.mp4
111,True,True,True,True,True,True,Eliminacion,1,F:\Cursos\Ciencia de Datos\Modulo 5\CODIGOS\Proyecto Fotnite\VIDEOS\ORIGINAL\Fortnite 2026.03.19 - 20.54.51.11.Eliminación.DVR.mp4
112,True,True,True,True,True,True,Eliminacion,1,F:\Cursos\Ciencia de Datos\Modulo 5\CODIGOS\Proyecto Fotnite\VIDEOS\ORIGINAL\Fortnite 2026.03.19 - 20.56.00.12.Eliminación.DVR.mp4
113,True,True,True,True,True,True,Victoria,2,F:\Cursos\Ciencia de Datos\Modulo 5\CODIGOS\Proyecto Fotnite\VIDEOS\ORIGINAL\Fortnite 2026.03.19 - 20.56.44.13.Victoria.DVR.mp4
114,True,True,True,True,True,True,Eliminacion,1,F:\Cursos\Ciencia de Datos\Modulo 5\CODIGOS\Proyecto Fotnite\VIDEOS\ORIGINAL\Fortnite 2026.03.20 - 17.36.37.02.Eliminación.DVR.mp4
115,True,True,True,True,True,True,Eliminacion,1,F:\Cursos\Ciencia de Datos\Modulo 5\CODIGOS\Proyecto Fotnite\VIDEOS\ORIGINAL\Fortnite 2026.03.20 - 17.37.51.03.Eliminación doble.DVR.mp4
116,True,True,True,True,True,True,Eliminacion,1,F:\Cursos\Ciencia de Datos\Modulo 5\CODIGOS\Proyecto Fotnite\VIDEOS\ORIGINAL\Fortnite 2026.03.20 - 17.38.30.04.Eliminación.DVR.mp4
117,True,True,True,True,True,True,Eliminacion,1,F:\Cursos\Ciencia de Datos\Modulo 5\CODIGOS\Proyecto Fotnite\VIDEOS\ORIGINAL\Fortnite 2026.03.20 - 17.39.10.05.Eliminación.DVR.mp4
118,True,True,True,True,True,True,Eliminacion,1,F:\Cursos\Ciencia de Datos\Modulo 5\CODIGOS\Proyecto Fotnite\VIDEOS\ORIGINAL\Fortnite 2026.03.20 - 17.39.30.06.Eliminación.DVR.mp4
119,True,True,True,True,True,True,Eliminacion,1,F:\Cursos\Ciencia de Datos\Modulo 5\CODIGOS\Proyecto Fotnite\VIDEOS\ORIGINAL\Fortnite 2026.03.20 - 17.39.39.07.Eliminación.DVR.mp4
120,True,True,True,True,True,True,Eliminacion,1,F:\Cursos\Ciencia de Datos\Modulo 5\CODIGOS\Proyecto Fotnite\VIDEOS\ORIGINAL\Fortnite 2026.03.20 - 17.39.51.08.Eliminación.DVR.mp4
121,True,True,True,True,True,True,Eliminacion,1,F:\Cursos\Ciencia de Datos\Modulo 5\CODIGOS\Proyecto Fotnite\VIDEOS\ORIGINAL\Fortnite 2026.03.20 - 17.40.12.09.Eliminación.DVR.mp4
122,True,True,True,True,True,True,Eliminacion,1,F:\Cursos\Ciencia de Datos\Modulo 5\CODIGOS\Proyecto Fotnite\VIDEOS\ORIGINAL\Fortnite 2026.03.20 - 17.41.18.10.Eliminación.DVR.mp4
123,True,True,True,True,True,True,Eliminacion,1,F:\Cursos\Ciencia de Datos\Modulo 5\CODIGOS\Proyecto Fotnite\VIDEOS\ORIGINAL\Fortnite 2026.03.20 - 17.42.36.11.Eliminación.DVR.mp4
124,True,True,True,True,True,True,Eliminacion,1,F:\Cursos\Ciencia de Datos\Modulo 5\CODIGOS\Proyecto Fotnite\VIDEOS\ORIGINAL\Fortnite 2026.03.20 - 17.45.00.12.Eliminación.DVR.mp4
125,True,True,True,True,True,True,Eliminacion,1,F:\Cursos\Ciencia de Datos\Modulo 5\CODIGOS\Proyecto Fotnite\VIDEOS\ORIGINAL\Fortnite 2026.03.20 - 17.45.43.13.Eliminación.DVR.mp4
126,True,True,True,True,True,True,Eliminado,0,F:\Cursos\Ciencia de Datos\Modulo 5\CODIGOS\Proyecto Fotnite\VIDEOS\ORIGINAL\Fortnite 2026.03.20 - 17.45.49.14.Eliminado.DVR.mp4
127,True,True,True,True,True,True,Victoria,2,F:\Cursos\Ciencia de Datos\Modulo 5\CODIGOS\Proyecto Fotnite\VIDEOS\ORIGINAL\Fortnite 2026.03.20 - 17.47.49.15.Victoria.DVR.mp4
128,True,True,True,True,True,True,Eliminacion,1,F:\Cursos\Ciencia de Datos\Modulo 5\CODIGOS\Proyecto Fotnite\VIDEOS\ORIGINAL\Fortnite 2026.03.21 - 19.02.14.02.Eliminación.DVR.mp4
129,True,True,True,True,True,True,Eliminacion,1,F:\Cursos\Ciencia de Datos\Modulo 5\CODIGOS\Proyecto Fotnite\VIDEOS\ORIGINAL\Fortnite 2026.03.21 - 19.02.21.03.Eliminación.DVR.mp4
130,True,True,True,True,True,True,Eliminacion,1,F:\Cursos\Ciencia de Datos\Modulo 5\CODIGOS\Proyecto Fotnite\VIDEOS\ORIGINAL\Fortnite 2026.03.21 - 19.02.27.04.Eliminación.DVR.mp4
131,True,True,True,True,True,True,Eliminacion,1,F:\Cursos\Ciencia de Datos\Modulo 5\CODIGOS\Proyecto Fotnite\VIDEOS\ORIGINAL\Fortnite 2026.03.21 - 19.04.13.05.Eliminación.DVR.mp4
132,True,True,True,True,True,True,Eliminacion,1,F:\Cursos\Ciencia de Datos\Modulo 5\CODIGOS\Proyecto Fotnite\VIDEOS\ORIGINAL\Fortnite 2026.03.21 - 19.05.23.06.Eliminación doble.DVR.mp4
133,True,True,True,True,True,True,Eliminacion,1,F:\Cursos\Ciencia de Datos\Modulo 5\CODIGOS\Proyecto Fotnite\VIDEOS\ORIGINAL\Fortnite 2026.03.21 - 19.06.05.07.Eliminación.DVR.mp4
134,True,True,True,True,True,True,Eliminacion,1,F:\Cursos\Ciencia de Datos\Modulo 5\CODIGOS\Proyecto Fotnite\VIDEOS\ORIGINAL\Fortnite 2026.03.21 - 19.06.19.08.Eliminación.DVR.mp4
135,True,True,True,True,True,True,Eliminacion,1,F:\Cursos\Ciencia de Datos\Modulo 5\CODIGOS\Proyecto Fotnite\VIDEOS\ORIGINAL\Fortnite 2026.03.21 - 19.06.30.09.Eliminación.DVR.mp4
136,True,True,True,True,True,True,Eliminacion,1,F:\Cursos\Ciencia de Datos\Modulo 5\CODIGOS\Proyecto Fotnite\VIDEOS\ORIGINAL\Fortnite 2026.03.21 - 19.07.40.10.Eliminación.DVR.mp4
137,True,True,True,True,True,True,Eliminacion,1,F:\Cursos\Ciencia de Datos\Modulo 5\CODIGOS\Proyecto Fotnite\VIDEOS\ORIGINAL\Fortnite 2026.03.21 - 19.08.30.11.Eliminación.DVR.mp4
138,True,True,True,True,True,True,Eliminacion,1,F:\Cursos\Ciencia de Datos\Modulo 5\CODIGOS\Proyecto Fotnite\VIDEOS\ORIGINAL\Fortnite 2026.03.21 - 19.10.13.12.Eliminación.DVR.mp4
139,True,True,True,True,True,True,Eliminacion,1,F:\Cursos\Ciencia de Datos\Modulo 5\CODIGOS\Proyecto Fotnite\VIDEOS\ORIGINAL\Fortnite 2026.03.21 - 19.11.02.13.Eliminación doble.DVR.mp4
140,True,True,True,True,True,True,Eliminacion,1,F:\Cursos\Ciencia de Datos\Modulo 5\CODIGOS\Proyecto Fotnite\VIDEOS\ORIGINAL\Fortnite 2026.03.21 - 19.11.14.14.Eliminación.DVR.mp4
141,True,True,True,True,True,True,Eliminacion,1,F:\Cursos\Ciencia de Datos\Modulo 5\CODIGOS\Proyecto Fotnite\VIDEOS\ORIGINAL\Fortnite 2026.03.21 - 19.12.47.15.Eliminación.DVR.mp4
142,True,True,True,True,True,True,Victoria,2,F:\Cursos\Ciencia de Datos\Modulo 5\CODIGOS\Proyecto Fotnite\VIDEOS\ORIGINAL\Fortnite 2026.03.21 - 19.13.01.16.Victoria.DVR.mp4
143,True,True,True,True,True,True,Eliminacion,1,F:\Cursos\Ciencia de Datos\Modulo 5\CODIGOS\Proyecto Fotnite\VIDEOS\ORIGINAL\Fortnite 2026.04.30 - 18.48.03.02.Eliminación.DVR.mp4
144,True,True,True,True,True,True,Eliminacion,1,F:\Cursos\Ciencia de Datos\Modulo 5\CODIGOS\Proyecto Fotnite\VIDEOS\ORIGINAL\Fortnite 2026.04.30 - 18.48.13.03.Eliminación.DVR.mp4
145,True,True,True,True,True,True,Eliminacion,1,F:\Cursos\Ciencia de Datos\Modulo 5\CODIGOS\Proyecto Fotnite\VIDEOS\ORIGINAL\Fortnite 2026.04.30 - 18.48.25.04.Eliminación.DVR.mp4
146,True,True,True,True,True,True,Eliminacion,1,F:\Cursos\Ciencia de Datos\Modulo 5\CODIGOS\Proyecto Fotnite\VIDEOS\ORIGINAL\Fortnite 2026.04.30 - 18.50.32.05.Eliminación.DVR.mp4
147,True,True,True,True,True,True,Eliminacion,1,F:\Cursos\Ciencia de Datos\Modulo 5\CODIGOS\Proyecto Fotnite\VIDEOS\ORIGINAL\Fortnite 2026.04.30 - 18.52.22.06.Eliminación.DVR.mp4
148,True,True,True,True,True,True,Eliminacion,1,F:\Cursos\Ciencia de Datos\Modulo 5\CODIGOS\Proyecto Fotnite\VIDEOS\ORIGINAL\Fortnite 2026.04.30 - 18.52.45.07.Eliminación.DVR.mp4
149,True,True,True,True,True,True,Eliminacion,1,F:\Cursos\Ciencia de Datos\Modulo 5\CODIGOS\Proyecto Fotnite\VIDEOS\ORIGINAL\Fortnite 2026.04.30 - 18.55.38.08.Eliminación.DVR.mp4
150,True,True,True,True,True,True,Victoria,2,F:\Cursos\Ciencia de Datos\Modulo 5\CODIGOS\Proyecto Fotnite\VIDEOS\ORIGINAL\Fortnite 2026.04.30 - 18.58.09.09.Victoria.DVR.mp4
151,True,True,True,True,True,True,Eliminacion,1,F:\Cursos\Ciencia de Datos\Modulo 5\CODIGOS\Proyecto Fotnite\VIDEOS\ORIGINAL\Fortnite 2026.05.23 - 22.52.44.02.Eliminación.DVR.mp4
152,True,True,True,True,True,True,Eliminacion,1,F:\Cursos\Ciencia de Datos\Modulo 5\CODIGOS\Proyecto Fotnite\VIDEOS\ORIGINAL\Fortnite 2026.05.23 - 22.53.09.03.Eliminación.DVR.mp4
153,True,True,True,True,True,True,Eliminacion,1,F:\Cursos\Ciencia de Datos\Modulo 5\CODIGOS\Proyecto Fotnite\VIDEOS\ORIGINAL\Fortnite 2026.05.23 - 22.53.15.04.Eliminación.DVR.mp4
154,True,True,True,True,True,True,Eliminacion,1,F:\Cursos\Ciencia de Datos\Modulo 5\CODIGOS\Proyecto Fotnite\VIDEOS\ORIGINAL\Fortnite 2026.05.23 - 22.58.03.05.Eliminación.DVR.mp4
155,True,True,True,True,True,True,Eliminacion,1,F:\Cursos\Ciencia de Datos\Modulo 5\CODIGOS\Proyecto Fotnite\VIDEOS\ORIGINAL\Fortnite 2026.05.23 - 22.58.24.06.Eliminación.DVR.mp4
156,True,True,True,True,True,True,Eliminacion,1,F:\Cursos\Ciencia de Datos\Modulo 5\CODIGOS\Proyecto Fotnite\VIDEOS\ORIGINAL\Fortnite 2026.05.23 - 22.58.58.07.Eliminación.DVR.mp4
157,True,True,True,True,True,True,Eliminacion,1,F:\Cursos\Ciencia de Datos\Modulo 5\CODIGOS\Proyecto Fotnite\VIDEOS\ORIGINAL\Fortnite 2026.05.23 - 23.00.10.08.Eliminación.DVR.mp4
158,True,True,True,True,True,True,Eliminacion,1,F:\Cursos\Ciencia de Datos\Modulo 5\CODIGOS\Proyecto Fotnite\VIDEOS\ORIGINAL\Fortnite 2026.05.23 - 23.09.29.09.Eliminación.DVR.mp4
159,True,True,True,True,True,True,Victoria,2,F:\Cursos\Ciencia de Datos\Modulo 5\CODIGOS\Proyecto Fotnite\VIDEOS\ORIGINAL\Fortnite 2026.05.23 - 23.09.54.10.Victoria.DVR.mp4
160,True,True,True,True,True,True,Eliminacion,1,F:\Cursos\Ciencia de Datos\Modulo 5\CODIGOS\Proyecto Fotnite\VIDEOS\ORIGINAL\Fortnite 2026.05.25 - 17.05.15.13.Eliminación.DVR.mp4
161,True,True,True,True,True,True,Eliminacion,1,F:\Cursos\Ciencia de Datos\Modulo 5\CODIGOS\Proyecto Fotnite\VIDEOS\ORIGINAL\Fortnite 2026.05.25 - 17.07.22.14.Eliminación.DVR.mp4
162,True,True,True,True,True,True,Eliminacion,1,F:\Cursos\Ciencia de Datos\Modulo 5\CODIGOS\Proyecto Fotnite\VIDEOS\ORIGINAL\Fortnite 2026.05.25 - 17.09.48.15.Eliminación.DVR.mp4
163,True,True,True,True,True,True,Eliminacion,1,F:\Cursos\Ciencia de Datos\Modulo 5\CODIGOS\Proyecto Fotnite\VIDEOS\ORIGINAL\Fortnite 2026.05.25 - 17.10.47.16.Eliminación.DVR.mp4
164,True,True,True,True,True,True,Eliminacion,1,F:\Cursos\Ciencia de Datos\Modulo 5\CODIGOS\Proyecto Fotnite\VIDEOS\ORIGINAL\Fortnite 2026.05.25 - 17.11.21.17.Eliminación.DVR.mp4
165,True,True,True,True,True,True,Eliminacion,1,F:\Cursos\Ciencia de Datos\Modulo 5\CODIGOS\Proyecto Fotnite\VIDEOS\ORIGINAL\Fortnite 2026.05.25 - 17.12.15.18.Eliminación.DVR.mp4
166,True,True,True,True,True,True,Victoria,2,F:\Cursos\Ciencia de Datos\Modulo 5\CODIGOS\Proyecto Fotnite\VIDEOS\ORIGINAL\Fortnite 2026.05.25 - 17.23.56.19.Victoria.DVR.mp4
167,True,True,True,True,True,True,Eliminacion,1,F:\Cursos\Ciencia de Datos\Modulo 5\CODIGOS\Proyecto Fotnite\VIDEOS\ORIGINAL\Fortnite 2026.07.12 - 17.21.42.02.Eliminación.DVR.mp4
168,True,True,True,True,True,True,Eliminado,0,F:\Cursos\Ciencia de Datos\Modulo 5\CODIGOS\Proyecto Fotnite\VIDEOS\ORIGINAL\Fortnite 2026.07.12 - 17.22.02.03.Eliminado.DVR.mp4
169,True,True,True,True,True,True,Eliminacion,1,F:\Cursos\Ciencia de Datos\Modulo 5\CODIGOS\Proyecto Fotnite\VIDEOS\ORIGINAL\Fortnite 2026.07.12 - 17.27.49.05.Eliminación.DVR.mp4
170,True,True,True,True,True,True,Eliminacion,1,F:\Cursos\Ciencia de Datos\Modulo 5\CODIGOS\Proyecto Fotnite\VIDEOS\ORIGINAL\Fortnite 2026.07.12 - 17.29.04.06.Eliminación.DVR.mp4
171,True,True,True,True,True,True,Eliminacion,1,F:\Cursos\Ciencia de Datos\Modulo 5\CODIGOS\Proyecto Fotnite\VIDEOS\ORIGINAL\Fortnite 2026.07.12 - 17.29.39.07.Eliminación.DVR.mp4
172,True,True,True,True,True,True,Eliminacion,1,F:\Cursos\Ciencia de Datos\Modulo 5\CODIGOS\Proyecto Fotnite\VIDEOS\ORIGINAL\Fortnite 2026.07.12 - 17.34.25.08.Eliminación.DVR.mp4
173,True,True,True,True,True,True,Eliminado,0,F:\Cursos\Ciencia de Datos\Modulo 5\CODIGOS\Proyecto Fotnite\VIDEOS\ORIGINAL\Fortnite 2026.07.12 - 17.41.22.09.Eliminado.DVR.mp4
174,True,True,True,True,True,True,Eliminacion,1,F:\Cursos\Ciencia de Datos\Modulo 5\CODIGOS\Proyecto Fotnite\VIDEOS\ORIGINAL\Fortnite 2026.07.12 - 17.46.23.11.Eliminación.DVR.mp4
175,True,True,True,True,True,True,Eliminacion,1,F:\Cursos\Ciencia de Datos\Modulo 5\CODIGOS\Proyecto Fotnite\VIDEOS\ORIGINAL\Fortnite 2026.07.12 - 17.46.51.12.Eliminación.DVR.mp4
176,True,True,True,True,True,True,Eliminacion,1,F:\Cursos\Ciencia de Datos\Modulo 5\CODIGOS\Proyecto Fotnite\VIDEOS\ORIGINAL\Fortnite 2026.07.12 - 17.48.39.13.Eliminación.DVR.mp4
177,True,True,True,True,True,True,Eliminacion,1,F:\Cursos\Ciencia de Datos\Modulo 5\CODIGOS\Proyecto Fotnite\VIDEOS\ORIGINAL\Fortnite 2026.07.12 - 17.52.42.14.Eliminación.DVR.mp4
178,True,True,True,True,True,True,Eliminacion,1,F:\Cursos\Ciencia de Datos\Modulo 5\CODIGOS\Proyecto Fotnite\VIDEOS\ORIGINAL\Fortnite 2026.07.12 - 17.53.52.15.Eliminación.DVR.mp4
179,True,True,True,True,True,True,Eliminacion,1,F:\Cursos\Ciencia de Datos\Modulo 5\CODIGOS\Proyecto Fotnite\VIDEOS\ORIGINAL\Fortnite 2026.07.12 - 17.54.22.16.Eliminación.DVR.mp4
180,True,True,True,True,True,True,Eliminado,0,F:\Cursos\Ciencia de Datos\Modulo 5\CODIGOS\Proyecto Fotnite\VIDEOS\ORIGINAL\Fortnite 2026.07.12 - 17.58.20.17.Eliminado.DVR.mp4
181,True,True,True,True,True,True,Eliminacion,1,F:\Cursos\Ciencia de Datos\Modulo 5\CODIGOS\Proyecto Fotnite\VIDEOS\ORIGINAL\Fortnite 2026.07.15 - 19.00.04.02.Eliminación.DVR.mp4
182,True,True,True,True,True,True,Eliminacion,1,F:\Cursos\Ciencia de Datos\Modulo 5\CODIGOS\Proyecto Fotnite\VIDEOS\ORIGINAL\Fortnite 2026.07.15 - 19.00.20.03.Eliminación.DVR.mp4
183,True,True,True,True,True,True,Eliminacion,1,F:\Cursos\Ciencia de Datos\Modulo 5\CODIGOS\Proyecto Fotnite\VIDEOS\ORIGINAL\Fortnite 2026.07.15 - 19.06.17.04.Eliminación.DVR.mp4
184,True,True,True,True,True,True,Eliminado,0,F:\Cursos\Ciencia de Datos\Modulo 5\CODIGOS\Proyecto Fotnite\VIDEOS\ORIGINAL\Fortnite 2026.07.15 - 19.15.51.05.Eliminado.DVR.mp4
185,True,True,True,True,True,True,Eliminacion,1,F:\Cursos\Ciencia de Datos\Modulo 5\CODIGOS\Proyecto Fotnite\VIDEOS\ORIGINAL\Fortnite 2026.07.15 - 19.20.05.07.Eliminación.DVR.mp4
186,True,True,True,True,True,True,Eliminacion,1,F:\Cursos\Ciencia de Datos\Modulo 5\CODIGOS\Proyecto Fotnite\VIDEOS\ORIGINAL\Fortnite 2026.07.15 - 19.21.20.08.Eliminación.DVR.mp4
187,True,True,True,True,True,True,Eliminacion,1,F:\Cursos\Ciencia de Datos\Modulo 5\CODIGOS\Proyecto Fotnite\VIDEOS\ORIGINAL\Fortnite 2026.07.15 - 19.23.39.09.Eliminación.DVR.mp4
188,True,True,True,True,True,True,Eliminacion,1,F:\Cursos\Ciencia de Datos\Modulo 5\CODIGOS\Proyecto Fotnite\VIDEOS\ORIGINAL\Fortnite 2026.07.15 - 19.25.18.10.Eliminación.DVR.mp4
189,True,True,True,True,True,True,Eliminacion,1,F:\Cursos\Ciencia de Datos\Modulo 5\CODIGOS\Proyecto Fotnite\VIDEOS\ORIGINAL\Fortnite 2026.07.15 - 19.28.21.11.Eliminación.DVR.mp4
190,True,True,True,True,True,True,Eliminacion,1,F:\Cursos\Ciencia de Datos\Modulo 5\CODIGOS\Proyecto Fotnite\VIDEOS\ORIGINAL\Fortnite 2026.07.15 - 19.30.24.12.Eliminación.DVR.mp4
191,True,True,True,True,True,True,Eliminacion,1,F:\Cursos\Ciencia de Datos\Modulo 5\CODIGOS\Proyecto Fotnite\VIDEOS\ORIGINAL\Fortnite 2026.07.15 - 19.36.12.13.Eliminación.DVR.mp4
192,True,True,True,True,True,True,Eliminacion,1,F:\Cursos\Ciencia de Datos\Modulo 5\CODIGOS\Proyecto Fotnite\VIDEOS\ORIGINAL\Fortnite 2026.07.15 - 19.36.58.14.Eliminación.DVR.mp4
193,True,True,True,True,True,True,Eliminacion,1,F:\Cursos\Ciencia de Datos\Modulo 5\CODIGOS\Proyecto Fotnite\VIDEOS\ORIGINAL\Fortnite 2026.07.15 - 19.44.18.16.Eliminación doble.DVR.mp4
194,True,True,True,True,True,True,Eliminacion,1,F:\Cursos\Ciencia de Datos\Modulo 5\CODIGOS\Proyecto Fotnite\VIDEOS\ORIGINAL\Fortnite 2026.07.15 - 19.47.53.17.Eliminación.DVR.mp4
195,True,True,True,True,True,True,Eliminacion,1,F:\Cursos\Ciencia de Datos\Modulo 5\CODIGOS\Proyecto Fotnite\VIDEOS\ORIGINAL\Fortnite 2026.07.15 - 19.48.11.18.Eliminación.DVR.mp4
196,True,True,True,True,True,True,Eliminacion,1,F:\Cursos\Ciencia de Datos\Modulo 5\CODIGOS\Proyecto Fotnite\VIDEOS\ORIGINAL\Fortnite 2026.07.15 - 19.50.16.19.Eliminación doble.DVR.mp4
197,True,True,True,True,True,True,Eliminado,0,F:\Cursos\Ciencia de Datos\Modulo 5\CODIGOS\Proyecto Fotnite\VIDEOS\ORIGINAL\Fortnite 2026.07.15 - 19.52.49.20.Eliminado.DVR.mp4
198,True,True,True,True,True,True,Eliminacion,1,F:\Cursos\Ciencia de Datos\Modulo 5\CODIGOS\Proyecto Fotnite\VIDEOS\ORIGINAL\Fortnite 2026.07.15 - 19.55.58.22.Eliminación doble.DVR.mp4
199,True,True,True,True,True,True,Eliminacion,1,F:\Cursos\Ciencia de Datos\Modulo 5\CODIGOS\Proyecto Fotnite\VIDEOS\ORIGINAL\Fortnite 2026.07.15 - 19.56.14.23.Eliminación triple.DVR.mp4
200,True,True,True,True,True,True,Eliminacion,1,F:\Cursos\Ciencia de Datos\Modulo 5\CODIGOS\Proyecto Fotnite\VIDEOS\ORIGINAL\Fortnite 2026.07.15 - 20.01.21.24.Abajo.DVR.mp4
201,True,True,True,True,True,True,Eliminacion,1,F:\Cursos\Ciencia de Datos\Modulo 5\CODIGOS\Proyecto Fotnite\VIDEOS\ORIGINAL\Fortnite 2026.07.15 - 20.01.31.25.Eliminación.DVR.mp4
202,True,True,True,True,True,True,Eliminacion,1,F:\Cursos\Ciencia de Datos\Modulo 5\CODIGOS\Proyecto Fotnite\VIDEOS\ORIGINAL\Fortnite 2026.07.15 - 20.02.58.26.Eliminación.DVR.mp4
203,True,True,True,True,True,True,Eliminacion,1,F:\Cursos\Ciencia de Datos\Modulo 5\CODIGOS\Proyecto Fotnite\VIDEOS\ORIGINAL\Fortnite 2026.07.19 - 14.56.24.02.Eliminación.DVR.mp4
204,True,True,True,True,True,True,Eliminacion,1,F:\Cursos\Ciencia de Datos\Modulo 5\CODIGOS\Proyecto Fotnite\VIDEOS\ORIGINAL\Fortnite 2026.07.19 - 14.57.30.03.Eliminación doble.DVR.mp4
205,True,True,True,True,True,True,Eliminacion,1,F:\Cursos\Ciencia de Datos\Modulo 5\CODIGOS\Proyecto Fotnite\VIDEOS\ORIGINAL\Fortnite 2026.07.19 - 14.57.56.04.Eliminación doble.DVR.mp4
206,True,True,True,True,True,True,Eliminado,0,F:\Cursos\Ciencia de Datos\Modulo 5\CODIGOS\Proyecto Fotnite\VIDEOS\ORIGINAL\Fortnite 2026.07.19 - 15.09.49.05.Eliminado.DVR.mp4
207,True,True,True,True,True,True,Eliminacion,1,F:\Cursos\Ciencia de Datos\Modulo 5\CODIGOS\Proyecto Fotnite\VIDEOS\ORIGINAL\Fortnite 2026.07.19 - 16.29.51.08.Eliminación.DVR.mp4
208,True,True,True,True,True,True,Eliminado,0,F:\Cursos\Ciencia de Datos\Modulo 5\CODIGOS\Proyecto Fotnite\VIDEOS\ORIGINAL\Fortnite 2026.07.19 - 16.32.56.09.Eliminado.DVR.mp4
209,True,True,True,True,True,True,Eliminacion,1,F:\Cursos\Ciencia de Datos\Modulo 5\CODIGOS\Proyecto Fotnite\VIDEOS\ORIGINAL\Fortnite 2026.07.19 - 16.36.04.11.Abajo.DVR.mp4
210,True,True,True,True,True,True,Eliminacion,1,F:\Cursos\Ciencia de Datos\Modulo 5\CODIGOS\Proyecto Fotnite\VIDEOS\ORIGINAL\Fortnite 2026.07.19 - 16.36.11.12.Eliminación.DVR.mp4
211,True,True,True,True,True,True,Eliminado,0,F:\Cursos\Ciencia de Datos\Modulo 5\CODIGOS\Proyecto Fotnite\VIDEOS\ORIGINAL\Fortnite 2026.07.19 - 16.36.26.13.Eliminado.DVR.mp4
212,True,True,True,True,True,True,Eliminacion,1,F:\Cursos\Ciencia de Datos\Modulo 5\CODIGOS\Proyecto Fotnite\VIDEOS\ORIGINAL\Fortnite 2026.07.19 - 16.38.34.15.Abajo.DVR.mp4
213,True,True,True,True,True,True,Eliminacion,1,F:\Cursos\Ciencia de Datos\Modulo 5\CODIGOS\Proyecto Fotnite\VIDEOS\ORIGINAL\Fortnite 2026.07.19 - 16.38.41.16.Eliminación.DVR.mp4
214,True,True,True,True,True,True,Eliminacion,1,F:\Cursos\Ciencia de Datos\Modulo 5\CODIGOS\Proyecto Fotnite\VIDEOS\ORIGINAL\Fortnite 2026.07.19 - 16.39.12.17.Abajo.DVR.mp4
215,True,True,True,True,True,True,Eliminacion,1,F:\Cursos\Ciencia de Datos\Modulo 5\CODIGOS\Proyecto Fotnite\VIDEOS\ORIGINAL\Fortnite 2026.07.19 - 16.39.21.18.Eliminación.DVR.mp4
216,True,True,True,True,True,True,Eliminacion,1,F:\Cursos\Ciencia de Datos\Modulo 5\CODIGOS\Proyecto Fotnite\VIDEOS\ORIGINAL\Fortnite 2026.07.19 - 16.42.45.19.Abajo.DVR.mp4
217,True,True,True,True,True,True,Eliminacion,1,F:\Cursos\Ciencia de Datos\Modulo 5\CODIGOS\Proyecto Fotnite\VIDEOS\ORIGINAL\Fortnite 2026.07.19 - 16.42.56.20.Eliminación doble.DVR.mp4
218,True,True,True,True,True,True,Eliminacion,1,F:\Cursos\Ciencia de Datos\Modulo 5\CODIGOS\Proyecto Fotnite\VIDEOS\ORIGINAL\Fortnite 2026.07.19 - 16.45.28.21.Abajo.DVR.mp4
219,True,True,True,True,True,True,Eliminacion,1,F:\Cursos\Ciencia de Datos\Modulo 5\CODIGOS\Proyecto Fotnite\VIDEOS\ORIGINAL\Fortnite 2026.07.19 - 16.45.41.22.Eliminación doble.DVR.mp4
220,True,True,True,True,True,True,Eliminacion,1,F:\Cursos\Ciencia de Datos\Modulo 5\CODIGOS\Proyecto Fotnite\VIDEOS\ORIGINAL\Fortnite 2026.07.19 - 16.46.56.23.Abajo.DVR.mp4
221,True,True,True,True,True,True,Eliminacion,1,F:\Cursos\Ciencia de Datos\Modulo 5\CODIGOS\Proyecto Fotnite\VIDEOS\ORIGINAL\Fortnite 2026.07.19 - 16.47.03.24.Eliminación.DVR.mp4
222,True,True,True,True,True,True,Eliminacion,1,F:\Cursos\Ciencia de Datos\Modulo 5\CODIGOS\Proyecto Fotnite\VIDEOS\ORIGINAL\Fortnite 2026.07.19 - 16.51.03.25.Eliminación.DVR.mp4
223,True,True,True,True,True,True,Eliminado,0,F:\Cursos\Ciencia de Datos\Modulo 5\CODIGOS\Proyecto Fotnite\VIDEOS\ORIGINAL\Fortnite 2026.07.19 - 16.54.51.26.Eliminado.DVR.mp4
224,True,True,True,True,True,True,Eliminacion,1,F:\Cursos\Ciencia de Datos\Modulo 5\CODIGOS\Proyecto Fotnite\VIDEOS\ORIGINAL\Fortnite 2026.07.19 - 19.11.55.02.Eliminación.DVR.mp4
225,True,True,True,True,True,True,Eliminado,0,F:\Cursos\Ciencia de Datos\Modulo 5\CODIGOS\Proyecto Fotnite\VIDEOS\ORIGINAL\Fortnite 2026.07.19 - 19.12.18.03.Eliminado.DVR.mp4
226,True,True,True,True,True,True,Eliminado,0,F:\Cursos\Ciencia de Datos\Modulo 5\CODIGOS\Proyecto Fotnite\VIDEOS\ORIGINAL\Fortnite 2026.07.19 - 19.15.22.05.Eliminado.DVR.mp4
227,True,True,True,True,True,True,Eliminacion,1,F:\Cursos\Ciencia de Datos\Modulo 5\CODIGOS\Proyecto Fotnite\VIDEOS\ORIGINAL\Fortnite 2026.07.19 - 19.18.13.07.Eliminación.DVR.mp4
228,True,True,True,True,True,True,Eliminacion,1,F:\Cursos\Ciencia de Datos\Modulo 5\CODIGOS\Proyecto Fotnite\VIDEOS\ORIGINAL\Fortnite 2026.07.19 - 19.18.29.08.Abajo.DVR.mp4
229,True,True,True,True,True,True,Eliminacion,1,F:\Cursos\Ciencia de Datos\Modulo 5\CODIGOS\Proyecto Fotnite\VIDEOS\ORIGINAL\Fortnite 2026.07.19 - 19.18.35.09.Eliminación.DVR.mp4
230,True,True,True,True,True,True,Eliminacion,1,F:\Cursos\Ciencia de Datos\Modulo 5\CODIGOS\Proyecto Fotnite\VIDEOS\ORIGINAL\Fortnite 2026.07.19 - 19.24.09.10.Abajo.DVR.mp4
231,True,True,True,True,True,True,Eliminacion,1,F:\Cursos\Ciencia de Datos\Modulo 5\CODIGOS\Proyecto Fotnite\VIDEOS\ORIGINAL\Fortnite 2026.07.19 - 19.24.15.11.Eliminación.DVR.mp4
232,True,True,True,True,True,True,Eliminado,0,F:\Cursos\Ciencia de Datos\Modulo 5\CODIGOS\Proyecto Fotnite\VIDEOS\ORIGINAL\Fortnite 2026.07.19 - 19.26.31.12.Eliminado.DVR.mp4
233,True,True,True,True,True,True,Eliminacion,1,F:\Cursos\Ciencia de Datos\Modulo 5\CODIGOS\Proyecto Fotnite\VIDEOS\ORIGINAL\Fortnite 2026.07.19 - 19.31.01.14.Abajo.DVR.mp4
234,True,True,True,True,True,True,Eliminacion,1,F:\Cursos\Ciencia de Datos\Modulo 5\CODIGOS\Proyecto Fotnite\VIDEOS\ORIGINAL\Fortnite 2026.07.19 - 19.31.06.15.Eliminación.DVR.mp4
235,True,True,True,True,True,True,Eliminacion,1,F:\Cursos\Ciencia de Datos\Modulo 5\CODIGOS\Proyecto Fotnite\VIDEOS\ORIGINAL\Fortnite 2026.07.19 - 19.34.57.16.Abajo.DVR.mp4
236,True,True,True,True,True,True,Eliminacion,1,F:\Cursos\Ciencia de Datos\Modulo 5\CODIGOS\Proyecto Fotnite\VIDEOS\ORIGINAL\Fortnite 2026.07.19 - 19.35.09.17.Eliminación doble.DVR.mp4
237,True,True,True,True,True,True,Eliminacion,1,F:\Cursos\Ciencia de Datos\Modulo 5\CODIGOS\Proyecto Fotnite\VIDEOS\ORIGINAL\Fortnite 2026.07.19 - 19.36.04.18.Eliminación.DVR.mp4
238,True,True,True,True,True,True,Eliminacion,1,F:\Cursos\Ciencia de Datos\Modulo 5\CODIGOS\Proyecto Fotnite\VIDEOS\ORIGINAL\Fortnite 2026.07.19 - 19.36.28.19.Eliminación.DVR.mp4
239,True,True,True,True,True,True,Eliminacion,1,F:\Cursos\Ciencia de Datos\Modulo 5\CODIGOS\Proyecto Fotnite\VIDEOS\ORIGINAL\Fortnite 2026.07.19 - 19.37.03.20.Abajo.DVR.mp4
240,True,True,True,True,True,True,Eliminacion,1,F:\Cursos\Ciencia de Datos\Modulo 5\CODIGOS\Proyecto Fotnite\VIDEOS\ORIGINAL\Fortnite 2026.07.19 - 19.37.09.21.Eliminación.DVR.mp4
241,True,True,True,True,True,True,Eliminacion,1,F:\Cursos\Ciencia de Datos\Modulo 5\CODIGOS\Proyecto Fotnite\VIDEOS\ORIGINAL\Fortnite 2026.07.19 - 19.37.55.22.Abajo.DVR.mp4
242,True,True,True,True,True,True,Eliminado,0,F:\Cursos\Ciencia de Datos\Modulo 5\CODIGOS\Proyecto Fotnite\VIDEOS\ORIGINAL\Fortnite 2026.07.19 - 19.37.56.23.Eliminado.DVR.mp4
243,True,True,True,True,True,True,Eliminacion,1,F:\Cursos\Ciencia de Datos\Modulo 5\CODIGOS\Proyecto Fotnite\VIDEOS\ORIGINAL\Fortnite 2026.07.19 - 19.40.50.25.Eliminación.DVR.mp4
244,True,True,True,True,True,True,Eliminacion,1,F:\Cursos\Ciencia de Datos\Modulo 5\CODIGOS\Proyecto Fotnite\VIDEOS\ORIGINAL\Fortnite 2026.07.19 - 19.41.26.26.Eliminación.DVR.mp4
245,True,True,True,True,True,True,Eliminacion,1,F:\Cursos\Ciencia de Datos\Modulo 5\CODIGOS\Proyecto Fotnite\VIDEOS\ORIGINAL\Fortnite 2026.07.19 - 19.44.10.27.Eliminación.DVR.mp4
246,True,True,True,True,True,True,Eliminado,0,F:\Cursos\Ciencia de Datos\Modulo 5\CODIGOS\Proyecto Fotnite\VIDEOS\ORIGINAL\Fortnite 2026.07.19 - 19.56.39.28.Eliminado.DVR.mp4
247,True,True,True,True,True,True,Eliminacion,1,F:\Cursos\Ciencia de Datos\Modulo 5\CODIGOS\Proyecto Fotnite\VIDEOS\ORIGINAL\Fortnite 2026.07.22 - 19.16.27.02.Eliminación.DVR.mp4
248,True,True,True,True,True,True,Eliminacion,1,F:\Cursos\Ciencia de Datos\Modulo 5\CODIGOS\Proyecto Fotnite\VIDEOS\ORIGINAL\Fortnite 2026.07.22 - 19.17.03.03.Eliminación.DVR.mp4
249,True,True,True,True,True,True,Eliminacion,1,F:\Cursos\Ciencia de Datos\Modulo 5\CODIGOS\Proyecto Fotnite\VIDEOS\ORIGINAL\Fortnite 2026.07.22 - 19.18.22.04.Eliminación.DVR.mp4
250,True,True,True,True,True,True,Eliminacion,1,F:\Cursos\Ciencia de Datos\Modulo 5\CODIGOS\Proyecto Fotnite\VIDEOS\ORIGINAL\Fortnite 2026.07.22 - 19.19.08.05.Eliminación.DVR.mp4
251,True,True,True,True,True,True,Eliminacion,1,F:\Cursos\Ciencia de Datos\Modulo 5\CODIGOS\Proyecto Fotnite\VIDEOS\ORIGINAL\Fortnite 2026.07.22 - 19.20.27.06.Eliminación.DVR.mp4
252,True,True,True,True,True,True,Eliminacion,1,F:\Cursos\Ciencia de Datos\Modulo 5\CODIGOS\Proyecto Fotnite\VIDEOS\ORIGINAL\Fortnite 2026.07.22 - 19.30.40.07.Eliminación.DVR.mp4
253,True,True,True,True,True,True,Eliminacion,1,F:\Cursos\Ciencia de Datos\Modulo 5\CODIGOS\Proyecto Fotnite\VIDEOS\ORIGINAL\Fortnite 2026.07.22 - 19.34.50.09.Eliminación doble.DVR.mp4
254,True,True,True,True,True,True,Eliminacion,1,F:\Cursos\Ciencia de Datos\Modulo 5\CODIGOS\Proyecto Fotnite\VIDEOS\ORIGINAL\Fortnite 2026.07.22 - 19.40.04.10.Eliminación doble.DVR.mp4
255,True,True,True,True,True,True,Eliminacion,1,F:\Cursos\Ciencia de Datos\Modulo 5\CODIGOS\Proyecto Fotnite\VIDEOS\ORIGINAL\Fortnite 2026.07.22 - 19.41.20.11.Eliminación.DVR.mp4
256,True,True,True,True,True,True,Eliminacion,1,F:\Cursos\Ciencia de Datos\Modulo 5\CODIGOS\Proyecto Fotnite\VIDEOS\ORIGINAL\Fortnite 2026.07.22 - 19.41.40.12.Eliminación.DVR.mp4
257,True,True,True,True,True,True,Eliminacion,1,F:\Cursos\Ciencia de Datos\Modulo 5\CODIGOS\Proyecto Fotnite\VIDEOS\ORIGINAL\Fortnite 2026.07.22 - 19.42.17.13.Eliminación.DVR.mp4
258,True,True,True,True,True,True,Eliminacion,1,F:\Cursos\Ciencia de Datos\Modulo 5\CODIGOS\Proyecto Fotnite\VIDEOS\ORIGINAL\Fortnite 2026.07.22 - 19.44.26.14.Eliminación.DVR.mp4
259,True,True,True,True,True,True,Eliminacion,1,F:\Cursos\Ciencia de Datos\Modulo 5\CODIGOS\Proyecto Fotnite\VIDEOS\ORIGINAL\Fortnite 2026.07.22 - 19.44.38.15.Eliminación.DVR.mp4
260,True,True,True,True,True,True,Eliminacion,1,F:\Cursos\Ciencia de Datos\Modulo 5\CODIGOS\Proyecto Fotnite\VIDEOS\ORIGINAL\Fortnite 2026.07.22 - 19.45.33.16.Eliminación.DVR.mp4
261,True,True,True,True,True,True,Eliminacion,1,F:\Cursos\Ciencia de Datos\Modulo 5\CODIGOS\Proyecto Fotnite\VIDEOS\ORIGINAL\Fortnite 2026.07.22 - 19.46.12.17.Abajo.DVR.mp4
262,True,True,True,True,True,True,Eliminacion,1,F:\Cursos\Ciencia de Datos\Modulo 5\CODIGOS\Proyecto Fotnite\VIDEOS\ORIGINAL\Fortnite 2026.07.22 - 19.46.18.18.Eliminación.DVR.mp4
263,True,True,True,True,True,True,Victoria,2,F:\Cursos\Ciencia de Datos\Modulo 5\CODIGOS\Proyecto Fotnite\VIDEOS\ORIGINAL\Fortnite 2026.07.22 - 19.47.34.19.Victoria.DVR.mp4
264,True,True,True,True,True,True,Eliminacion,1,F:\Cursos\Ciencia de Datos\Modulo 5\CODIGOS\Proyecto Fotnite\VIDEOS\ORIGINAL\Fortnite 2026.07.26 - 18.14.49.02.Eliminación.DVR.mp4
265,True,True,True,True,True,True,Eliminacion,1,F:\Cursos\Ciencia de Datos\Modulo 5\CODIGOS\Proyecto Fotnite\VIDEOS\ORIGINAL\Fortnite 2026.07.26 - 18.16.37.03.Eliminación doble.DVR.mp4
266,True,True,True,True,True,True,Eliminacion,1,F:\Cursos\Ciencia de Datos\Modulo 5\CODIGOS\Proyecto Fotnite\VIDEOS\ORIGINAL\Fortnite 2026.07.26 - 18.17.23.04.Eliminación.DVR.mp4
267,True,True,True,True,True,True,Eliminacion,1,F:\Cursos\Ciencia de Datos\Modulo 5\CODIGOS\Proyecto Fotnite\VIDEOS\ORIGINAL\Fortnite 2026.07.26 - 18.19.33.05.Eliminación.DVR.mp4
268,True,True,True,True,True,True,Eliminacion,1,F:\Cursos\Ciencia de Datos\Modulo 5\CODIGOS\Proyecto Fotnite\VIDEOS\ORIGINAL\Fortnite 2026.07.26 - 18.23.52.06.Eliminación.DVR.mp4
269,True,True,True,True,True,True,Eliminacion,1,F:\Cursos\Ciencia de Datos\Modulo 5\CODIGOS\Proyecto Fotnite\VIDEOS\ORIGINAL\Fortnite 2026.07.26 - 18.25.08.07.Eliminación.DVR.mp4
270,True,True,True,True,True,True,Eliminacion,1,F:\Cursos\Ciencia de Datos\Modulo 5\CODIGOS\Proyecto Fotnite\VIDEOS\ORIGINAL\Fortnite 2026.07.26 - 18.28.16.08.Eliminación.DVR.mp4
271,True,True,True,True,True,True,Eliminacion,1,F:\Cursos\Ciencia de Datos\Modulo 5\CODIGOS\Proyecto Fotnite\VIDEOS\ORIGINAL\Fortnite 2026.07.26 - 18.31.05.09.Eliminación.DVR.mp4
272,True,True,True,True,True,True,Victoria,2,F:\Cursos\Ciencia de Datos\Modulo 5\CODIGOS\Proyecto Fotnite\VIDEOS\ORIGINAL\Fortnite 2026.07.26 - 18.33.20.10.Victoria.DVR.mp4
273,True,True,True,True,True,True,Eliminacion,1,F:\Cursos\Ciencia de Datos\Modulo 5\CODIGOS\Proyecto Fotnite\VIDEOS\ORIGINAL\Fortnite 2026.08.02 - 17.22.34.02.Eliminación.DVR.mp4
274,True,True,True,True,True,True,Eliminacion,1,F:\Cursos\Ciencia de Datos\Modulo 5\CODIGOS\Proyecto Fotnite\VIDEOS\ORIGINAL\Fortnite 2026.08.02 - 17.26.37.03.Eliminación.DVR.mp4
275,True,True,True,True,True,True,Eliminado,0,F:\Cursos\Ciencia de Datos\Modulo 5\CODIGOS\Proyecto Fotnite\VIDEOS\ORIGINAL\Fortnite 2026.08.02 - 17.27.01.04.Eliminado.DVR.mp4
276,True,True,True,True,True,True,Eliminacion,1,F:\Cursos\Ciencia de Datos\Modulo 5\CODIGOS\Proyecto Fotnite\VIDEOS\ORIGINAL\Fortnite 2026.08.02 - 17.29.52.06.Eliminación.DVR.mp4
277,True,True,True,True,True,True,Eliminacion,1,F:\Cursos\Ciencia de Datos\Modulo 5\CODIGOS\Proyecto Fotnite\VIDEOS\ORIGINAL\Fortnite 2026.08.02 - 17.31.12.07.Eliminación doble.DVR.mp4
278,True,True,True,True,True,True,Eliminacion,1,F:\Cursos\Ciencia de Datos\Modulo 5\CODIGOS\Proyecto Fotnite\VIDEOS\ORIGINAL\Fortnite 2026.08.02 - 17.32.21.08.Eliminación.DVR.mp4
279,True,True,True,True,True,True,Eliminacion,1,F:\Cursos\Ciencia de Datos\Modulo 5\CODIGOS\Proyecto Fotnite\VIDEOS\ORIGINAL\Fortnite 2026.08.02 - 17.38.00.09.Eliminación.DVR.mp4
280,True,True,True,True,True,True,Eliminado,0,F:\Cursos\Ciencia de Datos\Modulo 5\CODIGOS\Proyecto Fotnite\VIDEOS\ORIGINAL\Fortnite 2026.08.02 - 17.38.19.10.Eliminado.DVR.mp4
281,True,True,True,True,True,True,Eliminacion,1,F:\Cursos\Ciencia de Datos\Modulo 5\CODIGOS\Proyecto Fotnite\VIDEOS\ORIGINAL\Fortnite 2026.08.02 - 17.46.28.12.Eliminación.DVR.mp4
282,True,True,True,True,True,True,Eliminacion,1,F:\Cursos\Ciencia de Datos\Modulo 5\CODIGOS\Proyecto Fotnite\VIDEOS\ORIGINAL\Fortnite 2026.08.02 - 17.47.16.13.Eliminación.DVR.mp4
283,True,True,True,True,True,True,Eliminacion,1,F:\Cursos\Ciencia de Datos\Modulo 5\CODIGOS\Proyecto Fotnite\VIDEOS\ORIGINAL\Fortnite 2026.08.02 - 17.49.05.14.Eliminación.DVR.mp4
284,True,True,True,True,True,True,Eliminacion,1,F:\Cursos\Ciencia de Datos\Modulo 5\CODIGOS\Proyecto Fotnite\VIDEOS\ORIGINAL\Fortnite 2026.08.02 - 17.50.28.15.Eliminación.DVR.mp4
285,True,True,True,True,True,True,Eliminado,0,F:\Cursos\Ciencia de Datos\Modulo 5\CODIGOS\Proyecto Fotnite\VIDEOS\ORIGINAL\Fortnite 2026.08.02 - 17.50.50.16.Eliminado.DVR.mp4
286,True,True,True,True,True,True,Eliminado,0,F:\Cursos\Ciencia de Datos\Modulo 5\CODIGOS\Proyecto Fotnite\VIDEOS\ORIGINAL\Fortnite 2026.08.02 - 18.01.36.18.Eliminado.DVR.mp4
287,True,True,True,True,True,True,Eliminacion,1,F:\Cursos\Ciencia de Datos\Modulo 5\CODIGOS\Proyecto Fotnite\VIDEOS\ORIGINAL\Fortnite 2026.08.02 - 18.04.31.20.Eliminación.DVR.mp4
288,True,True,True,True,True,True,Eliminacion,1,F:\Cursos\Ciencia de Datos\Modulo 5\CODIGOS\Proyecto Fotnite\VIDEOS\ORIGINAL\Fortnite 2026.08.02 - 18.06.41.21.Eliminación.DVR.mp4
289,True,True,True,True,True,True,Eliminacion,1,F:\Cursos\Ciencia de Datos\Modulo 5\CODIGOS\Proyecto Fotnite\VIDEOS\ORIGINAL\Fortnite 2026.08.02 - 18.07.59.22.Eliminación.DVR.mp4
290,True,True,True,True,True,True,Eliminacion,1,F:\Cursos\Ciencia de Datos\Modulo 5\CODIGOS\Proyecto Fotnite\VIDEOS\ORIGINAL\Fortnite 2026.08.02 - 18.08.51.23.Eliminación.DVR.mp4
291,True,True,True,True,True,True,Eliminado,0,F:\Cursos\Ciencia de Datos\Modulo 5\CODIGOS\Proyecto Fotnite\VIDEOS\ORIGINAL\Fortnite 2026.08.02 - 18.09.08.24.Eliminado.DVR.mp4
292,True,True,True,True,True,True,Eliminacion,1,F:\Cursos\Ciencia de Datos\Modulo 5\CODIGOS\Proyecto Fotnite\VIDEOS\ORIGINAL\Fortnite 2026.08.06 - 16.32.34.02.Eliminación.DVR.mp4
293,True,True,True,True,True,True,Eliminacion,1,F:\Cursos\Ciencia de Datos\Modulo 5\CODIGOS\Proyecto Fotnite\VIDEOS\ORIGINAL\Fortnite 2026.08.06 - 16.33.07.03.Eliminación.DVR.mp4
294,True,True,True,True,True,True,Eliminacion,1,F:\Cursos\Ciencia de Datos\Modulo 5\CODIGOS\Proyecto Fotnite\VIDEOS\ORIGINAL\Fortnite 2026.08.06 - 16.34.22.04.Eliminación.DVR.mp4
295,True,True,True,True,True,True,Eliminacion,1,F:\Cursos\Ciencia de Datos\Modulo 5\CODIGOS\Proyecto Fotnite\VIDEOS\ORIGINAL\Fortnite 2026.08.06 - 16.36.15.05.Eliminación doble.DVR.mp4
296,True,True,True,True,True,True,Eliminacion,1,F:\Cursos\Ciencia de Datos\Modulo 5\CODIGOS\Proyecto Fotnite\VIDEOS\ORIGINAL\Fortnite 2026.08.06 - 16.37.39.06.Eliminación.DVR.mp4
297,True,True,True,True,True,True,Eliminado,0,F:\Cursos\Ciencia de Datos\Modulo 5\CODIGOS\Proyecto Fotnite\VIDEOS\ORIGINAL\Fortnite 2026.08.06 - 16.38.07.07.Eliminado.DVR.mp4
298,True,True,True,True,True,True,Eliminacion,1,F:\Cursos\Ciencia de Datos\Modulo 5\CODIGOS\Proyecto Fotnite\VIDEOS\ORIGINAL\Fortnite 2026.08.06 - 16.42.22.09.Eliminación.DVR.mp4
299,True,True,True,True,True,True,Eliminacion,1,F:\Cursos\Ciencia de Datos\Modulo 5\CODIGOS\Proyecto Fotnite\VIDEOS\ORIGINAL\Fortnite 2026.08.06 - 16.42.34.10.Eliminación.DVR.mp4
300,True,True,True,True,True,True,Eliminacion,1,F:\Cursos\Ciencia de Datos\Modulo 5\CODIGOS\Proyecto Fotnite\VIDEOS\ORIGINAL\Fortnite 2026.08.06 - 16.44.19.11.Eliminación.DVR.mp4
301,True,True,True,True,True,True,Eliminacion,1,F:\Cursos\Ciencia de Datos\Modulo 5\CODIGOS\Proyecto Fotnite\VIDEOS\ORIGINAL\Fortnite 2026.08.06 - 16.44.27.12.Eliminación.DVR.mp4
302,True,True,True,True,True,True,Eliminado,0,F:\Cursos\Ciencia de Datos\Modulo 5\CODIGOS\Proyecto Fotnite\VIDEOS\ORIGINAL\Fortnite 2026.08.06 - 16.45.50.13.Eliminado.DVR.mp4
303,True,True,True,True,True,True,Eliminacion,1,F:\Cursos\Ciencia de Datos\Modulo 5\CODIGOS\Proyecto Fotnite\VIDEOS\ORIGINAL\Fortnite 2026.08.06 - 16.49.27.15.Eliminación.DVR.mp4
304,True,True,True,True,True,True,Eliminacion,1,F:\Cursos\Ciencia de Datos\Modulo 5\CODIGOS\Proyecto Fotnite\VIDEOS\ORIGINAL\Fortnite 2026.08.06 - 16.50.10.16.Eliminación.DVR.mp4
305,True,True,True,True,True,True,Eliminacion,1,F:\Cursos\Ciencia de Datos\Modulo 5\CODIGOS\Proyecto Fotnite\VIDEOS\ORIGINAL\Fortnite 2026.08.06 - 16.55.04.17.Eliminación doble.DVR.mp4
306,True,True,True,True,True,True,Eliminacion,1,F:\Cursos\Ciencia de Datos\Modulo 5\CODIGOS\Proyecto Fotnite\VIDEOS\ORIGINAL\Fortnite 2026.08.06 - 16.55.51.18.Eliminación.DVR.mp4
307,True,True,True,True,True,True,Eliminacion,1,F:\Cursos\Ciencia de Datos\Modulo 5\CODIGOS\Proyecto Fotnite\VIDEOS\ORIGINAL\Fortnite 2026.08.06 - 16.56.25.19.Eliminación.DVR.mp4
308,True,True,True,True,True,True,Eliminacion,1,F:\Cursos\Ciencia de Datos\Modulo 5\CODIGOS\Proyecto Fotnite\VIDEOS\ORIGINAL\Fortnite 2026.08.06 - 16.57.08.20.Eliminación.DVR.mp4
309,True,True,True,True,True,True,Eliminacion,1,F:\Cursos\Ciencia de Datos\Modulo 5\CODIGOS\Proyecto Fotnite\VIDEOS\ORIGINAL\Fortnite 2026.08.06 - 16.58.09.21.Eliminación.DVR.mp4
310,True,True,True,True,True,True,Eliminacion,1,F:\Cursos\Ciencia de Datos\Modulo 5\CODIGOS\Proyecto Fotnite\VIDEOS\ORIGINAL\Fortnite 2026.08.06 - 17.00.15.22.Eliminación.DVR.mp4
311,True,True,True,True,True,True,Eliminacion,1,F:\Cursos\Ciencia de Datos\Modulo 5\CODIGOS\Proyecto Fotnite\VIDEOS\ORIGINAL\Fortnite 2026.08.06 - 17.00.57.23.Abajo.DVR.mp4
312,True,True,True,True,True,True,Eliminacion,1,F:\Cursos\Ciencia de Datos\Modulo 5\CODIGOS\Proyecto Fotnite\VIDEOS\ORIGINAL\Fortnite 2026.08.06 - 17.01.04.24.Eliminación.DVR.mp4
313,True,True,True,True,True,True,Eliminado,0,F:\Cursos\Ciencia de Datos\Modulo 5\CODIGOS\Proyecto Fotnite\VIDEOS\ORIGINAL\Fortnite 2026.08.06 - 17.02.34.25.Eliminado.DVR.mp4
314,True,True,True,True,True,True,Eliminacion,1,F:\Cursos\Ciencia de Datos\Modulo 5\CODIGOS\Proyecto Fotnite\VIDEOS\ORIGINAL\Fortnite 2026.08.06 - 17.07.53.27.Eliminación.DVR.mp4
315,True,True,True,True,True,True,Eliminacion,1,F:\Cursos\Ciencia de Datos\Modulo 5\CODIGOS\Proyecto Fotnite\VIDEOS\ORIGINAL\Fortnite 2026.08.06 - 17.09.17.28.Eliminación.DVR.mp4
316,True,True,True,True,True,True,Eliminacion,1,F:\Cursos\Ciencia de Datos\Modulo 5\CODIGOS\Proyecto Fotnite\VIDEOS\ORIGINAL\Fortnite 2026.08.06 - 17.10.00.29.Eliminación.DVR.mp4
317,True,True,True,True,True,True,Eliminacion,1,F:\Cursos\Ciencia de Datos\Modulo 5\CODIGOS\Proyecto Fotnite\VIDEOS\ORIGINAL\Fortnite 2026.08.06 - 17.11.11.30.Eliminación doble.DVR.mp4
318,True,True,True,True,True,True,Eliminacion,1,F:\Cursos\Ciencia de Datos\Modulo 5\CODIGOS\Proyecto Fotnite\VIDEOS\ORIGINAL\Fortnite 2026.08.06 - 17.12.38.31.Eliminación.DVR.mp4
319,True,True,True,True,True,True,Eliminado,0,F:\Cursos\Ciencia de Datos\Modulo 5\CODIGOS\Proyecto Fotnite\VIDEOS\ORIGINAL\Fortnite 2026.08.06 - 17.14.48.32.Eliminado.DVR.mp4
320,True,True,True,True,True,True,Eliminacion,1,F:\Cursos\Ciencia de Datos\Modulo 5\CODIGOS\Proyecto Fotnite\VIDEOS\ORIGINAL\Fortnite 2026.08.06 - 17.18.48.34.Eliminación.DVR.mp4
321,True,True,True,True,True,True,Eliminado,0,F:\Cursos\Ciencia de Datos\Modulo 5\CODIGOS\Proyecto Fotnite\VIDEOS\ORIGINAL\Fortnite 2026.08.06 - 17.18.58.35.Eliminado.DVR.mp4
322,True,True,True,True,True,True,Eliminacion,1,F:\Cursos\Ciencia de Datos\Modulo 5\CODIGOS\Proyecto Fotnite\VIDEOS\ORIGINAL\Fortnite 2026.08.06 - 17.23.35.37.Eliminación.DVR.mp4
323,True,True,True,True,True,True,Eliminacion,1,F:\Cursos\Ciencia de Datos\Modulo 5\CODIGOS\Proyecto Fotnite\VIDEOS\ORIGINAL\Fortnite 2026.08.06 - 17.23.52.38.Eliminación.DVR.mp4
324,True,True,True,True,True,True,Eliminacion,1,F:\Cursos\Ciencia de Datos\Modulo 5\CODIGOS\Proyecto Fotnite\VIDEOS\ORIGINAL\Fortnite 2026.08.06 - 17.24.58.39.Eliminación.DVR.mp4
325,True,True,True,True,True,True,Eliminacion,1,F:\Cursos\Ciencia de Datos\Modulo 5\CODIGOS\Proyecto Fotnite\VIDEOS\ORIGINAL\Fortnite 2026.08.06 - 17.26.05.40.Eliminación doble.DVR.mp4
326,True,True,True,True,True,True,Eliminacion,1,F:\Cursos\Ciencia de Datos\Modulo 5\CODIGOS\Proyecto Fotnite\VIDEOS\ORIGINAL\Fortnite 2026.08.06 - 17.26.18.41.Eliminación.DVR.mp4
327,True,True,True,True,True,True,Eliminado,0,F:\Cursos\Ciencia de Datos\Modulo 5\CODIGOS\Proyecto Fotnite\VIDEOS\ORIGINAL\Fortnite 2026.08.06 - 17.27.15.42.Eliminado.DVR.mp4
328,True,True,True,True,True,True,Eliminacion,1,F:\Cursos\Ciencia de Datos\Modulo 5\CODIGOS\Proyecto Fotnite\VIDEOS\ORIGINAL\Fortnite 2026.08.06 - 17.30.30.44.Eliminación.DVR.mp4
329,True,True,True,True,True,True,Eliminacion,1,F:\Cursos\Ciencia de Datos\Modulo 5\CODIGOS\Proyecto Fotnite\VIDEOS\ORIGINAL\Fortnite 2026.08.06 - 17.32.16.45.Eliminación.DVR.mp4
330,True,True,True,True,True,True,Eliminacion,1,F:\Cursos\Ciencia de Datos\Modulo 5\CODIGOS\Proyecto Fotnite\VIDEOS\ORIGINAL\Fortnite 2026.08.06 - 17.32.24.46.Eliminación.DVR.mp4
331,True,True,True,True,True,True,Eliminado,0,F:\Cursos\Ciencia de Datos\Modulo 5\CODIGOS\Proyecto Fotnite\VIDEOS\ORIGINAL\Fortnite 2026.08.06 - 17.32.35.47.Eliminado.DVR.mp4
332,True,True,True,True,True,True,Eliminado,0,F:\Cursos\Ciencia de Datos\Modulo 5\CODIGOS\Proyecto Fotnite\VIDEOS\ORIGINAL\Fortnite 2026.08.06 - 17.35.22.49.Eliminado.DVR.mp4
333,True,True,True,True,True,True,Eliminacion,1,F:\Cursos\Ciencia de Datos\Modulo 5\CODIGOS\Proyecto Fotnite\VIDEOS\ORIGINAL\Fortnite 2026.08.06 - 17.39.11.51.Eliminación.DVR.mp4
334,True,True,True,True,True,True,Eliminado,0,F:\Cursos\Ciencia de Datos\Modulo 5\CODIGOS\Proyecto Fotnite\VIDEOS\ORIGINAL\Fortnite 2026.08.06 - 17.39.24.52.Eliminado.DVR.mp4
335,True,True,True,True,True,True,Eliminacion,1,F:\Cursos\Ciencia de Datos\Modulo 5\CODIGOS\Proyecto Fotnite\VIDEOS\ORIGINAL\Fortnite 2026.08.06 - 17.43.17.54.Eliminación.DVR.mp4
336,True,True,True,True,True,True,Eliminacion,1,F:\Cursos\Ciencia de Datos\Modulo 5\CODIGOS\Proyecto Fotnite\VIDEOS\ORIGINAL\Fortnite 2026.08.06 - 17.43.38.55.Eliminación.DVR.mp4
337,True,True,True,True,True,True,Eliminacion,1,F:\Cursos\Ciencia de Datos\Modulo 5\CODIGOS\Proyecto Fotnite\VIDEOS\ORIGINAL\Fortnite 2026.08.06 - 17.44.54.56.Eliminación.DVR.mp4
338,True,True,True,True,True,True,Eliminado,0,F:\Cursos\Ciencia de Datos\Modulo 5\CODIGOS\Proyecto Fotnite\VIDEOS\ORIGINAL\Fortnite 2026.08.06 - 17.46.20.57.Eliminado.DVR.mp4
339,True,True,True,True,True,True,Eliminacion,1,F:\Cursos\Ciencia de Datos\Modulo 5\CODIGOS\Proyecto Fotnite\VIDEOS\ORIGINAL\Fortnite 2026.08.06 - 17.49.07.59.Eliminación.DVR.mp4
340,True,True,True,True,True,True,Eliminacion,1,F:\Cursos\Ciencia de Datos\Modulo 5\CODIGOS\Proyecto Fotnite\VIDEOS\ORIGINAL\Fortnite 2026.08.06 - 17.49.13.60.Eliminación.DVR.mp4
341,True,True,True,True,True,True,Eliminacion,1,F:\Cursos\Ciencia de Datos\Modulo 5\CODIGOS\Proyecto Fotnite\VIDEOS\ORIGINAL\Fortnite 2026.08.06 - 17.50.18.61.Eliminación.DVR.mp4
342,True,True,True,True,True,True,Eliminacion,1,F:\Cursos\Ciencia de Datos\Modulo 5\CODIGOS\Proyecto Fotnite\VIDEOS\ORIGINAL\Fortnite 2026.08.06 - 17.51.57.63.Eliminación.DVR.mp4
343,True,True,True,True,True,True,Eliminacion,1,F:\Cursos\Ciencia de Datos\Modulo 5\CODIGOS\Proyecto Fotnite\VIDEOS\ORIGINAL\Fortnite 2026.08.06 - 17.54.59.64.Eliminación doble.DVR.mp4
344,True,True,True,True,True,True,Eliminacion,1,F:\Cursos\Ciencia de Datos\Modulo 5\CODIGOS\Proyecto Fotnite\VIDEOS\ORIGINAL\Fortnite 2026.08.06 - 17.55.49.65.Eliminación.DVR.mp4
345,True,True,True,True,True,True,Eliminado,0,F:\Cursos\Ciencia de Datos\Modulo 5\CODIGOS\Proyecto Fotnite\VIDEOS\ORIGINAL\Fortnite 2026.08.06 - 17.56.12.66.Eliminado.DVR.mp4
346,True,True,True,True,True,True,Eliminacion,1,F:\Cursos\Ciencia de Datos\Modulo 5\CODIGOS\Proyecto Fotnite\VIDEOS\ORIGINAL\Fortnite 2026.08.06 - 18.00.20.68.Eliminación.DVR.mp4
347,True,True,True,True,True,True,Eliminacion,1,F:\Cursos\Ciencia de Datos\Modulo 5\CODIGOS\Proyecto Fotnite\VIDEOS\ORIGINAL\Fortnite 2026.08.06 - 18.00.45.69.Eliminación.DVR.mp4
348,True,True,True,True,True,True,Eliminacion,1,F:\Cursos\Ciencia de Datos\Modulo 5\CODIGOS\Proyecto Fotnite\VIDEOS\ORIGINAL\Fortnite 2026.08.06 - 18.01.26.70.Eliminación.DVR.mp4
349,True,True,True,True,True,True,Eliminacion,1,F:\Cursos\Ciencia de Datos\Modulo 5\CODIGOS\Proyecto Fotnite\VIDEOS\ORIGINAL\Fortnite 2026.08.06 - 18.02.32.71.Eliminación.DVR.mp4
350,True,True,True,True,True,True,Eliminacion,1,F:\Cursos\Ciencia de Datos\Modulo 5\CODIGOS\Proyecto Fotnite\VIDEOS\ORIGINAL\Fortnite 2026.08.06 - 18.02.51.72.Eliminación.DVR.mp4
351,True,True,True,True,True,True,Eliminacion,1,F:\Cursos\Ciencia de Datos\Modulo 5\CODIGOS\Proyecto Fotnite\VIDEOS\ORIGINAL\Fortnite 2026.08.06 - 18.03.55.73.Eliminación.DVR.mp4
352,True,True,True,True,True,True,Eliminacion,1,F:\Cursos\Ciencia de Datos\Modulo 5\CODIGOS\Proyecto Fotnite\VIDEOS\ORIGINAL\Fortnite 2026.08.06 - 18.05.46.74.Eliminación.DVR.mp4
353,True,True,True,True,True,True,Eliminacion,1,F:\Cursos\Ciencia de Datos\Modulo 5\CODIGOS\Proyecto Fotnite\VIDEOS\ORIGINAL\Fortnite 2026.08.06 - 18.05.53.75.Eliminación.DVR.mp4
354,True,True,True,True,True,True,Eliminado,0,F:\Cursos\Ciencia de Datos\Modulo 5\CODIGOS\Proyecto Fotnite\VIDEOS\ORIGINAL\Fortnite 2026.08.06 - 18.07.42.76.Eliminado.DVR.mp4
355,True,True,True,True,True,True,Eliminacion,1,F:\Cursos\Ciencia de Datos\Modulo 5\CODIGOS\Proyecto Fotnite\VIDEOS\ORIGINAL\Fortnite 2026.08.06 - 18.11.36.78.Eliminación doble.DVR.mp4
356,True,True,True,True,True,True,Eliminado,0,F:\Cursos\Ciencia de Datos\Modulo 5\CODIGOS\Proyecto Fotnite\VIDEOS\ORIGINAL\Fortnite 2026.08.06 - 18.12.48.79.Eliminado.DVR.mp4
357,True,True,True,True,True,True,Eliminacion,1,F:\Cursos\Ciencia de Datos\Modulo 5\CODIGOS\Proyecto Fotnite\VIDEOS\ORIGINAL\Fortnite 2026.08.07 - 20.11.55.02.Eliminación.DVR.mp4
358,True,True,True,True,True,True,Eliminacion,1,F:\Cursos\Ciencia de Datos\Modulo 5\CODIGOS\Proyecto Fotnite\VIDEOS\ORIGINAL\Fortnite 2026.08.07 - 20.13.02.03.Eliminación.DVR.mp4
359,True,True,True,True,True,True,Eliminacion,1,F:\Cursos\Ciencia de Datos\Modulo 5\CODIGOS\Proyecto Fotnite\VIDEOS\ORIGINAL\Fortnite 2026.08.07 - 20.13.22.04.Eliminación triple.DVR.mp4
360,True,True,True,True,True,True,Eliminacion,1,F:\Cursos\Ciencia de Datos\Modulo 5\CODIGOS\Proyecto Fotnite\VIDEOS\ORIGINAL\Fortnite 2026.08.07 - 20.13.29.05.Eliminación.DVR.mp4
361,True,True,True,True,True,True,Eliminacion,1,F:\Cursos\Ciencia de Datos\Modulo 5\CODIGOS\Proyecto Fotnite\VIDEOS\ORIGINAL\Fortnite 2026.08.07 - 20.14.48.06.Eliminación.DVR.mp4
362,True,True,True,True,True,True,Eliminacion,1,F:\Cursos\Ciencia de Datos\Modulo 5\CODIGOS\Proyecto Fotnite\VIDEOS\ORIGINAL\Fortnite 2026.08.07 - 20.18.38.07.Eliminación.DVR.mp4
363,True,True,True,True,True,True,Eliminacion,1,F:\Cursos\Ciencia de Datos\Modulo 5\CODIGOS\Proyecto Fotnite\VIDEOS\ORIGINAL\Fortnite 2026.08.07 - 20.19.10.08.Eliminación.DVR.mp4
364,True,True,True,True,True,True,Eliminacion,1,F:\Cursos\Ciencia de Datos\Modulo 5\CODIGOS\Proyecto Fotnite\VIDEOS\ORIGINAL\Fortnite 2026.08.07 - 20.19.54.09.Eliminación.DVR.mp4
365,True,True,True,True,True,True,Eliminacion,1,F:\Cursos\Ciencia de Datos\Modulo 5\CODIGOS\Proyecto Fotnite\VIDEOS\ORIGINAL\Fortnite 2026.08.07 - 20.20.48.10.Eliminación.DVR.mp4
366,True,True,True,True,True,True,Eliminado,0,F:\Cursos\Ciencia de Datos\Modulo 5\CODIGOS\Proyecto Fotnite\VIDEOS\ORIGINAL\Fortnite 2026.08.07 - 20.21.21.11.Eliminado.DVR.mp4
367,True,True,True,True,True,True,Eliminacion,1,F:\Cursos\Ciencia de Datos\Modulo 5\CODIGOS\Proyecto Fotnite\VIDEOS\ORIGINAL\Fortnite 2026.08.07 - 20.24.37.13.Eliminación.DVR.mp4
368,True,True,True,True,True,True,Eliminacion,1,F:\Cursos\Ciencia de Datos\Modulo 5\CODIGOS\Proyecto Fotnite\VIDEOS\ORIGINAL\Fortnite 2026.08.07 - 20.26.03.14.Eliminación doble.DVR.mp4
369,True,True,True,True,True,True,Eliminacion,1,F:\Cursos\Ciencia de Datos\Modulo 5\CODIGOS\Proyecto Fotnite\VIDEOS\ORIGINAL\Fortnite 2026.08.07 - 20.27.55.15.Eliminación.DVR.mp4
370,True,True,True,True,True,True,Eliminacion,1,F:\Cursos\Ciencia de Datos\Modulo 5\CODIGOS\Proyecto Fotnite\VIDEOS\ORIGINAL\Fortnite 2026.08.07 - 20.28.36.16.Eliminación.DVR.mp4
371,True,True,True,True,True,True,Eliminacion,1,F:\Cursos\Ciencia de Datos\Modulo 5\CODIGOS\Proyecto Fotnite\VIDEOS\ORIGINAL\Fortnite 2026.08.07 - 20.32.09.17.Eliminación.DVR.mp4
372,True,True,True,True,True,True,Eliminacion,1,F:\Cursos\Ciencia de Datos\Modulo 5\CODIGOS\Proyecto Fotnite\VIDEOS\ORIGINAL\Fortnite 2026.08.07 - 20.32.27.18.Eliminación.DVR.mp4
373,True,True,True,True,True,True,Eliminacion,1,F:\Cursos\Ciencia de Datos\Modulo 5\CODIGOS\Proyecto Fotnite\VIDEOS\ORIGINAL\Fortnite 2026.08.07 - 20.35.16.19.Eliminación.DVR.mp4
374,True,True,True,True,True,True,Eliminacion,1,F:\Cursos\Ciencia de Datos\Modulo 5\CODIGOS\Proyecto Fotnite\VIDEOS\ORIGINAL\Fortnite 2026.08.07 - 20.35.51.20.Eliminación.DVR.mp4
375,True,True,True,True,True,True,Eliminacion,1,F:\Cursos\Ciencia de Datos\Modulo 5\CODIGOS\Proyecto Fotnite\VIDEOS\ORIGINAL\Fortnite 2026.08.07 - 20.36.56.21.Eliminación.DVR.mp4
376,True,True,True,True,True,True,Eliminacion,1,F:\Cursos\Ciencia de Datos\Modulo 5\CODIGOS\Proyecto Fotnite\VIDEOS\ORIGINAL\Fortnite 2026.08.07 - 20.38.38.22.Eliminación.DVR.mp4
377,True,True,True,True,True,True,Eliminado,0,F:\Cursos\Ciencia de Datos\Modulo 5\CODIGOS\Proyecto Fotnite\VIDEOS\ORIGINAL\Fortnite 2026.08.07 - 20.42.55.23.Eliminado.DVR.mp4
378,True,True,True,True,True,True,Eliminacion,1,F:\Cursos\Ciencia de Datos\Modulo 5\CODIGOS\Proyecto Fotnite\VIDEOS\ORIGINAL\Fortnite 2026.08.07 - 20.47.24.25.Eliminación.DVR.mp4
379,True,True,True,True,True,True,Eliminacion,1,F:\Cursos\Ciencia de Datos\Modulo 5\CODIGOS\Proyecto Fotnite\VIDEOS\ORIGINAL\Fortnite 2026.08.07 - 20.51.43.26.Eliminación.DVR.mp4
380,True,True,True,True,True,True,Eliminacion,1,F:\Cursos\Ciencia de Datos\Modulo 5\CODIGOS\Proyecto Fotnite\VIDEOS\ORIGINAL\Fortnite 2026.08.07 - 20.54.01.27.Eliminación doble.DVR.mp4
381,True,True,True,True,True,True,Eliminacion,1,F:\Cursos\Ciencia de Datos\Modulo 5\CODIGOS\Proyecto Fotnite\VIDEOS\ORIGINAL\Fortnite 2026.08.07 - 20.54.59.28.Eliminación.DVR.mp4
382,True,True,True,True,True,True,Eliminacion,1,F:\Cursos\Ciencia de Datos\Modulo 5\CODIGOS\Proyecto Fotnite\VIDEOS\ORIGINAL\Fortnite 2026.08.07 - 21.00.41.30.Eliminación.DVR.mp4
383,True,True,True,True,True,True,Eliminacion,1,F:\Cursos\Ciencia de Datos\Modulo 5\CODIGOS\Proyecto Fotnite\VIDEOS\ORIGINAL\Fortnite 2026.08.07 - 21.01.02.31.Eliminación.DVR.mp4
384,True,True,True,True,True,True,Eliminacion,1,F:\Cursos\Ciencia de Datos\Modulo 5\CODIGOS\Proyecto Fotnite\VIDEOS\ORIGINAL\Fortnite 2026.08.07 - 21.01.39.32.Eliminación.DVR.mp4
385,True,True,True,True,True,True,Eliminacion,1,F:\Cursos\Ciencia de Datos\Modulo 5\CODIGOS\Proyecto Fotnite\VIDEOS\ORIGINAL\Fortnite 2026.08.07 - 21.06.47.33.Eliminación.DVR.mp4
386,True,True,True,True,True,True,Eliminado,0,F:\Cursos\Ciencia de Datos\Modulo 5\CODIGOS\Proyecto Fotnite\VIDEOS\ORIGINAL\Fortnite 2026.08.07 - 21.12.16.34.Eliminado.DVR.mp4
387,True,True,True,True,True,True,Eliminado,0,F:\Cursos\Ciencia de Datos\Modulo 5\CODIGOS\Proyecto Fotnite\VIDEOS\ORIGINAL\Fortnite 2026.08.07 - 21.18.35.36.Eliminado.DVR.mp4
388,True,True,True,True,True,True,Eliminado,0,F:\Cursos\Ciencia de Datos\Modulo 5\CODIGOS\Proyecto Fotnite\VIDEOS\ORIGINAL\Fortnite 2026.08.07 - 21.22.41.38.Eliminado.DVR.mp4
389,True,True,True,True,True,True,Eliminacion,1,F:\Cursos\Ciencia de Datos\Modulo 5\CODIGOS\Proyecto Fotnite\VIDEOS\ORIGINAL\Fortnite 2026.08.07 - 21.25.59.40.Eliminación doble.DVR.mp4
390,True,True,True,True,True,True,Eliminacion,1,F:\Cursos\Ciencia de Datos\Modulo 5\CODIGOS\Proyecto Fotnite\VIDEOS\ORIGINAL\Fortnite 2026.08.07 - 21.26.39.41.Eliminación doble.DVR.mp4
391,True,True,True,True,True,True,Eliminacion,1,F:\Cursos\Ciencia de Datos\Modulo 5\CODIGOS\Proyecto Fotnite\VIDEOS\ORIGINAL\Fortnite 2026.08.07 - 21.26.48.42.Eliminación triple.DVR.mp4
392,True,True,True,True,True,True,Eliminacion,1,F:\Cursos\Ciencia de Datos\Modulo 5\CODIGOS\Proyecto Fotnite\VIDEOS\ORIGINAL\Fortnite 2026.08.07 - 21.27.00.43.Eliminación.DVR.mp4
393,True,True,True,True,True,True,Eliminacion,1,F:\Cursos\Ciencia de Datos\Modulo 5\CODIGOS\Proyecto Fotnite\VIDEOS\ORIGINAL\Fortnite 2026.08.07 - 21.31.39.44.Eliminación.DVR.mp4
394,True,True,True,True,True,True,Eliminado,0,F:\Cursos\Ciencia de Datos\Modulo 5\CODIGOS\Proyecto Fotnite\VIDEOS\ORIGINAL\Fortnite 2026.08.07 - 21.31.58.45.Eliminado.DVR.mp4
395,True,True,True,True,True,True,Eliminacion,1,F:\Cursos\Ciencia de Datos\Modulo 5\CODIGOS\Proyecto Fotnite\VIDEOS\ORIGINAL\Fortnite 2026.08.07 - 21.35.01.47.Eliminación.DVR.mp4
396,True,True,True,True,True,True,Eliminado,0,F:\Cursos\Ciencia de Datos\Modulo 5\CODIGOS\Proyecto Fotnite\VIDEOS\ORIGINAL\Fortnite 2026.08.07 - 21.35.21.48.Eliminado.DVR.mp4
397,True,True,True,True,True,True,Eliminacion,1,F:\Cursos\Ciencia de Datos\Modulo 5\CODIGOS\Proyecto Fotnite\VIDEOS\ORIGINAL\Fortnite 2026.08.08 - 20.38.27.02.Abajo.DVR.mp4
398,True,True,True,True,True,True,Eliminacion,1,F:\Cursos\Ciencia de Datos\Modulo 5\CODIGOS\Proyecto Fotnite\VIDEOS\ORIGINAL\Fortnite 2026.08.08 - 20.38.33.03.Eliminación.DVR.mp4
399,True,True,True,True,True,True,Eliminacion,1,F:\Cursos\Ciencia de Datos\Modulo 5\CODIGOS\Proyecto Fotnite\VIDEOS\ORIGINAL\Fortnite 2026.08.08 - 20.38.49.04.Eliminación múltiple.DVR.mp4
400,True,True,True,True,True,True,Eliminacion,1,F:\Cursos\Ciencia de Datos\Modulo 5\CODIGOS\Proyecto Fotnite\VIDEOS\ORIGINAL\Fortnite 2026.08.08 - 20.42.13.06.Abajo.DVR.mp4
401,True,True,True,True,True,True,Eliminacion,1,F:\Cursos\Ciencia de Datos\Modulo 5\CODIGOS\Proyecto Fotnite\VIDEOS\ORIGINAL\Fortnite 2026.08.08 - 20.42.19.07.Eliminación.DVR.mp4
402,True,True,True,True,True,True,Eliminacion,1,F:\Cursos\Ciencia de Datos\Modulo 5\CODIGOS\Proyecto Fotnite\VIDEOS\ORIGINAL\Fortnite 2026.08.08 - 20.42.57.08.Eliminación.DVR.mp4
403,True,True,True,True,True,True,Eliminacion,1,F:\Cursos\Ciencia de Datos\Modulo 5\CODIGOS\Proyecto Fotnite\VIDEOS\ORIGINAL\Fortnite 2026.08.08 - 20.46.01.09.Eliminación.DVR.mp4
404,True,True,True,True,True,True,Eliminado,0,F:\Cursos\Ciencia de Datos\Modulo 5\CODIGOS\Proyecto Fotnite\VIDEOS\ORIGINAL\Fortnite 2026.08.08 - 20.46.03.10.Eliminado.DVR.mp4
405,True,True,True,True,True,True,Eliminado,0,F:\Cursos\Ciencia de Datos\Modulo 5\CODIGOS\Proyecto Fotnite\VIDEOS\ORIGINAL\Fortnite 2026.08.08 - 20.49.22.12.Eliminado.DVR.mp4
406,True,True,True,True,True,True,Eliminacion,1,F:\Cursos\Ciencia de Datos\Modulo 5\CODIGOS\Proyecto Fotnite\VIDEOS\ORIGINAL\Fortnite 2026.08.08 - 20.54.27.14.Eliminación.DVR.mp4
407,True,True,True,True,True,True,Eliminacion,1,F:\Cursos\Ciencia de Datos\Modulo 5\CODIGOS\Proyecto Fotnite\VIDEOS\ORIGINAL\Fortnite 2026.08.08 - 20.58.32.15.Eliminación múltiple.DVR.mp4
408,True,True,True,True,True,True,Eliminacion,1,F:\Cursos\Ciencia de Datos\Modulo 5\CODIGOS\Proyecto Fotnite\VIDEOS\ORIGINAL\Fortnite 2026.08.08 - 20.59.33.16.Eliminación.DVR.mp4
409,True,True,True,True,True,True,Eliminacion,1,F:\Cursos\Ciencia de Datos\Modulo 5\CODIGOS\Proyecto Fotnite\VIDEOS\ORIGINAL\Fortnite 2026.08.08 - 21.02.37.17.Eliminación.DVR.mp4
410,True,True,True,True,True,True,Eliminacion,1,F:\Cursos\Ciencia de Datos\Modulo 5\CODIGOS\Proyecto Fotnite\VIDEOS\ORIGINAL\Fortnite 2026.08.08 - 21.04.59.18.Eliminación.DVR.mp4
411,True,True,True,True,True,True,Eliminacion,1,F:\Cursos\Ciencia de Datos\Modulo 5\CODIGOS\Proyecto Fotnite\VIDEOS\ORIGINAL\Fortnite 2026.08.08 - 21.07.30.19.Eliminación.DVR.mp4
412,True,True,True,True,True,True,Eliminacion,1,F:\Cursos\Ciencia de Datos\Modulo 5\CODIGOS\Proyecto Fotnite\VIDEOS\ORIGINAL\Fortnite 2026.08.08 - 21.08.57.20.Eliminación.DVR.mp4
413,True,True,True,True,True,True,Eliminado,0,F:\Cursos\Ciencia de Datos\Modulo 5\CODIGOS\Proyecto Fotnite\VIDEOS\ORIGINAL\Fortnite 2026.08.08 - 21.09.18.21.Eliminado.DVR.mp4
414,True,True,True,True,True,True,Eliminacion,1,F:\Cursos\Ciencia de Datos\Modulo 5\CODIGOS\Proyecto Fotnite\VIDEOS\ORIGINAL\Fortnite 2026.08.08 - 21.19.04.23.Eliminación.DVR.mp4
415,True,True,True,True,True,True,Eliminacion,1,F:\Cursos\Ciencia de Datos\Modulo 5\CODIGOS\Proyecto Fotnite\VIDEOS\ORIGINAL\Fortnite 2026.08.08 - 21.19.20.24.Eliminación.DVR.mp4
416,True,True,True,True,True,True,Eliminacion,1,F:\Cursos\Ciencia de Datos\Modulo 5\CODIGOS\Proyecto Fotnite\VIDEOS\ORIGINAL\Fortnite 2026.08.08 - 21.22.31.26.Eliminación doble.DVR.mp4
417,True,True,True,True,True,True,Eliminacion,1,F:\Cursos\Ciencia de Datos\Modulo 5\CODIGOS\Proyecto Fotnite\VIDEOS\ORIGINAL\Fortnite 2026.08.08 - 21.23.57.27.Eliminación.DVR.mp4
418,True,True,True,True,True,True,Eliminacion,1,F:\Cursos\Ciencia de Datos\Modulo 5\CODIGOS\Proyecto Fotnite\VIDEOS\ORIGINAL\Fortnite 2026.08.08 - 21.24.21.28.Eliminación doble.DVR.mp4
419,True,True,True,True,True,True,Eliminacion,1,F:\Cursos\Ciencia de Datos\Modulo 5\CODIGOS\Proyecto Fotnite\VIDEOS\ORIGINAL\Fortnite 2026.08.08 - 21.28.30.29.Eliminación.DVR.mp4
420,True,True,True,True,True,True,Eliminacion,1,F:\Cursos\Ciencia de Datos\Modulo 5\CODIGOS\Proyecto Fotnite\VIDEOS\ORIGINAL\Fortnite 2026.08.08 - 21.29.17.30.Eliminación.DVR.mp4
421,True,True,True,True,True,True,Eliminacion,1,F:\Cursos\Ciencia de Datos\Modulo 5\CODIGOS\Proyecto Fotnite\VIDEOS\ORIGINAL\Fortnite 2026.08.08 - 21.30.31.31.Eliminación.DVR.mp4
422,True,True,True,True,True,True,Eliminacion,1,F:\Cursos\Ciencia de Datos\Modulo 5\CODIGOS\Proyecto Fotnite\VIDEOS\ORIGINAL\Fortnite 2026.08.08 - 21.33.28.32.Eliminación.DVR.mp4
423,True,True,True,True,True,True,Eliminacion,1,F:\Cursos\Ciencia de Datos\Modulo 5\CODIGOS\Proyecto Fotnite\VIDEOS\ORIGINAL\Fortnite 2026.08.08 - 21.37.54.33.Eliminación.DVR.mp4
424,True,True,True,True,True,True,Eliminado,0,F:\Cursos\Ciencia de Datos\Modulo 5\CODIGOS\Proyecto Fotnite\VIDEOS\ORIGINAL\Fortnite 2026.08.08 - 21.39.43.34.Eliminado.DVR.mp4
425,True,True,True,True,True,True,Eliminado,0,F:\Cursos\Ciencia de Datos\Modulo 5\CODIGOS\Proyecto Fotnite\VIDEOS\ORIGINAL\Fortnite 2026.08.08 - 21.53.14.36.Eliminado.DVR.mp4
426,True,True,True,True,True,True,Eliminado,0,F:\Cursos\Ciencia de Datos\Modulo 5\CODIGOS\Proyecto Fotnite\VIDEOS\ORIGINAL\Fortnite 2026.08.14 - 20.53.21.02.Eliminado.DVR.mp4
427,True,True,True,True,True,True,Eliminacion,1,F:\Cursos\Ciencia de Datos\Modulo 5\CODIGOS\Proyecto Fotnite\VIDEOS\ORIGINAL\Fortnite 2026.08.14 - 20.55.06.03.Eliminación.DVR.mp4
428,True,True,True,True,True,True,Eliminacion,1,F:\Cursos\Ciencia de Datos\Modulo 5\CODIGOS\Proyecto Fotnite\VIDEOS\ORIGINAL\Fortnite 2026.08.14 - 20.55.35.04.Eliminación.DVR.mp4
429,True,True,True,True,True,True,Eliminacion,1,F:\Cursos\Ciencia de Datos\Modulo 5\CODIGOS\Proyecto Fotnite\VIDEOS\ORIGINAL\Fortnite 2026.08.14 - 20.55.58.05.Eliminación.DVR.mp4
430,True,True,True,True,True,True,Eliminacion,1,F:\Cursos\Ciencia de Datos\Modulo 5\CODIGOS\Proyecto Fotnite\VIDEOS\ORIGINAL\Fortnite 2026.08.14 - 20.56.19.06.Eliminación.DVR.mp4
431,True,True,True,True,True,True,Eliminacion,1,F:\Cursos\Ciencia de Datos\Modulo 5\CODIGOS\Proyecto Fotnite\VIDEOS\ORIGINAL\Fortnite 2026.08.14 - 20.56.26.07.Eliminación.DVR.mp4
432,True,True,True,True,True,True,Eliminacion,1,F:\Cursos\Ciencia de Datos\Modulo 5\CODIGOS\Proyecto Fotnite\VIDEOS\ORIGINAL\Fortnite 2026.08.14 - 20.56.41.08.Eliminación.DVR.mp4
433,True,True,True,True,True,True,Eliminacion,1,F:\Cursos\Ciencia de Datos\Modulo 5\CODIGOS\Proyecto Fotnite\VIDEOS\ORIGINAL\Fortnite 2026.08.14 - 20.57.32.09.Eliminación.DVR.mp4
434,True,True,True,True,True,True,Eliminacion,1,F:\Cursos\Ciencia de Datos\Modulo 5\CODIGOS\Proyecto Fotnite\VIDEOS\ORIGINAL\Fortnite 2026.08.14 - 20.57.51.10.Eliminación.DVR.mp4
435,True,True,True,True,True,True,Eliminacion,1,F:\Cursos\Ciencia de Datos\Modulo 5\CODIGOS\Proyecto Fotnite\VIDEOS\ORIGINAL\Fortnite 2026.08.14 - 20.59.16.11.Eliminación.DVR.mp4
436,True,True,True,True,True,True,Eliminacion,1,F:\Cursos\Ciencia de Datos\Modulo 5\CODIGOS\Proyecto Fotnite\VIDEOS\ORIGINAL\Fortnite 2026.08.14 - 20.59.38.12.Eliminación.DVR.mp4
437,True,True,True,True,True,True,Eliminacion,1,F:\Cursos\Ciencia de Datos\Modulo 5\CODIGOS\Proyecto Fotnite\VIDEOS\ORIGINAL\Fortnite 2026.08.14 - 21.00.15.13.Eliminación.DVR.mp4
438,True,True,True,True,True,True,Eliminacion,1,F:\Cursos\Ciencia de Datos\Modulo 5\CODIGOS\Proyecto Fotnite\VIDEOS\ORIGINAL\Fortnite 2026.08.14 - 21.00.51.14.Eliminación.DVR.mp4
439,True,True,True,True,True,True,Eliminacion,1,F:\Cursos\Ciencia de Datos\Modulo 5\CODIGOS\Proyecto Fotnite\VIDEOS\ORIGINAL\Fortnite 2026.08.14 - 21.01.09.15.Eliminación.DVR.mp4
440,True,True,True,True,True,True,Eliminacion,1,F:\Cursos\Ciencia de Datos\Modulo 5\CODIGOS\Proyecto Fotnite\VIDEOS\ORIGINAL\Fortnite 2026.08.14 - 21.03.12.16.Eliminación.DVR.mp4
441,True,True,True,True,True,True,Eliminacion,1,F:\Cursos\Ciencia de Datos\Modulo 5\CODIGOS\Proyecto Fotnite\VIDEOS\ORIGINAL\Fortnite 2026.08.14 - 21.04.06.17.Eliminación.DVR.mp4
442,True,True,True,True,True,True,Eliminacion,1,F:\Cursos\Ciencia de Datos\Modulo 5\CODIGOS\Proyecto Fotnite\VIDEOS\ORIGINAL\Fortnite 2026.08.14 - 21.05.09.18.Eliminación.DVR.mp4
443,True,True,True,True,True,True,Eliminacion,1,F:\Cursos\Ciencia de Datos\Modulo 5\CODIGOS\Proyecto Fotnite\VIDEOS\ORIGINAL\Fortnite 2026.08.14 - 21.07.32.19.Eliminación.DVR.mp4
444,True,True,True,True,True,True,Eliminacion,1,F:\Cursos\Ciencia de Datos\Modulo 5\CODIGOS\Proyecto Fotnite\VIDEOS\ORIGINAL\Fortnite 2026.08.14 - 21.12.27.21.Eliminación.DVR.mp4
445,True,True,True,True,True,True,Eliminado,0,F:\Cursos\Ciencia de Datos\Modulo 5\CODIGOS\Proyecto Fotnite\VIDEOS\ORIGINAL\Fortnite 2026.08.14 - 21.12.33.22.Eliminado.DVR.mp4
446,True,True,True,True,True,True,Eliminacion,1,F:\Cursos\Ciencia de Datos\Modulo 5\CODIGOS\Proyecto Fotnite\VIDEOS\ORIGINAL\Fortnite 2026.08.14 - 21.15.31.23.Eliminación.DVR.mp4
447,True,True,True,True,True,True,Eliminacion,1,F:\Cursos\Ciencia de Datos\Modulo 5\CODIGOS\Proyecto Fotnite\VIDEOS\ORIGINAL\Fortnite 2026.08.14 - 21.16.40.24.Eliminación.DVR.mp4
448,True,True,True,True,True,True,Eliminado,0,F:\Cursos\Ciencia de Datos\Modulo 5\CODIGOS\Proyecto Fotnite\VIDEOS\ORIGINAL\Fortnite 2026.08.14 - 21.17.55.25.Eliminado.DVR.mp4
449,True,True,True,True,True,True,Eliminacion,1,F:\Cursos\Ciencia de Datos\Modulo 5\CODIGOS\Proyecto Fotnite\VIDEOS\ORIGINAL\Fortnite 2026.08.14 - 21.19.56.26.Eliminación.DVR.mp4
450,True,True,True,True,True,True,Eliminado,0,F:\Cursos\Ciencia de Datos\Modulo 5\CODIGOS\Proyecto Fotnite\VIDEOS\ORIGINAL\Fortnite 2026.08.14 - 21.20.55.27.Eliminado.DVR.mp4
451,True,True,True,True,True,True,Eliminado,0,F:\Cursos\Ciencia de Datos\Modulo 5\CODIGOS\Proyecto Fotnite\VIDEOS\ORIGINAL\Fortnite 2026.08.14 - 21.21.25.28.Eliminado.DVR.mp4
452,True,True,True,True,True,True,Eliminado,0,F:\Cursos\Ciencia de Datos\Modulo 5\CODIGOS\Proyecto Fotnite\VIDEOS\ORIGINAL\Fortnite 2026.08.14 - 21.25.23.30.Eliminado.DVR.mp4
453,True,True,True,True,True,True,Eliminacion,1,F:\Cursos\Ciencia de Datos\Modulo 5\CODIGOS\Proyecto Fotnite\VIDEOS\ORIGINAL\Fortnite 2026.08.14 - 21.27.30.31.Eliminación.DVR.mp4
454,True,True,True,True,True,True,Eliminacion,1,F:\Cursos\Ciencia de Datos\Modulo 5\CODIGOS\Proyecto Fotnite\VIDEOS\ORIGINAL\Fortnite 2026.08.14 - 21.28.21.32.Eliminación.DVR.mp4
455,True,True,True,True,True,True,Eliminacion,1,F:\Cursos\Ciencia de Datos\Modulo 5\CODIGOS\Proyecto Fotnite\VIDEOS\ORIGINAL\Fortnite 2026.08.14 - 21.33.05.33.Eliminación.DVR.mp4
456,True,True,True,True,True,True,Eliminado,0,F:\Cursos\Ciencia de Datos\Modulo 5\CODIGOS\Proyecto Fotnite\VIDEOS\ORIGINAL\Fortnite 2026.08.14 - 21.35.00.34.Eliminado.DVR.mp4
457,True,True,True,True,True,True,Eliminado,0,F:\Cursos\Ciencia de Datos\Modulo 5\CODIGOS\Proyecto Fotnite\VIDEOS\ORIGINAL\Fortnite 2026.08.14 - 21.35.24.35.Eliminado.DVR.mp4
458,True,True,True,True,True,True,Eliminacion,1,F:\Cursos\Ciencia de Datos\Modulo 5\CODIGOS\Proyecto Fotnite\VIDEOS\ORIGINAL\Fortnite 2026.08.14 - 21.36.27.36.Eliminación.DVR.mp4
459,True,True,True,True,True,True,Eliminado,0,F:\Cursos\Ciencia de Datos\Modulo 5\CODIGOS\Proyecto Fotnite\VIDEOS\ORIGINAL\Fortnite 2026.08.14 - 21.36.37.37.Eliminado.DVR.mp4
460,True,True,True,True,True,True,Eliminacion,1,F:\Cursos\Ciencia de Datos\Modulo 5\CODIGOS\Proyecto Fotnite\VIDEOS\ORIGINAL\Fortnite 2026.08.14 - 21.39.43.39.Eliminación.DVR.mp4
461,True,True,True,True,True,True,Eliminacion,1,F:\Cursos\Ciencia de Datos\Modulo 5\CODIGOS\Proyecto Fotnite\VIDEOS\ORIGINAL\Fortnite 2026.08.14 - 21.40.51.40.Eliminación.DVR.mp4
462,True,True,True,True,True,True,Eliminado,0,F:\Cursos\Ciencia de Datos\Modulo 5\CODIGOS\Proyecto Fotnite\VIDEOS\ORIGINAL\Fortnite 2026.08.14 - 21.41.58.41.Eliminado.DVR.mp4
463,True,True,True,True,True,True,Eliminado,0,F:\Cursos\Ciencia de Datos\Modulo 5\CODIGOS\Proyecto Fotnite\VIDEOS\ORIGINAL\Fortnite 2026.08.14 - 21.45.55.42.Eliminado.DVR.mp4
464,True,True,True,True,True,True,Eliminado,0,F:\Cursos\Ciencia de Datos\Modulo 5\CODIGOS\Proyecto Fotnite\VIDEOS\ORIGINAL\Fortnite 2026.08.14 - 21.46.31.43.Eliminado.DVR.mp4
465,True,True,True,True,True,True,Eliminado,0,F:\Cursos\Ciencia de Datos\Modulo 5\CODIGOS\Proyecto Fotnite\VIDEOS\ORIGINAL\Fortnite 2026.08.14 - 21.49.12.45.Eliminado.DVR.mp4
466,True,True,True,True,True,True,Eliminacion,1,F:\Cursos\Ciencia de Datos\Modulo 5\CODIGOS\Proyecto Fotnite\VIDEOS\ORIGINAL\Fortnite 2026.08.14 - 21.50.15.46.Eliminación.DVR.mp4
467,True,True,True,True,True,True,Eliminacion,1,F:\Cursos\Ciencia de Datos\Modulo 5\CODIGOS\Proyecto Fotnite\VIDEOS\ORIGINAL\Fortnite 2026.08.14 - 21.51.04.47.Eliminación doble.DVR.mp4
468,True,True,True,True,True,True,Eliminacion,1,F:\Cursos\Ciencia de Datos\Modulo 5\CODIGOS\Proyecto Fotnite\VIDEOS\ORIGINAL\Fortnite 2026.08.14 - 21.51.11.48.Eliminación.DVR.mp4
469,True,True,True,True,True,True,Eliminacion,1,F:\Cursos\Ciencia de Datos\Modulo 5\CODIGOS\Proyecto Fotnite\VIDEOS\ORIGINAL\Fortnite 2026.08.14 - 21.52.14.49.Eliminación.DVR.mp4
470,True,True,True,True,True,True,Eliminacion,1,F:\Cursos\Ciencia de Datos\Modulo 5\CODIGOS\Proyecto Fotnite\VIDEOS\ORIGINAL\Fortnite 2026.08.14 - 21.52.21.50.Eliminación.DVR.mp4
471,True,True,True,True,True,True,Eliminacion,1,F:\Cursos\Ciencia de Datos\Modulo 5\CODIGOS\Proyecto Fotnite\VIDEOS\ORIGINAL\Fortnite 2026.08.14 - 21.52.49.51.Eliminación.DVR.mp4
472,True,True,True,True,True,True,Eliminacion,1,F:\Cursos\Ciencia de Datos\Modulo 5\CODIGOS\Proyecto Fotnite\VIDEOS\ORIGINAL\Fortnite 2026.08.14 - 21.54.05.52.Eliminación.DVR.mp4
473,True,True,True,True,True,True,Eliminacion,1,F:\Cursos\Ciencia de Datos\Modulo 5\CODIGOS\Proyecto Fotnite\VIDEOS\ORIGINAL\Fortnite 2026.08.14 - 21.55.12.53.Eliminación.DVR.mp4
474,True,True,True,True,True,True,Eliminado,0,F:\Cursos\Ciencia de Datos\Modulo 5\CODIGOS\Proyecto Fotnite\VIDEOS\ORIGINAL\Fortnite 2026.08.14 - 21.57.01.54.Eliminado.DVR.mp4
475,True,True,True,True,True,True,Eliminacion,1,F:\Cursos\Ciencia de Datos\Modulo 5\CODIGOS\Proyecto Fotnite\VIDEOS\ORIGINAL\Fortnite 2026.08.14 - 21.58.05.55.Eliminación.DVR.mp4
476,True,True,True,True,True,True,Eliminacion,1,F:\Cursos\Ciencia de Datos\Modulo 5\CODIGOS\Proyecto Fotnite\VIDEOS\ORIGINAL\Fortnite 2026.08.14 - 22.01.41.56.Eliminación.DVR.mp4
477,True,True,True,True,True,True,Eliminado,0,F:\Cursos\Ciencia de Datos\Modulo 5\CODIGOS\Proyecto Fotnite\VIDEOS\ORIGINAL\Fortnite 2026.08.14 - 22.03.14.57.Eliminado.DVR.mp4
478,True,True,True,True,True,True,Eliminado,0,F:\Cursos\Ciencia de Datos\Modulo 5\CODIGOS\Proyecto Fotnite\VIDEOS\ORIGINAL\Fortnite 2026.08.14 - 22.05.45.59.Eliminado.DVR.mp4
479,True,True,True,True,True,True,Eliminado,0,F:\Cursos\Ciencia de Datos\Modulo 5\CODIGOS\Proyecto Fotnite\VIDEOS\ORIGINAL\Fortnite 2026.08.14 - 22.07.01.60.Eliminado.DVR.mp4
480,True,True,True,True,True,True,Eliminacion,1,F:\Cursos\Ciencia de Datos\Modulo 5\CODIGOS\Proyecto Fotnite\VIDEOS\ORIGINAL\Fortnite 2026.08.14 - 22.11.13.61.Eliminación.DVR.mp4
481,True,True,True,True,True,True,Eliminacion,1,F:\Cursos\Ciencia de Datos\Modulo 5\CODIGOS\Proyecto Fotnite\VIDEOS\ORIGINAL\Fortnite 2026.08.14 - 22.11.39.62.Eliminación.DVR.mp4
482,True,True,True,True,True,True,Eliminado,0,F:\Cursos\Ciencia de Datos\Modulo 5\CODIGOS\Proyecto Fotnite\VIDEOS\ORIGINAL\Fortnite 2026.08.14 - 22.12.12.63.Eliminado.DVR.mp4
483,True,True,True,True,True,True,Eliminacion,1,F:\Cursos\Ciencia de Datos\Modulo 5\CODIGOS\Proyecto Fotnite\VIDEOS\ORIGINAL\Fortnite 2026.08.14 - 22.15.57.64.Eliminación.DVR.mp4
484,True,True,True,True,True,True,Eliminacion,1,F:\Cursos\Ciencia de Datos\Modulo 5\CODIGOS\Proyecto Fotnite\VIDEOS\ORIGINAL\Fortnite 2026.08.14 - 22.16.16.65.Eliminación.DVR.mp4
485,True,True,True,True,True,True,Eliminacion,1,F:\Cursos\Ciencia de Datos\Modulo 5\CODIGOS\Proyecto Fotnite\VIDEOS\ORIGINAL\Fortnite 2026.08.14 - 22.16.52.66.Eliminación.DVR.mp4
486,True,True,True,True,True,True,Eliminado,0,F:\Cursos\Ciencia de Datos\Modulo 5\CODIGOS\Proyecto Fotnite\VIDEOS\ORIGINAL\Fortnite 2026.08.14 - 22.17.16.67.Eliminado.DVR.mp4
487,True,True,True,True,True,True,Eliminado,0,F:\Cursos\Ciencia de Datos\Modulo 5\CODIGOS\Proyecto Fotnite\VIDEOS\ORIGINAL\Fortnite 2026.08.14 - 22.20.07.68.Eliminado.DVR.mp4
488,True,True,True,True,True,True,Eliminacion,1,F:\Cursos\Ciencia de Datos\Modulo 5\CODIGOS\Proyecto Fotnite\VIDEOS\ORIGINAL\Fortnite 2026.08.15 - 20.03.44.02.Eliminación.DVR.mp4
489,True,True,True,True,True,True,Eliminacion,1,F:\Cursos\Ciencia de Datos\Modulo 5\CODIGOS\Proyecto Fotnite\VIDEOS\ORIGINAL\Fortnite 2026.08.15 - 20.06.15.03.Eliminación.DVR.mp4
490,True,True,True,True,True,True,Eliminacion,1,F:\Cursos\Ciencia de Datos\Modulo 5\CODIGOS\Proyecto Fotnite\VIDEOS\ORIGINAL\Fortnite 2026.08.15 - 20.06.48.04.Eliminación.DVR.mp4
491,True,True,True,True,True,True,Eliminacion,1,F:\Cursos\Ciencia de Datos\Modulo 5\CODIGOS\Proyecto Fotnite\VIDEOS\ORIGINAL\Fortnite 2026.08.15 - 20.07.07.05.Eliminación.DVR.mp4
492,True,True,True,True,True,True,Eliminacion,1,F:\Cursos\Ciencia de Datos\Modulo 5\CODIGOS\Proyecto Fotnite\VIDEOS\ORIGINAL\Fortnite 2026.08.15 - 20.07.23.06.Eliminación doble.DVR.mp4
493,True,True,True,True,True,True,Eliminacion,1,F:\Cursos\Ciencia de Datos\Modulo 5\CODIGOS\Proyecto Fotnite\VIDEOS\ORIGINAL\Fortnite 2026.08.15 - 20.07.52.07.Eliminación.DVR.mp4
494,True,True,True,True,True,True,Eliminacion,1,F:\Cursos\Ciencia de Datos\Modulo 5\CODIGOS\Proyecto Fotnite\VIDEOS\ORIGINAL\Fortnite 2026.08.15 - 20.08.02.08.Eliminación.DVR.mp4
495,True,True,True,True,True,True,Eliminacion,1,F:\Cursos\Ciencia de Datos\Modulo 5\CODIGOS\Proyecto Fotnite\VIDEOS\ORIGINAL\Fortnite 2026.08.15 - 20.08.44.09.Eliminación.DVR.mp4
496,True,True,True,True,True,True,Eliminacion,1,F:\Cursos\Ciencia de Datos\Modulo 5\CODIGOS\Proyecto Fotnite\VIDEOS\ORIGINAL\Fortnite 2026.08.15 - 20.11.00.10.Eliminación.DVR.mp4
497,True,True,True,True,True,True,Eliminacion,1,F:\Cursos\Ciencia de Datos\Modulo 5\CODIGOS\Proyecto Fotnite\VIDEOS\ORIGINAL\Fortnite 2026.08.15 - 20.16.03.11.Eliminación.DVR.mp4
498,True,True,True,True,True,True,Eliminado,0,F:\Cursos\Ciencia de Datos\Modulo 5\CODIGOS\Proyecto Fotnite\VIDEOS\ORIGINAL\Fortnite 2026.08.15 - 20.16.09.12.Eliminado.DVR.mp4
499,True,True,True,True,True,True,Eliminacion,1,F:\Cursos\Ciencia de Datos\Modulo 5\CODIGOS\Proyecto Fotnite\VIDEOS\ORIGINAL\Fortnite 2026.08.15 - 20.19.54.14.Eliminación.DVR.mp4
500,True,True,True,True,True,True,Eliminacion,1,F:\Cursos\Ciencia de Datos\Modulo 5\CODIGOS\Proyecto Fotnite\VIDEOS\ORIGINAL\Fortnite 2026.08.15 - 20.21.24.15.Eliminación.DVR.mp4
501,True,True,True,True,True,True,Eliminacion,1,F:\Cursos\Ciencia de Datos\Modulo 5\CODIGOS\Proyecto Fotnite\VIDEOS\ORIGINAL\Fortnite 2026.08.15 - 20.21.33.16.Eliminación.DVR.mp4
502,True,True,True,True,True,True,Eliminacion,1,F:\Cursos\Ciencia de Datos\Modulo 5\CODIGOS\Proyecto Fotnite\VIDEOS\ORIGINAL\Fortnite 2026.08.15 - 20.22.03.17.Eliminación.DVR.mp4
503,True,True,True,True,True,True,Eliminacion,1,F:\Cursos\Ciencia de Datos\Modulo 5\CODIGOS\Proyecto Fotnite\VIDEOS\ORIGINAL\Fortnite 2026.08.15 - 20.23.15.18.Eliminación.DVR.mp4
504,True,True,True,True,True,True,Eliminacion,1,F:\Cursos\Ciencia de Datos\Modulo 5\CODIGOS\Proyecto Fotnite\VIDEOS\ORIGINAL\Fortnite 2026.08.15 - 20.23.50.19.Eliminación doble.DVR.mp4
505,True,True,True,True,True,True,Eliminacion,1,F:\Cursos\Ciencia de Datos\Modulo 5\CODIGOS\Proyecto Fotnite\VIDEOS\ORIGINAL\Fortnite 2026.08.15 - 20.24.43.20.Eliminación.DVR.mp4
506,True,True,True,True,True,True,Eliminacion,1,F:\Cursos\Ciencia de Datos\Modulo 5\CODIGOS\Proyecto Fotnite\VIDEOS\ORIGINAL\Fortnite 2026.08.15 - 20.25.38.21.Eliminación.DVR.mp4
507,True,True,True,True,True,True,Eliminacion,1,F:\Cursos\Ciencia de Datos\Modulo 5\CODIGOS\Proyecto Fotnite\VIDEOS\ORIGINAL\Fortnite 2026.08.15 - 20.27.42.22.Eliminación.DVR.mp4
508,True,True,True,True,True,True,Eliminacion,1,F:\Cursos\Ciencia de Datos\Modulo 5\CODIGOS\Proyecto Fotnite\VIDEOS\ORIGINAL\Fortnite 2026.08.15 - 20.29.23.23.Eliminación.DVR.mp4
509,True,True,True,True,True,True,Eliminado,0,F:\Cursos\Ciencia de Datos\Modulo 5\CODIGOS\Proyecto Fotnite\VIDEOS\ORIGINAL\Fortnite 2026.08.15 - 20.29.48.24.Eliminado.DVR.mp4
510,True,True,True,True,True,True,Eliminado,0,F:\Cursos\Ciencia de Datos\Modulo 5\CODIGOS\Proyecto Fotnite\VIDEOS\ORIGINAL\Fortnite 2026.08.15 - 20.30.27.25.Eliminado.DVR.mp4
511,True,True,True,True,True,True,Eliminado,0,F:\Cursos\Ciencia de Datos\Modulo 5\CODIGOS\Proyecto Fotnite\VIDEOS\ORIGINAL\Fortnite 2026.08.15 - 20.33.23.26.Eliminado.DVR.mp4
512,True,True,True,True,True,True,Eliminacion,1,F:\Cursos\Ciencia de Datos\Modulo 5\CODIGOS\Proyecto Fotnite\VIDEOS\ORIGINAL\Fortnite 2026.08.15 - 20.38.47.28.Eliminación.DVR.mp4
513,True,True,True,True,True,True,Eliminacion,1,F:\Cursos\Ciencia de Datos\Modulo 5\CODIGOS\Proyecto Fotnite\VIDEOS\ORIGINAL\Fortnite 2026.08.15 - 20.38.58.29.Eliminación.DVR.mp4
514,True,True,True,True,True,True,Eliminado,0,F:\Cursos\Ciencia de Datos\Modulo 5\CODIGOS\Proyecto Fotnite\VIDEOS\ORIGINAL\Fortnite 2026.08.15 - 20.39.15.30.Eliminado.DVR.mp4
515,True,True,True,True,True,True,Eliminacion,1,F:\Cursos\Ciencia de Datos\Modulo 5\CODIGOS\Proyecto Fotnite\VIDEOS\ORIGINAL\Fortnite 2026.08.15 - 20.43.04.31.Eliminación.DVR.mp4
516,True,True,True,True,True,True,Eliminado,0,F:\Cursos\Ciencia de Datos\Modulo 5\CODIGOS\Proyecto Fotnite\VIDEOS\ORIGINAL\Fortnite 2026.08.15 - 20.44.57.32.Eliminado.DVR.mp4
517,True,True,True,True,True,True,Eliminado,0,F:\Cursos\Ciencia de Datos\Modulo 5\CODIGOS\Proyecto Fotnite\VIDEOS\ORIGINAL\Fortnite 2026.08.15 - 20.48.21.33.Eliminado.DVR.mp4
518,True,True,True,True,True,True,Eliminado,0,F:\Cursos\Ciencia de Datos\Modulo 5\CODIGOS\Proyecto Fotnite\VIDEOS\ORIGINAL\Fortnite 2026.08.15 - 20.50.06.34.Eliminado.DVR.mp4
519,True,True,True,True,True,True,Eliminacion,1,F:\Cursos\Ciencia de Datos\Modulo 5\CODIGOS\Proyecto Fotnite\VIDEOS\ORIGINAL\Fortnite 2026.09.05 - 18.32.05.02.Eliminación.DVR.mp4
520,True,True,True,True,True,True,Eliminacion,1,F:\Cursos\Ciencia de Datos\Modulo 5\CODIGOS\Proyecto Fotnite\VIDEOS\ORIGINAL\Fortnite 2026.09.05 - 18.34.16.03.Eliminación.DVR.mp4
521,True,True,True,True,True,True,Eliminacion,1,F:\Cursos\Ciencia de Datos\Modulo 5\CODIGOS\Proyecto Fotnite\VIDEOS\ORIGINAL\Fortnite 2026.09.05 - 18.34.39.04.Eliminación doble.DVR.mp4
522,True,True,True,True,True,True,Eliminacion,1,F:\Cursos\Ciencia de Datos\Modulo 5\CODIGOS\Proyecto Fotnite\VIDEOS\ORIGINAL\Fortnite 2026.09.05 - 18.36.41.05.Eliminación.DVR.mp4
523,True,True,True,True,True,True,Eliminacion,1,F:\Cursos\Ciencia de Datos\Modulo 5\CODIGOS\Proyecto Fotnite\VIDEOS\ORIGINAL\Fortnite 2026.09.05 - 18.36.53.06.Eliminación.DVR.mp4
524,True,True,True,True,True,True,Eliminacion,1,F:\Cursos\Ciencia de Datos\Modulo 5\CODIGOS\Proyecto Fotnite\VIDEOS\ORIGINAL\Fortnite 2026.09.05 - 18.43.44.07.Eliminación.DVR.mp4
525,True,True,True,True,True,True,Eliminacion,1,F:\Cursos\Ciencia de Datos\Modulo 5\CODIGOS\Proyecto Fotnite\VIDEOS\ORIGINAL\Fortnite 2026.09.05 - 18.44.05.08.Eliminación.DVR.mp4
526,True,True,True,True,True,True,Eliminacion,1,F:\Cursos\Ciencia de Datos\Modulo 5\CODIGOS\Proyecto Fotnite\VIDEOS\ORIGINAL\Fortnite 2026.09.05 - 18.44.18.09.Eliminación.DVR.mp4
527,True,True,True,True,True,True,Victoria,2,F:\Cursos\Ciencia de Datos\Modulo 5\CODIGOS\Proyecto Fotnite\VIDEOS\ORIGINAL\Fortnite 2026.09.05 - 18.45.33.10.Victoria.DVR.mp4
528,True,True,True,True,True,True,Eliminacion,1,F:\Cursos\Ciencia de Datos\Modulo 5\CODIGOS\Proyecto Fotnite\VIDEOS\ORIGINAL\Fortnite 2026.09.05 - 18.48.30.12.Eliminación.DVR.mp4
529,True,True,True,True,True,True,Eliminacion,1,F:\Cursos\Ciencia de Datos\Modulo 5\CODIGOS\Proyecto Fotnite\VIDEOS\ORIGINAL\Fortnite 2026.09.05 - 18.49.17.13.Eliminación.DVR.mp4
530,True,True,True,True,True,True,Eliminacion,1,F:\Cursos\Ciencia de Datos\Modulo 5\CODIGOS\Proyecto Fotnite\VIDEOS\ORIGINAL\Fortnite 2026.09.05 - 18.49.40.14.Eliminación.DVR.mp4
531,True,True,True,True,True,True,Eliminacion,1,F:\Cursos\Ciencia de Datos\Modulo 5\CODIGOS\Proyecto Fotnite\VIDEOS\ORIGINAL\Fortnite 2026.09.05 - 18.50.00.15.Eliminación.DVR.mp4
532,True,True,True,True,True,True,Eliminacion,1,F:\Cursos\Ciencia de Datos\Modulo 5\CODIGOS\Proyecto Fotnite\VIDEOS\ORIGINAL\Fortnite 2026.09.05 - 18.50.34.16.Eliminación.DVR.mp4
533,True,True,True,True,True,True,Eliminacion,1,F:\Cursos\Ciencia de Datos\Modulo 5\CODIGOS\Proyecto Fotnite\VIDEOS\ORIGINAL\Fortnite 2026.09.05 - 18.51.03.17.Eliminación.DVR.mp4
534,True,True,True,True,True,True,Eliminacion,1,F:\Cursos\Ciencia de Datos\Modulo 5\CODIGOS\Proyecto Fotnite\VIDEOS\ORIGINAL\Fortnite 2026.09.05 - 18.51.09.18.Eliminación.DVR.mp4
535,True,True,True,True,True,True,Eliminacion,1,F:\Cursos\Ciencia de Datos\Modulo 5\CODIGOS\Proyecto Fotnite\VIDEOS\ORIGINAL\Fortnite 2026.09.05 - 18.51.50.19.Eliminación.DVR.mp4
536,True,True,True,True,True,True,Eliminacion,1,F:\Cursos\Ciencia de Datos\Modulo 5\CODIGOS\Proyecto Fotnite\VIDEOS\ORIGINAL\Fortnite 2026.09.05 - 18.52.17.20.Eliminación doble.DVR.mp4
537,True,True,True,True,True,True,Eliminacion,1,F:\Cursos\Ciencia de Datos\Modulo 5\CODIGOS\Proyecto Fotnite\VIDEOS\ORIGINAL\Fortnite 2026.09.05 - 18.54.08.21.Eliminación.DVR.mp4
538,True,True,True,True,True,True,Eliminacion,1,F:\Cursos\Ciencia de Datos\Modulo 5\CODIGOS\Proyecto Fotnite\VIDEOS\ORIGINAL\Fortnite 2026.09.05 - 18.55.28.22.Eliminación.DVR.mp4
539,True,True,True,True,True,True,Eliminacion,1,F:\Cursos\Ciencia de Datos\Modulo 5\CODIGOS\Proyecto Fotnite\VIDEOS\ORIGINAL\Fortnite 2026.09.05 - 18.57.16.23.Eliminación.DVR.mp4
540,True,True,True,True,True,True,Eliminacion,1,F:\Cursos\Ciencia de Datos\Modulo 5\CODIGOS\Proyecto Fotnite\VIDEOS\ORIGINAL\Fortnite 2026.09.05 - 18.57.59.24.Eliminación.DVR.mp4
541,True,True,True,True,True,True,Eliminacion,1,F:\Cursos\Ciencia de Datos\Modulo 5\CODIGOS\Proyecto Fotnite\VIDEOS\ORIGINAL\Fortnite 2026.09.05 - 18.58.12.25.Eliminación.DVR.mp4
542,True,True,True,True,True,True,Victoria,2,F:\Cursos\Ciencia de Datos\Modulo 5\CODIGOS\Proyecto Fotnite\VIDEOS\ORIGINAL\Fortnite 2026.09.05 - 19.02.12.26.Victoria.DVR.mp4
543,True,True,True,True,True,True,Eliminacion,1,F:\Cursos\Ciencia de Datos\Modulo 5\CODIGOS\Proyecto Fotnite\VIDEOS\ORIGINAL\Fortnite 2026.09.05 - 19.07.59.28.Eliminación.DVR.mp4
544,True,True,True,True,True,True,Eliminacion,1,F:\Cursos\Ciencia de Datos\Modulo 5\CODIGOS\Proyecto Fotnite\VIDEOS\ORIGINAL\Fortnite 2026.09.05 - 19.10.44.29.Eliminación.DVR.mp4
545,True,True,True,True,True,True,Eliminacion,1,F:\Cursos\Ciencia de Datos\Modulo 5\CODIGOS\Proyecto Fotnite\VIDEOS\ORIGINAL\Fortnite 2026.09.05 - 19.20.10.30.Eliminación.DVR.mp4
546,True,True,True,True,True,True,Victoria,2,F:\Cursos\Ciencia de Datos\Modulo 5\CODIGOS\Proyecto Fotnite\VIDEOS\ORIGINAL\Fortnite 2026.09.05 - 19.20.16.31.Victoria.DVR.mp4
547,True,True,True,True,True,True,Eliminacion,1,F:\Cursos\Ciencia de Datos\Modulo 5\CODIGOS\Proyecto Fotnite\VIDEOS\ORIGINAL\Fortnite 2026.09.05 - 19.25.51.33.Eliminación.DVR.mp4
548,True,True,True,True,True,True,Eliminacion,1,F:\Cursos\Ciencia de Datos\Modulo 5\CODIGOS\Proyecto Fotnite\VIDEOS\ORIGINAL\Fortnite 2026.09.05 - 19.26.59.34.Eliminación.DVR.mp4
549,True,True,True,True,True,True,Eliminado,0,F:\Cursos\Ciencia de Datos\Modulo 5\CODIGOS\Proyecto Fotnite\VIDEOS\ORIGINAL\Fortnite 2026.09.05 - 19.38.23.35.Eliminado.DVR.mp4
550,True,True,True,True,True,True,Eliminacion,1,F:\Cursos\Ciencia de Datos\Modulo 5\CODIGOS\Proyecto Fotnite\VIDEOS\ORIGINAL\Fortnite 2026.09.05 - 19.43.19.37.Eliminación.DVR.mp4
551,True,True,True,True,True,True,Eliminacion,1,F:\Cursos\Ciencia de Datos\Modulo 5\CODIGOS\Proyecto Fotnite\VIDEOS\ORIGINAL\Fortnite 2026.09.05 - 19.43.25.38.Eliminación.DVR.mp4
552,True,True,True,True,True,True,Eliminacion,1,F:\Cursos\Ciencia de Datos\Modulo 5\CODIGOS\Proyecto Fotnite\VIDEOS\ORIGINAL\Fortnite 2026.09.05 - 19.43.53.39.Eliminación.DVR.mp4
553,True,True,True,True,True,True,Eliminado,0,F:\Cursos\Ciencia de Datos\Modulo 5\CODIGOS\Proyecto Fotnite\VIDEOS\ORIGINAL\Fortnite 2026.09.05 - 19.44.15.40.Eliminado.DVR.mp4
554,True,True,True,True,True,True,Eliminacion,1,F:\Cursos\Ciencia de Datos\Modulo 5\CODIGOS\Proyecto Fotnite\VIDEOS\ORIGINAL\Fortnite 2026.09.05 - 19.45.18.41.Eliminación.DVR.mp4
555,True,True,True,True,True,True,Eliminacion,1,F:\Cursos\Ciencia de Datos\Modulo 5\CODIGOS\Proyecto Fotnite\VIDEOS\ORIGINAL\Fortnite 2026.09.05 - 19.45.25.42.Eliminación.DVR.mp4
556,True,True,True,True,True,True,Eliminacion,1,F:\Cursos\Ciencia de Datos\Modulo 5\CODIGOS\Proyecto Fotnite\VIDEOS\ORIGINAL\Fortnite 2026.09.05 - 19.46.07.43.Eliminación.DVR.mp4
557,True,True,True,True,True,True,Eliminacion,1,F:\Cursos\Ciencia de Datos\Modulo 5\CODIGOS\Proyecto Fotnite\VIDEOS\ORIGINAL\Fortnite 2026.09.05 - 19.46.15.44.Eliminación.DVR.mp4
558,True,True,True,True,True,True,Eliminacion,1,F:\Cursos\Ciencia de Datos\Modulo 5\CODIGOS\Proyecto Fotnite\VIDEOS\ORIGINAL\Fortnite 2026.09.05 - 19.48.58.45.Eliminación.DVR.mp4
559,True,True,True,True,True,True,Eliminacion,1,F:\Cursos\Ciencia de Datos\Modulo 5\CODIGOS\Proyecto Fotnite\VIDEOS\ORIGINAL\Fortnite 2026.09.05 - 19.49.21.46.Eliminación.DVR.mp4
560,True,True,True,True,True,True,Eliminacion,1,F:\Cursos\Ciencia de Datos\Modulo 5\CODIGOS\Proyecto Fotnite\VIDEOS\ORIGINAL\Fortnite 2026.09.05 - 19.50.31.47.Eliminación.DVR.mp4
561,True,True,True,True,True,True,Victoria,2,F:\Cursos\Ciencia de Datos\Modulo 5\CODIGOS\Proyecto Fotnite\VIDEOS\ORIGINAL\Fortnite 2026.09.05 - 19.55.30.48.Victoria.DVR.mp4
562,True,True,True,True,True,True,Eliminado,0,F:\Cursos\Ciencia de Datos\Modulo 5\CODIGOS\Proyecto Fotnite\VIDEOS\ORIGINAL\Fortnite 2026.09.05 - 20.16.06.50.Eliminado.DVR.mp4
563,True,True,True,True,True,True,Eliminado,0,F:\Cursos\Ciencia de Datos\Modulo 5\CODIGOS\Proyecto Fotnite\VIDEOS\ORIGINAL\Fortnite 2026.09.05 - 20.16.46.51.Eliminado.DVR.mp4
564,True,True,True,True,True,True,Eliminacion,1,F:\Cursos\Ciencia de Datos\Modulo 5\CODIGOS\Proyecto Fotnite\VIDEOS\ORIGINAL\Fortnite 2026.09.05 - 20.19.21.52.Eliminación.DVR.mp4
565,True,True,True,True,True,True,Eliminacion,1,F:\Cursos\Ciencia de Datos\Modulo 5\CODIGOS\Proyecto Fotnite\VIDEOS\ORIGINAL\Fortnite 2026.09.05 - 20.19.37.53.Eliminación.DVR.mp4
566,True,True,True,True,True,True,Eliminacion,1,F:\Cursos\Ciencia de Datos\Modulo 5\CODIGOS\Proyecto Fotnite\VIDEOS\ORIGINAL\Fortnite 2026.09.05 - 20.19.59.54.Eliminación.DVR.mp4
567,True,True,True,True,True,True,Eliminacion,1,F:\Cursos\Ciencia de Datos\Modulo 5\CODIGOS\Proyecto Fotnite\VIDEOS\ORIGINAL\Fortnite 2026.09.05 - 20.20.49.55.Eliminación.DVR.mp4
568,True,True,True,True,True,True,Eliminado,0,F:\Cursos\Ciencia de Datos\Modulo 5\CODIGOS\Proyecto Fotnite\VIDEOS\ORIGINAL\Fortnite 2026.09.05 - 20.24.17.56.Eliminado.DVR.mp4
569,True,True,True,True,True,True,Eliminacion,1,F:\Cursos\Ciencia de Datos\Modulo 5\CODIGOS\Proyecto Fotnite\VIDEOS\ORIGINAL\Fortnite 2026.09.05 - 20.24.51.57.Eliminación.DVR.mp4
570,True,True,True,True,True,True,Eliminado,0,F:\Cursos\Ciencia de Datos\Modulo 5\CODIGOS\Proyecto Fotnite\VIDEOS\ORIGINAL\Fortnite 2026.09.05 - 20.28.39.58.Eliminado.DVR.mp4
571,True,True,True,True,True,True,Eliminacion,1,F:\Cursos\Ciencia de Datos\Modulo 5\CODIGOS\Proyecto Fotnite\VIDEOS\ORIGINAL\Fortnite 2026.09.05 - 20.33.20.60.Eliminación.DVR.mp4
572,True,True,True,True,True,True,Eliminacion,1,F:\Cursos\Ciencia de Datos\Modulo 5\CODIGOS\Proyecto Fotnite\VIDEOS\ORIGINAL\Fortnite 2026.09.05 - 20.34.17.61.Eliminación.DVR.mp4
573,True,True,True,True,True,True,Eliminacion,1,F:\Cursos\Ciencia de Datos\Modulo 5\CODIGOS\Proyecto Fotnite\VIDEOS\ORIGINAL\Fortnite 2026.09.05 - 20.36.55.62.Eliminación.DVR.mp4
574,True,True,True,True,True,True,Eliminacion,1,F:\Cursos\Ciencia de Datos\Modulo 5\CODIGOS\Proyecto Fotnite\VIDEOS\ORIGINAL\Fortnite 2026.09.05 - 20.38.18.63.Eliminación.DVR.mp4
575,True,True,True,True,True,True,Eliminacion,1,F:\Cursos\Ciencia de Datos\Modulo 5\CODIGOS\Proyecto Fotnite\VIDEOS\ORIGINAL\Fortnite 2026.09.05 - 20.40.37.64.Eliminación.DVR.mp4
576,True,True,True,True,True,True,Eliminacion,1,F:\Cursos\Ciencia de Datos\Modulo 5\CODIGOS\Proyecto Fotnite\VIDEOS\ORIGINAL\Fortnite 2026.09.05 - 20.42.28.65.Eliminación.DVR.mp4
577,True,True,True,True,True,True,Eliminacion,1,F:\Cursos\Ciencia de Datos\Modulo 5\CODIGOS\Proyecto Fotnite\VIDEOS\ORIGINAL\Fortnite 2026.09.05 - 20.43.24.66.Eliminación.DVR.mp4
578,True,True,True,True,True,True,Eliminacion,1,F:\Cursos\Ciencia de Datos\Modulo 5\CODIGOS\Proyecto Fotnite\VIDEOS\ORIGINAL\Fortnite 2026.09.05 - 20.48.16.67.Eliminación.DVR.mp4
579,True,True,True,True,True,True,Eliminado,0,F:\Cursos\Ciencia de Datos\Modulo 5\CODIGOS\Proyecto Fotnite\VIDEOS\ORIGINAL\Fortnite 2026.09.05 - 20.48.42.68.Eliminado.DVR.mp4
580,True,True,True,True,True,True,Eliminacion,1,F:\Cursos\Ciencia de Datos\Modulo 5\CODIGOS\Proyecto Fotnite\VIDEOS\ORIGINAL\Fortnite 2026.09.08 - 19.28.35.02.Eliminación.DVR.mp4
581,True,True,True,True,True,True,Eliminacion,1,F:\Cursos\Ciencia de Datos\Modulo 5\CODIGOS\Proyecto Fotnite\VIDEOS\ORIGINAL\Fortnite 2026.09.08 - 19.31.54.03.Eliminación.DVR.mp4
582,True,True,True,True,True,True,Eliminacion,1,F:\Cursos\Ciencia de Datos\Modulo 5\CODIGOS\Proyecto Fotnite\VIDEOS\ORIGINAL\Fortnite 2026.09.08 - 19.35.06.04.Eliminación.DVR.mp4
583,True,True,True,True,True,True,Eliminado,0,F:\Cursos\Ciencia de Datos\Modulo 5\CODIGOS\Proyecto Fotnite\VIDEOS\ORIGINAL\Fortnite 2026.09.08 - 19.38.00.05.Eliminado.DVR.mp4
584,True,True,True,True,True,True,Eliminacion,1,F:\Cursos\Ciencia de Datos\Modulo 5\CODIGOS\Proyecto Fotnite\VIDEOS\ORIGINAL\Fortnite 2026.09.08 - 19.41.21.07.Eliminación.DVR.mp4
585,True,True,True,True,True,True,Eliminacion,1,F:\Cursos\Ciencia de Datos\Modulo 5\CODIGOS\Proyecto Fotnite\VIDEOS\ORIGINAL\Fortnite 2026.09.08 - 19.42.20.08.Eliminación.DVR.mp4
586,True,True,True,True,True,True,Eliminacion,1,F:\Cursos\Ciencia de Datos\Modulo 5\CODIGOS\Proyecto Fotnite\VIDEOS\ORIGINAL\Fortnite 2026.09.08 - 19.42.52.09.Eliminación.DVR.mp4
587,True,True,True,True,True,True,Eliminacion,1,F:\Cursos\Ciencia de Datos\Modulo 5\CODIGOS\Proyecto Fotnite\VIDEOS\ORIGINAL\Fortnite 2026.09.08 - 19.43.54.10.Eliminación.DVR.mp4
588,True,True,True,True,True,True,Eliminacion,1,F:\Cursos\Ciencia de Datos\Modulo 5\CODIGOS\Proyecto Fotnite\VIDEOS\ORIGINAL\Fortnite 2026.09.08 - 19.44.28.11.Eliminación.DVR.mp4
589,True,True,True,True,True,True,Eliminacion,1,F:\Cursos\Ciencia de Datos\Modulo 5\CODIGOS\Proyecto Fotnite\VIDEOS\ORIGINAL\Fortnite 2026.09.08 - 19.45.08.12.Eliminación.DVR.mp4
590,True,True,True,True,True,True,Eliminacion,1,F:\Cursos\Ciencia de Datos\Modulo 5\CODIGOS\Proyecto Fotnite\VIDEOS\ORIGINAL\Fortnite 2026.09.08 - 19.45.19.13.Eliminación.DVR.mp4
591,True,True,True,True,True,True,Eliminacion,1,F:\Cursos\Ciencia de Datos\Modulo 5\CODIGOS\Proyecto Fotnite\VIDEOS\ORIGINAL\Fortnite 2026.09.08 - 19.46.11.14.Eliminación.DVR.mp4
592,True,True,True,True,True,True,Eliminacion,1,F:\Cursos\Ciencia de Datos\Modulo 5\CODIGOS\Proyecto Fotnite\VIDEOS\ORIGINAL\Fortnite 2026.09.08 - 19.48.03.15.Eliminación.DVR.mp4
593,True,True,True,True,True,True,Eliminacion,1,F:\Cursos\Ciencia de Datos\Modulo 5\CODIGOS\Proyecto Fotnite\VIDEOS\ORIGINAL\Fortnite 2026.09.08 - 19.48.27.16.Eliminación.DVR.mp4
594,True,True,True,True,True,True,Eliminacion,1,F:\Cursos\Ciencia de Datos\Modulo 5\CODIGOS\Proyecto Fotnite\VIDEOS\ORIGINAL\Fortnite 2026.09.08 - 19.48.53.17.Eliminación.DVR.mp4
595,True,True,True,True,True,True,Eliminacion,1,F:\Cursos\Ciencia de Datos\Modulo 5\CODIGOS\Proyecto Fotnite\VIDEOS\ORIGINAL\Fortnite 2026.09.08 - 19.53.55.18.Eliminación.DVR.mp4
596,True,True,True,True,True,True,Eliminacion,1,F:\Cursos\Ciencia de Datos\Modulo 5\CODIGOS\Proyecto Fotnite\VIDEOS\ORIGINAL\Fortnite 2026.09.08 - 19.55.03.19.Eliminación.DVR.mp4
597,True,True,True,True,True,True,Victoria,2,F:\Cursos\Ciencia de Datos\Modulo 5\CODIGOS\Proyecto Fotnite\VIDEOS\ORIGINAL\Fortnite 2026.09.08 - 19.55.16.20.Victoria.DVR.mp4
598,True,True,True,True,True,True,Eliminado,0,F:\Cursos\Ciencia de Datos\Modulo 5\CODIGOS\Proyecto Fotnite\VIDEOS\ORIGINAL\Fortnite 2026.09.11 - 20.31.05.02.Eliminado.DVR.mp4
599,True,True,True,True,True,True,Eliminacion,1,F:\Cursos\Ciencia de Datos\Modulo 5\CODIGOS\Proyecto Fotnite\VIDEOS\ORIGINAL\Fortnite 2026.09.11 - 20.32.42.03.Eliminación.DVR.mp4
600,True,True,True,True,True,True,Eliminacion,1,F:\Cursos\Ciencia de Datos\Modulo 5\CODIGOS\Proyecto Fotnite\VIDEOS\ORIGINAL\Fortnite 2026.09.11 - 20.33.17.04.Eliminación.DVR.mp4
601,True,True,True,True,True,True,Eliminacion,1,F:\Cursos\Ciencia de Datos\Modulo 5\CODIGOS\Proyecto Fotnite\VIDEOS\ORIGINAL\Fortnite 2026.09.11 - 20.33.27.05.Eliminación.DVR.mp4
602,True,True,True,True,True,True,Eliminacion,1,F:\Cursos\Ciencia de Datos\Modulo 5\CODIGOS\Proyecto Fotnite\VIDEOS\ORIGINAL\Fortnite 2026.09.11 - 20.33.43.06.Eliminación.DVR.mp4
603,True,True,True,True,True,True,Eliminacion,1,F:\Cursos\Ciencia de Datos\Modulo 5\CODIGOS\Proyecto Fotnite\VIDEOS\ORIGINAL\Fortnite 2026.09.11 - 20.34.12.07.Eliminación.DVR.mp4
604,True,True,True,True,True,True,Eliminacion,1,F:\Cursos\Ciencia de Datos\Modulo 5\CODIGOS\Proyecto Fotnite\VIDEOS\ORIGINAL\Fortnite 2026.09.11 - 20.35.31.08.Eliminación.DVR.mp4
605,True,True,True,True,True,True,Eliminado,0,F:\Cursos\Ciencia de Datos\Modulo 5\CODIGOS\Proyecto Fotnite\VIDEOS\ORIGINAL\Fortnite 2026.09.11 - 20.35.41.09.Eliminado.DVR.mp4
606,True,True,True,True,True,True,Eliminacion,1,F:\Cursos\Ciencia de Datos\Modulo 5\CODIGOS\Proyecto Fotnite\VIDEOS\ORIGINAL\Fortnite 2026.09.11 - 20.36.14.10.Eliminación.DVR.mp4
607,True,True,True,True,True,True,Eliminacion,1,F:\Cursos\Ciencia de Datos\Modulo 5\CODIGOS\Proyecto Fotnite\VIDEOS\ORIGINAL\Fortnite 2026.09.11 - 20.36.47.11.Eliminación.DVR.mp4
608,True,True,True,True,True,True,Eliminacion,1,F:\Cursos\Ciencia de Datos\Modulo 5\CODIGOS\Proyecto Fotnite\VIDEOS\ORIGINAL\Fortnite 2026.09.11 - 20.38.33.12.Eliminación.DVR.mp4
609,True,True,True,True,True,True,Eliminacion,1,F:\Cursos\Ciencia de Datos\Modulo 5\CODIGOS\Proyecto Fotnite\VIDEOS\ORIGINAL\Fortnite 2026.09.11 - 20.39.11.13.Eliminación.DVR.mp4
610,True,True,True,True,True,True,Eliminado,0,F:\Cursos\Ciencia de Datos\Modulo 5\CODIGOS\Proyecto Fotnite\VIDEOS\ORIGINAL\Fortnite 2026.09.11 - 20.43.53.14.Eliminado.DVR.mp4
611,True,True,True,True,True,True,Eliminacion,1,F:\Cursos\Ciencia de Datos\Modulo 5\CODIGOS\Proyecto Fotnite\VIDEOS\ORIGINAL\Fortnite 2026.09.11 - 20.49.53.16.Eliminación.DVR.mp4
612,True,True,True,True,True,True,Eliminacion,1,F:\Cursos\Ciencia de Datos\Modulo 5\CODIGOS\Proyecto Fotnite\VIDEOS\ORIGINAL\Fortnite 2026.09.11 - 20.50.21.17.Eliminación.DVR.mp4
613,True,True,True,True,True,True,Eliminacion,1,F:\Cursos\Ciencia de Datos\Modulo 5\CODIGOS\Proyecto Fotnite\VIDEOS\ORIGINAL\Fortnite 2026.09.11 - 20.53.00.18.Eliminación.DVR.mp4
614,True,True,True,True,True,True,Eliminacion,1,F:\Cursos\Ciencia de Datos\Modulo 5\CODIGOS\Proyecto Fotnite\VIDEOS\ORIGINAL\Fortnite 2026.09.11 - 20.54.27.19.Eliminación.DVR.mp4
615,True,True,True,True,True,True,Eliminacion,1,F:\Cursos\Ciencia de Datos\Modulo 5\CODIGOS\Proyecto Fotnite\VIDEOS\ORIGINAL\Fortnite 2026.09.11 - 20.54.41.20.Eliminación.DVR.mp4
616,True,True,True,True,True,True,Eliminado,0,F:\Cursos\Ciencia de Datos\Modulo 5\CODIGOS\Proyecto Fotnite\VIDEOS\ORIGINAL\Fortnite 2026.09.11 - 20.56.26.21.Eliminado.DVR.mp4
617,True,True,True,True,True,True,Eliminado,0,F:\Cursos\Ciencia de Datos\Modulo 5\CODIGOS\Proyecto Fotnite\VIDEOS\ORIGINAL\Fortnite 2026.09.11 - 20.56.53.22.Eliminado.DVR.mp4
618,True,True,True,True,True,True,Eliminacion,1,F:\Cursos\Ciencia de Datos\Modulo 5\CODIGOS\Proyecto Fotnite\VIDEOS\ORIGINAL\Fortnite 2026.09.11 - 20.58.25.23.Eliminación.DVR.mp4
619,True,True,True,True,True,True,Eliminacion,1,F:\Cursos\Ciencia de Datos\Modulo 5\CODIGOS\Proyecto Fotnite\VIDEOS\ORIGINAL\Fortnite 2026.09.11 - 21.00.01.24.Eliminación.DVR.mp4
620,True,True,True,True,True,True,Eliminado,0,F:\Cursos\Ciencia de Datos\Modulo 5\CODIGOS\Proyecto Fotnite\VIDEOS\ORIGINAL\Fortnite 2026.09.11 - 21.00.08.25.Eliminado.DVR.mp4
621,True,True,True,True,True,True,Eliminado,0,F:\Cursos\Ciencia de Datos\Modulo 5\CODIGOS\Proyecto Fotnite\VIDEOS\ORIGINAL\Fortnite 2026.09.11 - 21.04.08.27.Eliminado.DVR.mp4
622,True,True,True,True,True,True,Eliminacion,1,F:\Cursos\Ciencia de Datos\Modulo 5\CODIGOS\Proyecto Fotnite\VIDEOS\ORIGINAL\Fortnite 2026.09.11 - 21.05.44.28.Eliminación.DVR.mp4
623,True,True,True,True,True,True,Eliminado,0,F:\Cursos\Ciencia de Datos\Modulo 5\CODIGOS\Proyecto Fotnite\VIDEOS\ORIGINAL\Fortnite 2026.09.11 - 21.06.00.29.Eliminado.DVR.mp4
624,True,True,True,True,True,True,Eliminacion,1,F:\Cursos\Ciencia de Datos\Modulo 5\CODIGOS\Proyecto Fotnite\VIDEOS\ORIGINAL\Fortnite 2026.09.11 - 21.07.30.30.Eliminación.DVR.mp4
625,True,True,True,True,True,True,Eliminacion,1,F:\Cursos\Ciencia de Datos\Modulo 5\CODIGOS\Proyecto Fotnite\VIDEOS\ORIGINAL\Fortnite 2026.09.11 - 21.09.09.31.Eliminación.DVR.mp4
626,True,True,True,True,True,True,Eliminacion,1,F:\Cursos\Ciencia de Datos\Modulo 5\CODIGOS\Proyecto Fotnite\VIDEOS\ORIGINAL\Fortnite 2026.09.11 - 21.15.33.32.Eliminación.DVR.mp4
627,True,True,True,True,True,True,Eliminado,0,F:\Cursos\Ciencia de Datos\Modulo 5\CODIGOS\Proyecto Fotnite\VIDEOS\ORIGINAL\Fortnite 2026.09.11 - 21.15.49.33.Eliminado.DVR.mp4
628,True,True,True,True,True,True,Eliminacion,1,F:\Cursos\Ciencia de Datos\Modulo 5\CODIGOS\Proyecto Fotnite\VIDEOS\ORIGINAL\Fortnite 2026.09.11 - 21.18.05.34.Eliminación.DVR.mp4
629,True,True,True,True,True,True,Eliminado,0,F:\Cursos\Ciencia de Datos\Modulo 5\CODIGOS\Proyecto Fotnite\VIDEOS\ORIGINAL\Fortnite 2026.09.11 - 21.18.12.35.Eliminado.DVR.mp4
630,True,True,True,True,True,True,Eliminacion,1,F:\Cursos\Ciencia de Datos\Modulo 5\CODIGOS\Proyecto Fotnite\VIDEOS\ORIGINAL\Fortnite 2026.09.11 - 21.23.14.37.Eliminación.DVR.mp4
631,True,True,True,True,True,True,Eliminacion,1,F:\Cursos\Ciencia de Datos\Modulo 5\CODIGOS\Proyecto Fotnite\VIDEOS\ORIGINAL\Fortnite 2026.09.11 - 21.23.47.38.Eliminación.DVR.mp4
632,True,True,True,True,True,True,Eliminado,0,F:\Cursos\Ciencia de Datos\Modulo 5\CODIGOS\Proyecto Fotnite\VIDEOS\ORIGINAL\Fortnite 2026.09.11 - 21.25.04.39.Eliminado.DVR.mp4
633,True,True,True,True,True,True,Eliminacion,1,F:\Cursos\Ciencia de Datos\Modulo 5\CODIGOS\Proyecto Fotnite\VIDEOS\ORIGINAL\Fortnite 2026.09.11 - 21.26.02.40.Eliminación doble.DVR.mp4
634,True,True,True,True,True,True,Eliminacion,1,F:\Cursos\Ciencia de Datos\Modulo 5\CODIGOS\Proyecto Fotnite\VIDEOS\ORIGINAL\Fortnite 2026.09.11 - 21.27.11.41.Eliminación.DVR.mp4
635,True,True,True,True,True,True,Victoria,2,F:\Cursos\Ciencia de Datos\Modulo 5\CODIGOS\Proyecto Fotnite\VIDEOS\ORIGINAL\Fortnite 2026.09.11 - 21.33.08.42.Victoria.DVR.mp4
636,True,True,True,True,True,True,Eliminacion,1,F:\Cursos\Ciencia de Datos\Modulo 5\CODIGOS\Proyecto Fotnite\VIDEOS\ORIGINAL\Fortnite 2026.09.12 - 19.53.40.02.Eliminación.DVR.mp4
637,True,True,True,True,True,True,Eliminacion,1,F:\Cursos\Ciencia de Datos\Modulo 5\CODIGOS\Proyecto Fotnite\VIDEOS\ORIGINAL\Fortnite 2026.09.12 - 19.54.07.03.Eliminación.DVR.mp4
638,True,True,True,True,True,True,Eliminacion,1,F:\Cursos\Ciencia de Datos\Modulo 5\CODIGOS\Proyecto Fotnite\VIDEOS\ORIGINAL\Fortnite 2026.09.12 - 19.54.20.04.Eliminación.DVR.mp4
639,True,True,True,True,True,True,Eliminacion,1,F:\Cursos\Ciencia de Datos\Modulo 5\CODIGOS\Proyecto Fotnite\VIDEOS\ORIGINAL\Fortnite 2026.09.12 - 19.54.40.05.Eliminación doble.DVR.mp4
640,True,True,True,True,True,True,Eliminacion,1,F:\Cursos\Ciencia de Datos\Modulo 5\CODIGOS\Proyecto Fotnite\VIDEOS\ORIGINAL\Fortnite 2026.09.12 - 19.54.52.06.Eliminación.DVR.mp4
641,True,True,True,True,True,True,Eliminacion,1,F:\Cursos\Ciencia de Datos\Modulo 5\CODIGOS\Proyecto Fotnite\VIDEOS\ORIGINAL\Fortnite 2026.09.12 - 19.55.24.07.Eliminación.DVR.mp4
642,True,True,True,True,True,True,Eliminacion,1,F:\Cursos\Ciencia de Datos\Modulo 5\CODIGOS\Proyecto Fotnite\VIDEOS\ORIGINAL\Fortnite 2026.09.12 - 19.55.45.08.Eliminación doble.DVR.mp4
643,True,True,True,True,True,True,Eliminacion,1,F:\Cursos\Ciencia de Datos\Modulo 5\CODIGOS\Proyecto Fotnite\VIDEOS\ORIGINAL\Fortnite 2026.09.12 - 19.56.26.09.Eliminación.DVR.mp4
644,True,True,True,True,True,True,Eliminacion,1,F:\Cursos\Ciencia de Datos\Modulo 5\CODIGOS\Proyecto Fotnite\VIDEOS\ORIGINAL\Fortnite 2026.09.12 - 19.56.50.10.Eliminación.DVR.mp4
645,True,True,True,True,True,True,Eliminacion,1,F:\Cursos\Ciencia de Datos\Modulo 5\CODIGOS\Proyecto Fotnite\VIDEOS\ORIGINAL\Fortnite 2026.09.12 - 19.58.27.11.Eliminación.DVR.mp4
646,True,True,True,True,True,True,Eliminacion,1,F:\Cursos\Ciencia de Datos\Modulo 5\CODIGOS\Proyecto Fotnite\VIDEOS\ORIGINAL\Fortnite 2026.09.12 - 19.58.56.12.Eliminación.DVR.mp4
647,True,True,True,True,True,True,Eliminacion,1,F:\Cursos\Ciencia de Datos\Modulo 5\CODIGOS\Proyecto Fotnite\VIDEOS\ORIGINAL\Fortnite 2026.09.12 - 19.59.48.13.Eliminación.DVR.mp4
648,True,True,True,True,True,True,Eliminacion,1,F:\Cursos\Ciencia de Datos\Modulo 5\CODIGOS\Proyecto Fotnite\VIDEOS\ORIGINAL\Fortnite 2026.09.12 - 20.02.16.14.Eliminación.DVR.mp4
649,True,True,True,True,True,True,Eliminacion,1,F:\Cursos\Ciencia de Datos\Modulo 5\CODIGOS\Proyecto Fotnite\VIDEOS\ORIGINAL\Fortnite 2026.09.12 - 20.03.18.15.Eliminación.DVR.mp4
650,True,True,True,True,True,True,Eliminacion,1,F:\Cursos\Ciencia de Datos\Modulo 5\CODIGOS\Proyecto Fotnite\VIDEOS\ORIGINAL\Fortnite 2026.09.12 - 20.04.48.16.Eliminación.DVR.mp4
651,True,True,True,True,True,True,Victoria,2,F:\Cursos\Ciencia de Datos\Modulo 5\CODIGOS\Proyecto Fotnite\VIDEOS\ORIGINAL\Fortnite 2026.09.12 - 20.04.51.17.Victoria.DVR.mp4
652,True,True,True,True,True,True,Eliminacion,1,F:\Cursos\Ciencia de Datos\Modulo 5\CODIGOS\Proyecto Fotnite\VIDEOS\ORIGINAL\Fortnite 2026.09.12 - 20.11.41.19.Eliminación.DVR.mp4
653,True,True,True,True,True,True,Eliminacion,1,F:\Cursos\Ciencia de Datos\Modulo 5\CODIGOS\Proyecto Fotnite\VIDEOS\ORIGINAL\Fortnite 2026.09.12 - 20.11.48.20.Eliminación.DVR.mp4
654,True,True,True,True,True,True,Eliminacion,1,F:\Cursos\Ciencia de Datos\Modulo 5\CODIGOS\Proyecto Fotnite\VIDEOS\ORIGINAL\Fortnite 2026.09.12 - 20.12.03.21.Eliminación.DVR.mp4
655,True,True,True,True,True,True,Eliminacion,1,F:\Cursos\Ciencia de Datos\Modulo 5\CODIGOS\Proyecto Fotnite\VIDEOS\ORIGINAL\Fortnite 2026.09.12 - 20.12.35.22.Eliminación.DVR.mp4
656,True,True,True,True,True,True,Eliminacion,1,F:\Cursos\Ciencia de Datos\Modulo 5\CODIGOS\Proyecto Fotnite\VIDEOS\ORIGINAL\Fortnite 2026.09.12 - 20.13.14.23.Eliminación.DVR.mp4
657,True,True,True,True,True,True,Eliminacion,1,F:\Cursos\Ciencia de Datos\Modulo 5\CODIGOS\Proyecto Fotnite\VIDEOS\ORIGINAL\Fortnite 2026.09.12 - 20.13.26.24.Eliminación doble.DVR.mp4
658,True,True,True,True,True,True,Eliminacion,1,F:\Cursos\Ciencia de Datos\Modulo 5\CODIGOS\Proyecto Fotnite\VIDEOS\ORIGINAL\Fortnite 2026.09.12 - 20.13.37.25.Eliminación.DVR.mp4
659,True,True,True,True,True,True,Eliminacion,1,F:\Cursos\Ciencia de Datos\Modulo 5\CODIGOS\Proyecto Fotnite\VIDEOS\ORIGINAL\Fortnite 2026.09.12 - 20.14.16.26.Eliminación doble.DVR.mp4
660,True,True,True,True,True,True,Eliminacion,1,F:\Cursos\Ciencia de Datos\Modulo 5\CODIGOS\Proyecto Fotnite\VIDEOS\ORIGINAL\Fortnite 2026.09.12 - 20.16.04.27.Eliminación.DVR.mp4
661,True,True,True,True,True,True,Eliminacion,1,F:\Cursos\Ciencia de Datos\Modulo 5\CODIGOS\Proyecto Fotnite\VIDEOS\ORIGINAL\Fortnite 2026.09.12 - 20.16.31.28.Eliminación.DVR.mp4
662,True,True,True,True,True,True,Eliminacion,1,F:\Cursos\Ciencia de Datos\Modulo 5\CODIGOS\Proyecto Fotnite\VIDEOS\ORIGINAL\Fortnite 2026.09.12 - 20.20.35.29.Eliminación.DVR.mp4
663,True,True,True,True,True,True,Eliminacion,1,F:\Cursos\Ciencia de Datos\Modulo 5\CODIGOS\Proyecto Fotnite\VIDEOS\ORIGINAL\Fortnite 2026.09.12 - 20.23.23.30.Eliminación.DVR.mp4
664,True,True,True,True,True,True,Eliminacion,1,F:\Cursos\Ciencia de Datos\Modulo 5\CODIGOS\Proyecto Fotnite\VIDEOS\ORIGINAL\Fortnite 2026.09.15 - 10.26.47.02.Eliminación.DVR.mp4
665,True,True,True,True,True,True,Eliminado,0,F:\Cursos\Ciencia de Datos\Modulo 5\CODIGOS\Proyecto Fotnite\VIDEOS\ORIGINAL\Fortnite 2026.09.15 - 10.26.52.03.Eliminado.DVR.mp4
666,True,True,True,True,True,True,Eliminacion,1,F:\Cursos\Ciencia de Datos\Modulo 5\CODIGOS\Proyecto Fotnite\VIDEOS\ORIGINAL\Fortnite 2026.09.15 - 10.29.02.04.Eliminación.DVR.mp4
667,True,True,True,True,True,True,Eliminacion,1,F:\Cursos\Ciencia de Datos\Modulo 5\CODIGOS\Proyecto Fotnite\VIDEOS\ORIGINAL\Fortnite 2026.09.15 - 10.29.46.05.Eliminación.DVR.mp4
668,True,True,True,True,True,True,Eliminacion,1,F:\Cursos\Ciencia de Datos\Modulo 5\CODIGOS\Proyecto Fotnite\VIDEOS\ORIGINAL\Fortnite 2026.09.15 - 10.30.13.06.Eliminación.DVR.mp4
669,True,True,True,True,True,True,Eliminacion,1,F:\Cursos\Ciencia de Datos\Modulo 5\CODIGOS\Proyecto Fotnite\VIDEOS\ORIGINAL\Fortnite 2026.09.15 - 10.31.24.07.Eliminación.DVR.mp4
670,True,True,True,True,True,True,Eliminacion,1,F:\Cursos\Ciencia de Datos\Modulo 5\CODIGOS\Proyecto Fotnite\VIDEOS\ORIGINAL\Fortnite 2026.09.15 - 10.31.31.08.Eliminación.DVR.mp4
671,True,True,True,True,True,True,Eliminacion,1,F:\Cursos\Ciencia de Datos\Modulo 5\CODIGOS\Proyecto Fotnite\VIDEOS\ORIGINAL\Fortnite 2026.09.15 - 10.32.08.09.Eliminación.DVR.mp4
672,True,True,True,True,True,True,Eliminacion,1,F:\Cursos\Ciencia de Datos\Modulo 5\CODIGOS\Proyecto Fotnite\VIDEOS\ORIGINAL\Fortnite 2026.09.15 - 10.33.24.10.Eliminación.DVR.mp4
673,True,True,True,True,True,True,Eliminacion,1,F:\Cursos\Ciencia de Datos\Modulo 5\CODIGOS\Proyecto Fotnite\VIDEOS\ORIGINAL\Fortnite 2026.09.15 - 10.33.29.11.Eliminación.DVR.mp4
674,True,True,True,True,True,True,Eliminacion,1,F:\Cursos\Ciencia de Datos\Modulo 5\CODIGOS\Proyecto Fotnite\VIDEOS\ORIGINAL\Fortnite 2026.09.15 - 10.34.46.12.Eliminación.DVR.mp4
675,True,True,True,True,True,True,Eliminacion,1,F:\Cursos\Ciencia de Datos\Modulo 5\CODIGOS\Proyecto Fotnite\VIDEOS\ORIGINAL\Fortnite 2026.09.15 - 10.35.30.13.Eliminación.DVR.mp4
676,True,True,True,True,True,True,Eliminacion,1,F:\Cursos\Ciencia de Datos\Modulo 5\CODIGOS\Proyecto Fotnite\VIDEOS\ORIGINAL\Fortnite 2026.09.15 - 10.36.21.14.Eliminación.DVR.mp4
677,True,True,True,True,True,True,Eliminado,0,F:\Cursos\Ciencia de Datos\Modulo 5\CODIGOS\Proyecto Fotnite\VIDEOS\ORIGINAL\Fortnite 2026.09.15 - 10.40.33.15.Eliminado.DVR.mp4
678,True,True,True,True,True,True,Eliminacion,1,F:\Cursos\Ciencia de Datos\Modulo 5\CODIGOS\Proyecto Fotnite\VIDEOS\ORIGINAL\Fortnite 2026.09.15 - 10.44.26.17.Eliminación.DVR.mp4
679,True,True,True,True,True,True,Eliminacion,1,F:\Cursos\Ciencia de Datos\Modulo 5\CODIGOS\Proyecto Fotnite\VIDEOS\ORIGINAL\Fortnite 2026.09.15 - 10.45.11.18.Eliminación.DVR.mp4
680,True,True,True,True,True,True,Eliminacion,1,F:\Cursos\Ciencia de Datos\Modulo 5\CODIGOS\Proyecto Fotnite\VIDEOS\ORIGINAL\Fortnite 2026.09.15 - 10.46.48.19.Eliminación doble.DVR.mp4
681,True,True,True,True,True,True,Eliminacion,1,F:\Cursos\Ciencia de Datos\Modulo 5\CODIGOS\Proyecto Fotnite\VIDEOS\ORIGINAL\Fortnite 2026.09.15 - 10.46.55.20.Eliminación.DVR.mp4
682,True,True,True,True,True,True,Eliminacion,1,F:\Cursos\Ciencia de Datos\Modulo 5\CODIGOS\Proyecto Fotnite\VIDEOS\ORIGINAL\Fortnite 2026.09.15 - 10.48.50.21.Eliminación.DVR.mp4
683,True,True,True,True,True,True,Eliminacion,1,F:\Cursos\Ciencia de Datos\Modulo 5\CODIGOS\Proyecto Fotnite\VIDEOS\ORIGINAL\Fortnite 2026.09.15 - 10.50.03.22.Eliminación.DVR.mp4
684,True,True,True,True,True,True,Eliminacion,1,F:\Cursos\Ciencia de Datos\Modulo 5\CODIGOS\Proyecto Fotnite\VIDEOS\ORIGINAL\Fortnite 2026.09.15 - 10.50.13.23.Eliminación.DVR.mp4
685,True,True,True,True,True,True,Eliminacion,1,F:\Cursos\Ciencia de Datos\Modulo 5\CODIGOS\Proyecto Fotnite\VIDEOS\ORIGINAL\Fortnite 2026.09.15 - 10.51.06.24.Eliminación.DVR.mp4
686,True,True,True,True,True,True,Eliminacion,1,F:\Cursos\Ciencia de Datos\Modulo 5\CODIGOS\Proyecto Fotnite\VIDEOS\ORIGINAL\Fortnite 2026.09.15 - 10.51.28.25.Eliminación.DVR.mp4
687,True,True,True,True,True,True,Eliminacion,1,F:\Cursos\Ciencia de Datos\Modulo 5\CODIGOS\Proyecto Fotnite\VIDEOS\ORIGINAL\Fortnite 2026.09.15 - 10.52.01.26.Eliminación.DVR.mp4
688,True,True,True,True,True,True,Eliminado,0,F:\Cursos\Ciencia de Datos\Modulo 5\CODIGOS\Proyecto Fotnite\VIDEOS\ORIGINAL\Fortnite 2026.09.15 - 10.52.10.27.Eliminado.DVR.mp4
689,True,True,True,True,True,True,Eliminacion,1,F:\Cursos\Ciencia de Datos\Modulo 5\CODIGOS\Proyecto Fotnite\VIDEOS\ORIGINAL\Fortnite 2026.09.15 - 10.54.17.28.Eliminación.DVR.mp4
690,True,True,True,True,True,True,Eliminado,0,F:\Cursos\Ciencia de Datos\Modulo 5\CODIGOS\Proyecto Fotnite\VIDEOS\ORIGINAL\Fortnite 2026.09.15 - 10.56.21.29.Eliminado.DVR.mp4
691,True,True,True,True,True,True,Eliminacion,1,F:\Cursos\Ciencia de Datos\Modulo 5\CODIGOS\Proyecto Fotnite\VIDEOS\ORIGINAL\Fortnite 2026.09.15 - 11.01.55.31.Eliminación.DVR.mp4
692,True,True,True,True,True,True,Eliminacion,1,F:\Cursos\Ciencia de Datos\Modulo 5\CODIGOS\Proyecto Fotnite\VIDEOS\ORIGINAL\Fortnite 2026.09.15 - 11.02.04.32.Eliminación.DVR.mp4
693,True,True,True,True,True,True,Eliminado,0,F:\Cursos\Ciencia de Datos\Modulo 5\CODIGOS\Proyecto Fotnite\VIDEOS\ORIGINAL\Fortnite 2026.09.15 - 11.02.14.33.Eliminado.DVR.mp4
694,True,True,True,True,True,True,Eliminacion,1,F:\Cursos\Ciencia de Datos\Modulo 5\CODIGOS\Proyecto Fotnite\VIDEOS\ORIGINAL\Fortnite 2026.09.15 - 11.02.53.34.Eliminación.DVR.mp4
695,True,True,True,True,True,True,Eliminacion,1,F:\Cursos\Ciencia de Datos\Modulo 5\CODIGOS\Proyecto Fotnite\VIDEOS\ORIGINAL\Fortnite 2026.09.15 - 11.02.58.35.Eliminación.DVR.mp4
696,True,True,True,True,True,True,Eliminacion,1,F:\Cursos\Ciencia de Datos\Modulo 5\CODIGOS\Proyecto Fotnite\VIDEOS\ORIGINAL\Fortnite 2026.09.15 - 11.03.58.36.Eliminación.DVR.mp4
697,True,True,True,True,True,True,Eliminacion,1,F:\Cursos\Ciencia de Datos\Modulo 5\CODIGOS\Proyecto Fotnite\VIDEOS\ORIGINAL\Fortnite 2026.09.15 - 11.04.10.37.Eliminación.DVR.mp4
698,True,True,True,True,True,True,Eliminado,0,F:\Cursos\Ciencia de Datos\Modulo 5\CODIGOS\Proyecto Fotnite\VIDEOS\ORIGINAL\Fortnite 2026.09.15 - 11.04.24.38.Eliminado.DVR.mp4
699,True,True,True,True,True,True,Eliminacion,1,F:\Cursos\Ciencia de Datos\Modulo 5\CODIGOS\Proyecto Fotnite\VIDEOS\ORIGINAL\Fortnite 2026.09.15 - 11.04.50.39.Eliminación.DVR.mp4
700,True,True,True,True,True,True,Eliminacion,1,F:\Cursos\Ciencia de Datos\Modulo 5\CODIGOS\Proyecto Fotnite\VIDEOS\ORIGINAL\Fortnite 2026.09.15 - 11.04.56.40.Eliminación.DVR.mp4
701,True,True,True,True,True,True,Eliminacion,1,F:\Cursos\Ciencia de Datos\Modulo 5\CODIGOS\Proyecto Fotnite\VIDEOS\ORIGINAL\Fortnite 2026.09.15 - 11.06.41.41.Eliminación.DVR.mp4
702,True,True,True,True,True,True,Eliminacion,1,F:\Cursos\Ciencia de Datos\Modulo 5\CODIGOS\Proyecto Fotnite\VIDEOS\ORIGINAL\Fortnite 2026.09.15 - 11.09.31.42.Eliminación.DVR.mp4
703,True,True,True,True,True,True,Eliminacion,1,F:\Cursos\Ciencia de Datos\Modulo 5\CODIGOS\Proyecto Fotnite\VIDEOS\ORIGINAL\Fortnite 2026.09.15 - 11.10.44.43.Eliminación.DVR.mp4
704,True,True,True,True,True,True,Eliminado,0,F:\Cursos\Ciencia de Datos\Modulo 5\CODIGOS\Proyecto Fotnite\VIDEOS\ORIGINAL\Fortnite 2026.09.15 - 11.13.26.44.Eliminado.DVR.mp4
705,True,True,True,True,True,True,Eliminacion,1,F:\Cursos\Ciencia de Datos\Modulo 5\CODIGOS\Proyecto Fotnite\VIDEOS\ORIGINAL\Fortnite 2026.09.15 - 12.51.45.03.Eliminación.DVR.mp4
706,True,True,True,True,True,True,Eliminacion,1,F:\Cursos\Ciencia de Datos\Modulo 5\CODIGOS\Proyecto Fotnite\VIDEOS\ORIGINAL\Fortnite 2026.09.15 - 12.52.07.04.Eliminación.DVR.mp4
707,True,True,True,True,True,True,Eliminacion,1,F:\Cursos\Ciencia de Datos\Modulo 5\CODIGOS\Proyecto Fotnite\VIDEOS\ORIGINAL\Fortnite 2026.09.15 - 12.52.13.05.Eliminación.DVR.mp4
708,True,True,True,True,True,True,Eliminacion,1,F:\Cursos\Ciencia de Datos\Modulo 5\CODIGOS\Proyecto Fotnite\VIDEOS\ORIGINAL\Fortnite 2026.09.15 - 12.52.24.06.Eliminación.DVR.mp4
709,True,True,True,True,True,True,Eliminacion,1,F:\Cursos\Ciencia de Datos\Modulo 5\CODIGOS\Proyecto Fotnite\VIDEOS\ORIGINAL\Fortnite 2026.09.15 - 12.53.29.07.Eliminación.DVR.mp4
710,True,True,True,True,True,True,Eliminacion,1,F:\Cursos\Ciencia de Datos\Modulo 5\CODIGOS\Proyecto Fotnite\VIDEOS\ORIGINAL\Fortnite 2026.09.15 - 12.54.31.08.Eliminación.DVR.mp4
711,True,True,True,True,True,True,Eliminacion,1,F:\Cursos\Ciencia de Datos\Modulo 5\CODIGOS\Proyecto Fotnite\VIDEOS\ORIGINAL\Fortnite 2026.09.15 - 12.55.07.09.Eliminación.DVR.mp4
712,True,True,True,True,True,True,Eliminado,0,F:\Cursos\Ciencia de Datos\Modulo 5\CODIGOS\Proyecto Fotnite\VIDEOS\ORIGINAL\Fortnite 2026.09.15 - 12.56.08.10.Eliminado.DVR.mp4
713,True,True,True,True,True,True,Eliminacion,1,F:\Cursos\Ciencia de Datos\Modulo 5\CODIGOS\Proyecto Fotnite\VIDEOS\ORIGINAL\Fortnite 2026.09.15 - 12.57.44.11.Eliminación.DVR.mp4
714,True,True,True,True,True,True,Eliminado,0,F:\Cursos\Ciencia de Datos\Modulo 5\CODIGOS\Proyecto Fotnite\VIDEOS\ORIGINAL\Fortnite 2026.09.15 - 13.02.43.12.Eliminado.DVR.mp4
715,True,True,True,True,True,True,Eliminacion,1,F:\Cursos\Ciencia de Datos\Modulo 5\CODIGOS\Proyecto Fotnite\VIDEOS\ORIGINAL\Fortnite 2026.09.15 - 13.05.45.14.Eliminación.DVR.mp4
716,True,True,True,True,True,True,Eliminacion,1,F:\Cursos\Ciencia de Datos\Modulo 5\CODIGOS\Proyecto Fotnite\VIDEOS\ORIGINAL\Fortnite 2026.09.15 - 13.07.36.15.Eliminación doble.DVR.mp4
717,True,True,True,True,True,True,Eliminacion,1,F:\Cursos\Ciencia de Datos\Modulo 5\CODIGOS\Proyecto Fotnite\VIDEOS\ORIGINAL\Fortnite 2026.09.15 - 13.07.47.16.Eliminación.DVR.mp4
718,True,True,True,True,True,True,Eliminacion,1,F:\Cursos\Ciencia de Datos\Modulo 5\CODIGOS\Proyecto Fotnite\VIDEOS\ORIGINAL\Fortnite 2026.09.15 - 13.08.19.17.Eliminación.DVR.mp4
719,True,True,True,True,True,True,Eliminacion,1,F:\Cursos\Ciencia de Datos\Modulo 5\CODIGOS\Proyecto Fotnite\VIDEOS\ORIGINAL\Fortnite 2026.09.15 - 13.10.19.18.Eliminación.DVR.mp4
720,True,True,True,True,True,True,Eliminacion,1,F:\Cursos\Ciencia de Datos\Modulo 5\CODIGOS\Proyecto Fotnite\VIDEOS\ORIGINAL\Fortnite 2026.09.15 - 13.10.47.19.Eliminación.DVR.mp4
721,True,True,True,True,True,True,Eliminado,0,F:\Cursos\Ciencia de Datos\Modulo 5\CODIGOS\Proyecto Fotnite\VIDEOS\ORIGINAL\Fortnite 2026.09.15 - 13.10.49.20.Eliminado.DVR.mp4
722,True,True,True,True,True,True,Eliminado,0,F:\Cursos\Ciencia de Datos\Modulo 5\CODIGOS\Proyecto Fotnite\VIDEOS\ORIGINAL\Fortnite 2026.09.15 - 13.13.50.21.Eliminado.DVR.mp4
723,True,True,True,True,True,True,Eliminado,0,F:\Cursos\Ciencia de Datos\Modulo 5\CODIGOS\Proyecto Fotnite\VIDEOS\ORIGINAL\Fortnite 2026.09.15 - 13.14.11.22.Eliminado.DVR.mp4
724,True,True,True,True,True,True,Eliminacion,1,F:\Cursos\Ciencia de Datos\Modulo 5\CODIGOS\Proyecto Fotnite\VIDEOS\ORIGINAL\Fortnite 2026.09.15 - 13.21.32.24.Eliminación.DVR.mp4
725,True,True,True,True,True,True,Eliminacion,1,F:\Cursos\Ciencia de Datos\Modulo 5\CODIGOS\Proyecto Fotnite\VIDEOS\ORIGINAL\Fortnite 2026.09.15 - 13.22.02.25.Eliminación.DVR.mp4
726,True,True,True,True,True,True,Eliminacion,1,F:\Cursos\Ciencia de Datos\Modulo 5\CODIGOS\Proyecto Fotnite\VIDEOS\ORIGINAL\Fortnite 2026.09.15 - 13.22.13.26.Eliminación.DVR.mp4
727,True,True,True,True,True,True,Eliminacion,1,F:\Cursos\Ciencia de Datos\Modulo 5\CODIGOS\Proyecto Fotnite\VIDEOS\ORIGINAL\Fortnite 2026.09.15 - 13.22.34.27.Eliminación doble.DVR.mp4
728,True,True,True,True,True,True,Eliminacion,1,F:\Cursos\Ciencia de Datos\Modulo 5\CODIGOS\Proyecto Fotnite\VIDEOS\ORIGINAL\Fortnite 2026.09.15 - 13.23.40.28.Eliminación.DVR.mp4
729,True,True,True,True,True,True,Eliminacion,1,F:\Cursos\Ciencia de Datos\Modulo 5\CODIGOS\Proyecto Fotnite\VIDEOS\ORIGINAL\Fortnite 2026.09.15 - 13.24.34.29.Eliminación.DVR.mp4
730,True,True,True,True,True,True,Eliminacion,1,F:\Cursos\Ciencia de Datos\Modulo 5\CODIGOS\Proyecto Fotnite\VIDEOS\ORIGINAL\Fortnite 2026.09.15 - 13.25.02.30.Eliminación.DVR.mp4
731,True,True,True,True,True,True,Eliminacion,1,F:\Cursos\Ciencia de Datos\Modulo 5\CODIGOS\Proyecto Fotnite\VIDEOS\ORIGINAL\Fortnite 2026.09.15 - 13.27.04.31.Eliminación.DVR.mp4
732,True,True,True,True,True,True,Eliminacion,1,F:\Cursos\Ciencia de Datos\Modulo 5\CODIGOS\Proyecto Fotnite\VIDEOS\ORIGINAL\Fortnite 2026.09.15 - 13.27.16.32.Eliminación.DVR.mp4
733,True,True,True,True,True,True,Eliminado,0,F:\Cursos\Ciencia de Datos\Modulo 5\CODIGOS\Proyecto Fotnite\VIDEOS\ORIGINAL\Fortnite 2026.09.15 - 13.29.11.33.Eliminado.DVR.mp4
734,True,True,True,True,True,True,Eliminacion,1,F:\Cursos\Ciencia de Datos\Modulo 5\CODIGOS\Proyecto Fotnite\VIDEOS\ORIGINAL\Fortnite 2026.09.15 - 13.29.55.34.Eliminación.DVR.mp4
735,True,True,True,True,True,True,Eliminado,0,F:\Cursos\Ciencia de Datos\Modulo 5\CODIGOS\Proyecto Fotnite\VIDEOS\ORIGINAL\Fortnite 2026.09.15 - 13.31.50.35.Eliminado.DVR.mp4
736,True,True,True,True,True,True,Eliminado,0,F:\Cursos\Ciencia de Datos\Modulo 5\CODIGOS\Proyecto Fotnite\VIDEOS\ORIGINAL\Fortnite 2026.09.15 - 13.37.39.37.Eliminado.DVR.mp4
737,True,True,True,True,True,True,Eliminado,0,F:\Cursos\Ciencia de Datos\Modulo 5\CODIGOS\Proyecto Fotnite\VIDEOS\ORIGINAL\Fortnite 2026.09.15 - 13.39.34.38.Eliminado.DVR.mp4
738,True,True,True,True,True,True,Eliminado,0,F:\Cursos\Ciencia de Datos\Modulo 5\CODIGOS\Proyecto Fotnite\VIDEOS\ORIGINAL\Fortnite 2026.09.15 - 13.40.01.39.Eliminado.DVR.mp4
739,True,True,True,True,True,True,Eliminado,0,F:\Cursos\Ciencia de Datos\Modulo 5\CODIGOS\Proyecto Fotnite\VIDEOS\ORIGINAL\Fortnite 2026.09.15 - 21.37.04.12.Eliminado.DVR.mp4
740,True,True,True,True,True,True,Eliminado,0,F:\Cursos\Ciencia de Datos\Modulo 5\CODIGOS\Proyecto Fotnite\VIDEOS\ORIGINAL\Fortnite 2026.09.15 - 21.37.43.13.Eliminado.DVR.mp4
741,True,True,True,True,True,True,Eliminacion,1,F:\Cursos\Ciencia de Datos\Modulo 5\CODIGOS\Proyecto Fotnite\VIDEOS\ORIGINAL\Fortnite 2026.09.15 - 21.44.33.14.Eliminación.DVR.mp4
742,True,True,True,True,True,True,Eliminado,0,F:\Cursos\Ciencia de Datos\Modulo 5\CODIGOS\Proyecto Fotnite\VIDEOS\ORIGINAL\Fortnite 2026.09.15 - 21.47.26.15.Eliminado.DVR.mp4
743,True,True,True,True,True,True,Eliminacion,1,F:\Cursos\Ciencia de Datos\Modulo 5\CODIGOS\Proyecto Fotnite\VIDEOS\ORIGINAL\Fortnite 2026.09.15 - 21.50.51.17.Eliminación.DVR.mp4
744,True,True,True,True,True,True,Eliminacion,1,F:\Cursos\Ciencia de Datos\Modulo 5\CODIGOS\Proyecto Fotnite\VIDEOS\ORIGINAL\Fortnite 2026.09.15 - 21.51.08.18.Eliminación.DVR.mp4
745,True,True,True,True,True,True,Eliminacion,1,F:\Cursos\Ciencia de Datos\Modulo 5\CODIGOS\Proyecto Fotnite\VIDEOS\ORIGINAL\Fortnite 2026.09.15 - 21.52.39.19.Eliminación.DVR.mp4
746,True,True,True,True,True,True,Eliminacion,1,F:\Cursos\Ciencia de Datos\Modulo 5\CODIGOS\Proyecto Fotnite\VIDEOS\ORIGINAL\Fortnite 2026.09.15 - 21.53.32.20.Eliminación.DVR.mp4
747,True,True,True,True,True,True,Eliminacion,1,F:\Cursos\Ciencia de Datos\Modulo 5\CODIGOS\Proyecto Fotnite\VIDEOS\ORIGINAL\Fortnite 2026.09.15 - 21.55.18.21.Eliminación.DVR.mp4
748,True,True,True,True,True,True,Eliminacion,1,F:\Cursos\Ciencia de Datos\Modulo 5\CODIGOS\Proyecto Fotnite\VIDEOS\ORIGINAL\Fortnite 2026.09.15 - 21.56.51.22.Eliminación.DVR.mp4
749,True,True,True,True,True,True,Eliminacion,1,F:\Cursos\Ciencia de Datos\Modulo 5\CODIGOS\Proyecto Fotnite\VIDEOS\ORIGINAL\Fortnite 2026.09.15 - 21.58.00.23.Eliminación.DVR.mp4
750,True,True,True,True,True,True,Eliminacion,1,F:\Cursos\Ciencia de Datos\Modulo 5\CODIGOS\Proyecto Fotnite\VIDEOS\ORIGINAL\Fortnite 2026.09.15 - 21.59.31.24.Eliminación.DVR.mp4
751,True,True,True,True,True,True,Eliminado,0,F:\Cursos\Ciencia de Datos\Modulo 5\CODIGOS\Proyecto Fotnite\VIDEOS\ORIGINAL\Fortnite 2026.09.15 - 22.00.39.25.Eliminado.DVR.mp4
